{
  "type" : "FeatureCollection",
  "features" : [{"type":"Feature","id":0,"geometry":{"type":"MultiPolygon","coordinates":[[[[-64.134204655413768,-18.489663811810296],[-64.134204536485157,-18.489645739014843],[-64.134223478138651,-18.489645625540632],[-64.134223359208193,-18.489627552745262],[-64.134242300859555,-18.489627439269267],[-64.134241349404903,-18.48948285690604],[-64.134222407769414,-18.489482970381076],[-64.134221932053322,-18.489410679198141],[-64.134240873680866,-18.489410565723574],[-64.134240397959033,-18.489338274540543],[-64.134259339578492,-18.489338161064563],[-64.134259220646399,-18.489320088268837],[-64.134278162263712,-18.48931997479108],[-64.134278043329758,-18.489301901995425],[-64.134296984944996,-18.489301788515892],[-64.134296628138017,-18.48924757012912],[-64.13431556974713,-18.489247456648044],[-64.134315450809751,-18.4892293838525],[-64.13433439241679,-18.489229270369648],[-64.134334273477563,-18.489211197574182],[-64.134353215082456,-18.489211084089558],[-64.134352620378493,-18.489120720112311],[-64.134371561973296,-18.489120606626386],[-64.134371443030929,-18.48910253383097],[-64.134352501438102,-18.489102647316773],[-64.134351906738246,-18.489012283338475],[-64.13433296515521,-18.489012396821792],[-64.134332846217617,-18.488994324025899],[-64.1343139046364,-18.488994437507202],[-64.134313666765635,-18.488958291915083],[-64.134351549919984,-18.488958064951056],[-64.134351430980843,-18.488939992155203],[-64.134446138854301,-18.48893942471258],[-64.134446019905383,-18.488921351917259],[-64.134464961477676,-18.48892123842317],[-64.134464842526896,-18.488903165627939],[-64.134483784097071,-18.488903052132081],[-64.134483665144444,-18.488884979336923],[-64.134502606712516,-18.488884865839285],[-64.134502487758027,-18.488866793044238],[-64.134521429323954,-18.488866679544824],[-64.134521310367631,-18.488848606749848],[-64.13454025193144,-18.488848493248657],[-64.134540132973271,-18.488830420453752],[-64.134596957657934,-18.488830079939181],[-64.134596838693952,-18.488812007144606],[-64.134672604930302,-18.488811553099129],[-64.134672485958504,-18.488793480304988],[-64.134710369071854,-18.488793253271126],[-64.134710250096234,-18.488775180477209],[-64.134748133205122,-18.488774953436007],[-64.13474801422565,-18.488756880642274],[-64.134766955777906,-18.488756767118954],[-64.134766717815424,-18.488720621531609],[-64.134804600911551,-18.488720394479753],[-64.134804362941679,-18.488684248892778],[-64.134823304485579,-18.488684135364245],[-64.134823185498846,-18.488666062570807],[-64.134842127040613,-18.488665949040499],[-64.134842008052061,-18.488647876247153],[-64.134879891131206,-18.4886476491811],[-64.134879772138802,-18.488629576387947],[-64.134898713676193,-18.488629462852199],[-64.134898594681957,-18.488611390059152],[-64.134936477752362,-18.488611162982206],[-64.134936358754288,-18.488593090189347],[-64.13495530028726,-18.488592976648153],[-64.134955181287353,-18.488574903855373],[-64.135012005879602,-18.48857456322078],[-64.135011886873855,-18.488556490428326],[-64.135106594514909,-18.48855592266672],[-64.135106475499384,-18.488537849874817],[-64.13514435855086,-18.488537622757153],[-64.135144239531499,-18.488519549965474],[-64.135163181055063,-18.488519436403919],[-64.135162943012787,-18.488483290820664],[-64.13518188453223,-18.488483177257454],[-64.135181765509301,-18.488465104465881],[-64.135200707026641,-18.488464990900894],[-64.135200588001879,-18.488446918109435],[-64.135238471032139,-18.488446690974019],[-64.135238352003526,-18.488428618182752],[-64.135276235029295,-18.488428391039996],[-64.135276115996859,-18.488410318248913],[-64.135295057507548,-18.488410204674814],[-64.135295176541973,-18.488428277465779],[-64.13537094259128,-18.488427823149966],[-64.135370823548911,-18.48840975035948],[-64.135427648078505,-18.488409409603094],[-64.135428005223844,-18.488463627973339],[-64.135446946739393,-18.488463514383731],[-64.135447065790103,-18.488481587173641],[-64.135503890341852,-18.4884812463931],[-64.135503771285187,-18.488463173603545],[-64.135655303401293,-18.488462264773048],[-64.135655184328883,-18.488444191984442],[-64.135749891887031,-18.488443623904416],[-64.135750010969375,-18.488461696692433],[-64.135768952482607,-18.488461583070627],[-64.135769071567054,-18.488479655858516],[-64.135788013082092,-18.488479542234696],[-64.135806954597044,-18.488479428608983],[-64.135807073685598,-18.488497501396587],[-64.135844956718984,-18.488497274139242],[-64.13584483762645,-18.488479201351879],[-64.135863779140976,-18.488479087720485],[-64.135863660046596,-18.48846101493319],[-64.135882601558976,-18.488460901300023],[-64.135882482462748,-18.488442828512838],[-64.135901423973024,-18.488442714877895],[-64.135901543071228,-18.488460787664959],[-64.135920484583323,-18.488460674028001],[-64.135920603683658,-18.488478746814938],[-64.135939545197616,-18.488478633175969],[-64.135958486711445,-18.488478519535104],[-64.135958605815887,-18.488496592321756],[-64.135977547331549,-18.488496478678876],[-64.135977666438123,-18.488514551465382],[-64.136015549473001,-18.488514324173707],[-64.13601483481186,-18.488405887455613],[-64.136128483841787,-18.488405205539415],[-64.136128602963552,-18.488423278325151],[-64.136261193506115,-18.488422482669243],[-64.136261074370466,-18.488404409884343],[-64.136280015873993,-18.488404296211755],[-64.136279896736497,-18.48838622342695],[-64.136355662741352,-18.488385768718139],[-64.136355543596068,-18.488367695933768],[-64.136393426593685,-18.488367468568235],[-64.13639330744455,-18.488349395784088],[-64.13643119043769,-18.488349168411219],[-64.136431071284719,-18.488331095627252],[-64.136487895767416,-18.488330754554099],[-64.136487776608632,-18.488312681770459],[-64.136563542575701,-18.488312226980216],[-64.136563423409115,-18.48829415419701],[-64.136620247877005,-18.488293813084802],[-64.136620128704607,-18.488275740301926],[-64.13669589465195,-18.488275285459604],[-64.136695537111763,-18.4882210671122],[-64.136714478592268,-18.488220953397239],[-64.13671435941049,-18.488202880614807],[-64.136733300888906,-18.488202766898077],[-64.136733181705296,-18.488184694115755],[-64.13675212318158,-18.488184580397245],[-64.136751884810764,-18.488148434832691],[-64.136770826282955,-18.488148321112529],[-64.136770707095764,-18.488130248330322],[-64.136789648565809,-18.488130134608383],[-64.136789529376799,-18.488112061826254],[-64.136808470844741,-18.488111948102535],[-64.136808351653855,-18.488093875320516],[-64.136846234585363,-18.488093647867643],[-64.136846115390654,-18.488075575085798],[-64.136865056854177,-18.488075461356644],[-64.136864937657634,-18.488057388574891],[-64.136883879119068,-18.488057274843957],[-64.136883759920664,-18.488039202062279],[-64.136902701379981,-18.488039088329572],[-64.136902582179729,-18.488021015548004],[-64.136940465093971,-18.488020788077144],[-64.136940345889897,-18.488002715295764],[-64.136959287344808,-18.488002601557611],[-64.136959168138873,-18.487984528776305],[-64.136978109591681,-18.487984415036379],[-64.136977990383897,-18.487966342255163],[-64.136996931834588,-18.487966228513461],[-64.136996812624957,-18.487948155732322],[-64.137034695521962,-18.487947928243475],[-64.137034576308494,-18.487929855462564],[-64.137053517754794,-18.487929741715419],[-64.137053398539493,-18.487911668934569],[-64.137091281427715,-18.487911441434836],[-64.137091162208577,-18.487893368654191],[-64.137147986533918,-18.48789302739074],[-64.137147867308968,-18.487874954610419],[-64.137185750187882,-18.487874727092219],[-64.137185630959095,-18.487856654312104],[-64.137261396707302,-18.487856199253457],[-64.137261277470714,-18.487838126473793],[-64.13728021890546,-18.487838012704518],[-64.137280099667024,-18.487819939924918],[-64.137299041099638,-18.487819826153864],[-64.13729892185934,-18.487801753374356],[-64.137336804720178,-18.487801525826807],[-64.137336685476043,-18.487783453047495],[-64.137374568332376,-18.48778322549261],[-64.137374449084419,-18.487765152713528],[-64.137412331936204,-18.487764925151303],[-64.13741221268441,-18.487746852372403],[-64.137431154108128,-18.487746738588569],[-64.137431034854487,-18.487728665809747],[-64.137449976276088,-18.487728552024137],[-64.137449857020599,-18.487710479245404],[-64.137544564116538,-18.487709910289549],[-64.137544444851272,-18.487691837511367],[-64.137563386268027,-18.48769172371464],[-64.137563267000928,-18.487673650936568],[-64.137582208415594,-18.487673537138058],[-64.137582089146633,-18.487655464360049],[-64.137638913383867,-18.487655122953512],[-64.137638794109094,-18.487637050175831],[-64.137733501158451,-18.487636481127659],[-64.137733381873886,-18.487618408350531],[-64.137771264688681,-18.487618180718247],[-64.137771145400279,-18.487600107941347],[-64.137790086805495,-18.48759999412248],[-64.137789967515261,-18.487581921345644],[-64.137808908918359,-18.487581807525004],[-64.137809028210583,-18.487599880301719],[-64.1378279696155,-18.487599766479065],[-64.137827850321287,-18.48758169370247],[-64.137884674529332,-18.487581352223504],[-64.137884555229306,-18.487563279447222],[-64.137903496629718,-18.487563165617232],[-64.137903377327831,-18.487545092841039],[-64.13792231872614,-18.487544979009275],[-64.13792219942242,-18.48752690623316],[-64.137941140818597,-18.48752679239962],[-64.137941021513029,-18.487508719623616],[-64.137978904300994,-18.48750849195109],[-64.137978784991589,-18.487490419175266],[-64.13801666777502,-18.487490191495404],[-64.138016548461778,-18.487472118719786],[-64.138054431240718,-18.487471891032587],[-64.138054550557925,-18.48748996380797],[-64.138073491949172,-18.487489849961406],[-64.138073372629975,-18.487471777186148],[-64.138149138185625,-18.487471321781449],[-64.138149018858627,-18.487453249006624],[-64.138186901631656,-18.487453021293149],[-64.138186782300821,-18.487434948518537],[-64.138224665069345,-18.487434720797726],[-64.138224545734687,-18.487416648023327],[-64.138243487116753,-18.487416534160204],[-64.138243367780248,-18.487398461385865],[-64.138262309160169,-18.487398347520962],[-64.13826218982183,-18.487380274746716],[-64.138300072577309,-18.48738004701147],[-64.138299953235133,-18.487361974237423],[-64.138337835986121,-18.487361746494837],[-64.138337955332275,-18.487379819268646],[-64.138394779463681,-18.487379477640207],[-64.138394660111572,-18.487361404866753],[-64.138432542861153,-18.487361177105232],[-64.138432423505222,-18.487343104332005],[-64.138470306250312,-18.487342876563147],[-64.13847018689053,-18.487324803790109],[-64.13856489374092,-18.487324234335407],[-64.13856477437136,-18.487306161562923],[-64.138621598473961,-18.487305819867736],[-64.138621479098603,-18.487287747095571],[-64.138678303194041,-18.487287405383693],[-64.138678183812843,-18.487269332611859],[-64.138697125175696,-18.487269218704231],[-64.13869700579265,-18.487251145932504],[-64.138715947153429,-18.487251032023099],[-64.13871606653845,-18.487269104794709],[-64.138735007901047,-18.487268990883297],[-64.138735127288186,-18.487287063654772],[-64.138754068652673,-18.487286949741343],[-64.138754307431341,-18.487323095283969],[-64.138792190167763,-18.487322867450953],[-64.138792070774386,-18.487304794679897],[-64.138829953506317,-18.487304566839544],[-64.138830072903659,-18.487322639610365],[-64.138849014271401,-18.487322525687226],[-64.138849253070475,-18.487358671228485],[-64.138868194442026,-18.487358557303214],[-64.138887135813462,-18.487358443376053],[-64.13888725521717,-18.487376516146405],[-64.13890619659044,-18.48737640221723],[-64.138906435402248,-18.487412547757586],[-64.138925376779369,-18.487412433826282],[-64.138925615595682,-18.48744857936623],[-64.138944556976639,-18.487448465432792],[-64.138944676386984,-18.487466538202611],[-64.138963617769761,-18.487466424267158],[-64.13898255915241,-18.487466310329811],[-64.138982678566876,-18.48748438309935],[-64.139001619951372,-18.487484269159992],[-64.139020561335741,-18.487484155218738],[-64.139020800173014,-18.487520300757225],[-64.139039741561191,-18.487520186813835],[-64.139058682949255,-18.487520072868556],[-64.139058802372062,-18.487538145637519],[-64.139077743761973,-18.487538031690224],[-64.139115626541368,-18.487537803789959],[-64.139115745970273,-18.48755587655852],[-64.139153628753064,-18.487555648650442],[-64.139153389887454,-18.487519503113749],[-64.139210214048731,-18.487519161238136],[-64.139210333487426,-18.487537234006147],[-64.139286099041797,-18.487536778145007],[-64.139285979595158,-18.487518705377475],[-64.139361745139382,-18.487518249486513],[-64.139361625684941,-18.487500176719443],[-64.139399508452257,-18.487499948762835],[-64.139399388993979,-18.48748187599595],[-64.139626685562504,-18.487480508098649],[-64.139626566080551,-18.487462435333168],[-64.139702331591053,-18.487461979307273],[-64.139702212101298,-18.487443906542225],[-64.139815860350978,-18.487443222447283],[-64.13981609935442,-18.487479367975908],[-64.139797157975877,-18.487479481996704],[-64.139797277475822,-18.487497554761088],[-64.139778336095091,-18.487497668780112],[-64.139778575091441,-18.487533814308986],[-64.139759633706646,-18.48753392832635],[-64.139759872699571,-18.487570073855341],[-64.139740931310655,-18.487570187871054],[-64.139741050805341,-18.487588260635608],[-64.139722109414308,-18.487588374649548],[-64.139722467893236,-18.487642592943356],[-64.139741409290195,-18.487642478929061],[-64.139741767776314,-18.487696697222201],[-64.139760709179129,-18.487696583205658],[-64.139760828676756,-18.487714655969846],[-64.13977977008139,-18.487714541951288],[-64.139779889581135,-18.48773261471533],[-64.139798830987672,-18.487732500694758],[-64.139817772394025,-18.487732386672292],[-64.139817891897877,-18.487750459436057],[-64.139893657529896,-18.487750003326774],[-64.1398935380181,-18.487731930563484],[-64.139931420829299,-18.487731702497719],[-64.139931301313666,-18.487713629734628],[-64.139969184120361,-18.487713401661527],[-64.139969064600891,-18.487695328898646],[-64.140025888803933,-18.487694986775146],[-64.140025769278651,-18.487676914012578],[-64.140063652076023,-18.487676685921013],[-64.140063532546904,-18.487658613158679],[-64.140101415339757,-18.487658385059778],[-64.140101534872841,-18.48767645782187],[-64.140120476271036,-18.487676343769458],[-64.140120595806238,-18.487694416531429],[-64.140139537206295,-18.487694302477006],[-64.140139656743628,-18.487712375238811],[-64.140158598145518,-18.487712261182374],[-64.140158717684983,-18.487730333944029],[-64.14027236610535,-18.487729649564912],[-64.140272246553991,-18.487711576803971],[-64.140291187954929,-18.487711462734275],[-64.140291068401723,-18.487693389973423],[-64.140328951199209,-18.487693161828592],[-64.14032907075638,-18.487711234589206],[-64.140366953557262,-18.487711006436559],[-64.140366833996111,-18.487692933676183],[-64.140385775394378,-18.487692819597136],[-64.140385894957518,-18.487710892357391],[-64.140404836357632,-18.48771077827633],[-64.14040507548826,-18.487746923796504],[-64.140424016892212,-18.487746809713311],[-64.14042437559516,-18.487801027992926],[-64.140405434185269,-18.487801142076474],[-64.140405673317289,-18.487837287596278],[-64.140386731903291,-18.487837401678171],[-64.140386851467525,-18.487855474438142],[-64.140405792883513,-18.487855360356129],[-64.140406032016372,-18.487891505875737],[-64.140424973436197,-18.487891391791592],[-64.140425093004808,-18.487909464551226],[-64.140444034426451,-18.487909350465063],[-64.140444153997194,-18.487927423224516],[-64.140463095420699,-18.487927309136346],[-64.140463214993559,-18.487945381895674],[-64.140482156418926,-18.487945267805486],[-64.140482395569038,-18.487981413323787],[-64.140501336998227,-18.487981299231471],[-64.140501456575464,-18.487999371990441],[-64.140520398006501,-18.48799925789611],[-64.140520637165366,-18.488035403413708],[-64.14053957860024,-18.488035289317239],[-64.140539698181868,-18.488053362075867],[-64.14055863961859,-18.48805324797739],[-64.140558759202349,-18.488071320735873],[-64.140577700640904,-18.488071206635382],[-64.140578059398948,-18.48812542491023],[-64.140597000843329,-18.488125310807483],[-64.140597120431593,-18.488143383565589],[-64.140616061877793,-18.488143269460835],[-64.140635003323908,-18.488143155354184],[-64.140635122916279,-18.488161228112002],[-64.140654064364199,-18.488161114003336],[-64.140654662338108,-18.488251477791305],[-64.140673603795847,-18.488251363680149],[-64.140673723393022,-18.48826943643752],[-64.140692664852594,-18.488269322324353],[-64.14071160631201,-18.488269208209289],[-64.140712084717975,-18.488341499237471],[-64.140731026185222,-18.488341385120034],[-64.140731265393001,-18.488377530633681],[-64.140693382450479,-18.488377758867134],[-64.140693741251283,-18.488431977138035],[-64.140712682728548,-18.488431863021898],[-64.14071280233108,-18.488449935778689],[-64.140731743810221,-18.488449821660542],[-64.140731983019663,-18.488485967173762],[-64.14075092450264,-18.488485853053479],[-64.140751044109564,-18.488503925809901],[-64.140769985594375,-18.488503811687604],[-64.140770224812584,-18.488539957200139],[-64.140789166301218,-18.48853984307571],[-64.140789285912504,-18.488557915831809],[-64.140808227403014,-18.488557801705369],[-64.140808347016431,-18.488575874461304],[-64.140846230001003,-18.488575646202495],[-64.140926065077139,-18.488679459973422],[-64.140981213097191,-18.488936302326859],[-64.141000154628003,-18.488936188178968],[-64.141005418749714,-18.489731389321836],[-64.141024360367737,-18.489731275166797],[-64.14102448001195,-18.489749347919112],[-64.141035006668687,-18.489778884183703],[-64.141058255161113,-18.489808857192575],[-64.1410582791042,-18.489866038149156],[-64.141050652565156,-18.489892475391027],[-64.141044498453851,-18.489911888530418],[-64.141037729386042,-18.489922328051833],[-64.141025676461723,-18.489930075440537],[-64.141025796107471,-18.489948148192486],[-64.140987892338075,-18.489959941612074],[-64.140969330101711,-18.490002708912922],[-64.140956001480959,-18.490010805055963],[-64.140944604994104,-18.490037725169067],[-64.140945605484305,-18.490086008410668],[-64.140962442015365,-18.490126617183069],[-64.140972346899915,-18.490148644959802],[-64.14097040686967,-18.490165363681143],[-64.140975479246706,-18.490176127146579],[-64.140989468179157,-18.490183322278767],[-64.140989707466687,-18.490219467782126],[-64.141008649138442,-18.490219353625758],[-64.141008768784403,-18.490237426377259],[-64.141027710458005,-18.490237312218873],[-64.141027830106083,-18.490255384970212],[-64.141046771781518,-18.490255270809811],[-64.141047011082065,-18.490291416312175],[-64.141065952761309,-18.490291302149643],[-64.141066072413764,-18.490309374900658],[-64.141085014094912,-18.490309260736115],[-64.141085133749513,-18.490327333486942],[-64.141104075432466,-18.490327219320385],[-64.141104314746045,-18.490363364821754],[-64.14109821716049,-18.490381475045648],[-64.141094102826969,-18.490402783205283],[-64.141085851679932,-18.490435769991318],[-64.1410669099849,-18.490435884156696],[-64.14106702963845,-18.49045395690742],[-64.141048087941357,-18.490454071071028],[-64.141048446896946,-18.490508289323337],[-64.141010563490326,-18.49050851764558],[-64.141010922435228,-18.490562735898315],[-64.140991980725772,-18.490562850056953],[-64.140992100372358,-18.490580922807894],[-64.140973158660771,-18.490581036964755],[-64.140973637240577,-18.490653327968701],[-64.140954695520932,-18.490653442124149],[-64.140954815164235,-18.490671514875164],[-64.140935873442444,-18.490671629028839],[-64.140935993083914,-18.490689701779949],[-64.140917051359992,-18.490689815931848],[-64.140917290639365,-18.49072596143419],[-64.140898348911364,-18.490726075584433],[-64.140898468549253,-18.490744148335654],[-64.140879526819106,-18.490744262484125],[-64.140879766091373,-18.490780407986733],[-64.140860824357134,-18.490780522133544],[-64.140860943991484,-18.490798594884922],[-64.140842002255113,-18.49079870902996],[-64.140842361153034,-18.490852927284202],[-64.140861302895374,-18.490852813138808],[-64.140861422530278,-18.490870885890036],[-64.140842480785949,-18.490871000035551],[-64.140842720052206,-18.490907145538134],[-64.140823778303783,-18.49090725968199],[-64.140824017566615,-18.490943405184687],[-64.140805075814072,-18.490943519326891],[-64.140805195443718,-18.49096159207831],[-64.140786253689072,-18.490961706218737],[-64.140786492944784,-18.490997851721673],[-64.14076755118603,-18.490997965860448],[-64.140767790438332,-18.491034111363508],[-64.140748848675443,-18.491034225500627],[-64.140748968299818,-18.491052298252225],[-64.140730026534825,-18.491052412387571],[-64.140730265780007,-18.491088557890869],[-64.140711324010923,-18.491088672024556],[-64.14071144363173,-18.491106744776292],[-64.140692501860499,-18.491106858908207],[-64.140692621479459,-18.491124931660014],[-64.140673679706097,-18.491125045790156],[-64.140673918940465,-18.491161191293898],[-64.140654977163024,-18.491161305422381],[-64.140655096778431,-18.491179378174333],[-64.14063615499883,-18.49117949230104],[-64.140636394226092,-18.491215637805066],[-64.140617452442442,-18.49121575193012],[-64.140617572054282,-18.491233824682194],[-64.140598630268471,-18.491233938805472],[-64.140598989098905,-18.491288157061838],[-64.14061793089067,-18.491288042938201],[-64.140618050503079,-18.491306115690143],[-64.140636992296663,-18.491306001564496],[-64.14063711191119,-18.49132407431626],[-64.14061817011563,-18.491324188442029],[-64.140618768180403,-18.491414552201],[-64.140637709985896,-18.491414438074631],[-64.140638068832388,-18.49146865632925],[-64.14061912702094,-18.491468770455974],[-64.140619246634728,-18.491486843207539],[-64.14060030482112,-18.491486957332491],[-64.140600551347262,-18.491524206151336],[-64.14059017422916,-18.491557616419026],[-64.140582064983079,-18.49159313785858],[-64.140587260132449,-18.491631691957178],[-64.140599878411038,-18.491652187593512],[-64.140620442780161,-18.491667570721429],[-64.140645417038442,-18.491674433772296],[-64.140661768332549,-18.491680290205139],[-64.140686327971267,-18.491694014559897],[-64.140709879782108,-18.491716203726],[-64.140745209843956,-18.491743143398519],[-64.14079424465794,-18.491784612954639],[-64.14082098711232,-18.491806655997195],[-64.140868219757138,-18.491826989538733],[-64.140916599055871,-18.491853131542008],[-64.14095858149534,-18.491917376421409],[-64.140970794815047,-18.49197110040506],[-64.140972073825026,-18.492027163999268],[-64.140971855187615,-18.492053663083663],[-64.140963005537856,-18.49208009593659],[-64.140952468130493,-18.492095385179773],[-64.140945445195612,-18.492117449005733],[-64.140951786968245,-18.493075304616323],[-64.140970728954102,-18.493075190446763],[-64.140970848615893,-18.493093263193071],[-64.14098979060357,-18.493093149021501],[-64.140990149595751,-18.493147367259823],[-64.140971207602121,-18.493147481431752],[-64.140971327264467,-18.493165554177921],[-64.140990269260087,-18.493165440005871],[-64.141047095246165,-18.493165097478357],[-64.141047214916597,-18.493183170224004],[-64.141066156913681,-18.493183056044256],[-64.141085098910565,-18.493182941862617],[-64.141085816959858,-18.493291378334327],[-64.141104758968595,-18.493291264150074],[-64.141104878645947,-18.493309336895098],[-64.141123820656503,-18.493309222708834],[-64.141124060015599,-18.493345368198579],[-64.141143002029992,-18.49334525401018],[-64.141143361075606,-18.493399472244157],[-64.141162303095825,-18.493399358053502],[-64.141162422779956,-18.493417430797983],[-64.141181364801994,-18.493417316605317],[-64.141200306823919,-18.493417202410757],[-64.141200426512157,-18.493435275154955],[-64.141219368535928,-18.493435160958384],[-64.141219488226284,-18.493453233702432],[-64.141238430251903,-18.493453119503844],[-64.141238549944404,-18.493471192247732],[-64.141257491971842,-18.493471078047129],[-64.141257611666447,-18.493489150790843],[-64.141276553695761,-18.49348903658823],[-64.141276912786395,-18.493543254818874],[-64.141295854821507,-18.493543140614008],[-64.141296094219925,-18.493579286100672],[-64.141315036258902,-18.493579171893668],[-64.14131551506533,-18.493651462866104],[-64.14133445711208,-18.49365134865673],[-64.141334576816021,-18.493669421399641],[-64.141353518864634,-18.493669307188252],[-64.141354476516995,-18.493813889129246],[-64.141373418581352,-18.493813774915008],[-64.141373538290509,-18.493831847657365],[-64.141392480356714,-18.493831733441112],[-64.141411422422792,-18.493831619222963],[-64.141411542136041,-18.493849691965035],[-64.141430484203937,-18.493849577744875],[-64.141430843350506,-18.493903795970514],[-64.141449785424243,-18.493903681748101],[-64.141450264296211,-18.493975972714665],[-64.141469206377764,-18.493975858489875],[-64.141469445818544,-18.494012003972717],[-64.141488387903905,-18.494011889745796],[-64.141488507626491,-18.494029962487048],[-64.141507449713714,-18.494029848258108],[-64.141507689163276,-18.494065993740239],[-64.141526631254294,-18.494065879509169],[-64.141526870708375,-18.494102024990941],[-64.141545812803258,-18.494101910757738],[-64.141545932532495,-18.494119983498454],[-64.141564874629239,-18.494119869263237],[-64.141565114092074,-18.494156014744302],[-64.141546171991365,-18.494156128979757],[-64.141546052261873,-18.494138056239112],[-64.141527110162997,-18.494138170472556],[-64.141526990435622,-18.494120097731777],[-64.141508048338608,-18.494120211963203],[-64.14150792861335,-18.494102139222246],[-64.141488986518198,-18.494102253451658],[-64.141488866795072,-18.494084180710558],[-64.141469924701752,-18.494084294937959],[-64.141469804980744,-18.494066222196693],[-64.141450862889272,-18.494066336422076],[-64.141450743170381,-18.494048263680682],[-64.141431801080756,-18.494048377904051],[-64.141431681363997,-18.494030305162482],[-64.141393797188343,-18.494030533603304],[-64.141374855100281,-18.494030647820871],[-64.141374735389618,-18.494012575078905],[-64.141166372433844,-18.494013831345789],[-64.141147430346123,-18.494013945540505],[-64.14114731065942,-18.493995872797079],[-64.141128368573561,-18.493995986989777],[-64.14112824888899,-18.493977914246184],[-64.14110930680495,-18.493978028436867],[-64.141090364720782,-18.493978142625657],[-64.141090245040303,-18.493960069881815],[-64.141071302958011,-18.493960184068591],[-64.141071183279664,-18.493942111324571],[-64.141052241199219,-18.493942225509336],[-64.141052001846916,-18.493906080020956],[-64.14103305977028,-18.493906194203586],[-64.141032940096324,-18.493888121459229],[-64.141013998021521,-18.493888235639844],[-64.141013878349696,-18.493870162895352],[-64.140994936276755,-18.493870277073952],[-64.140994696937454,-18.493834131584574],[-64.14097575486835,-18.493834245761043],[-64.140975635200888,-18.493816173016178],[-64.14095669313366,-18.493816287190633],[-64.14095657346833,-18.49379821444564],[-64.14093763140292,-18.493798328618077],[-64.140937392076651,-18.493762183127703],[-64.140918450015079,-18.493762297298009],[-64.140918330354125,-18.493744224552657],[-64.140880446234561,-18.493744452887345],[-64.140880565891521,-18.493762525632935],[-64.140861623829522,-18.493762639797559],[-64.140861743484649,-18.493780712543245],[-64.140823859356303,-18.493780940867044],[-64.140823739705141,-18.49376286812112],[-64.14080479764273,-18.49376298228006],[-64.140785855580219,-18.493763096437103],[-64.140785735933164,-18.493745023690913],[-64.140766793872473,-18.493745137845941],[-64.140747851811639,-18.49374525199908],[-64.140747732168705,-18.493727179252602],[-64.140709848050591,-18.493727407552953],[-64.140690905991335,-18.493727521700286],[-64.140690786354497,-18.493709448953442],[-64.140671844297103,-18.493709563098761],[-64.140671724662383,-18.49369149035174],[-64.140652782606807,-18.493691604495044],[-64.140652423709426,-18.493637386253447],[-64.140633481659705,-18.493637500394495],[-64.140633242399446,-18.493601354899667],[-64.140614300353562,-18.493601469038584],[-64.14061418072562,-18.493583396291001],[-64.140576296637349,-18.493583624562916],[-64.140557354593014,-18.493583738696035],[-64.140557234971169,-18.493565665948047],[-64.140538292928682,-18.493565780079152],[-64.140538173308968,-18.493547707331036],[-64.140519231268343,-18.493547821460123],[-64.140518752798798,-18.493475530466753],[-64.140499810765959,-18.493475644593467],[-64.140499691150893,-18.493457571844942],[-64.140480749119902,-18.493457685969641],[-64.140480629506982,-18.493439613220936],[-64.140461687477824,-18.493439727343624],[-64.140461567867021,-18.493421654594766],[-64.140442625839754,-18.493421768715439],[-64.140442506231068,-18.493403695966425],[-64.140423564205619,-18.493403810085081],[-64.140404622180014,-18.493403924201846],[-64.140404382971013,-18.493367778703266],[-64.140385440949245,-18.493367892817897],[-64.14038532134694,-18.493349820068413],[-64.140404263366705,-18.493349705953904],[-64.140404024158528,-18.493313560455082],[-64.140385082142728,-18.493313674569354],[-64.140384962540821,-18.493295601819796],[-64.140366020526869,-18.493295715932053],[-64.140365781327446,-18.493259570432542],[-64.14034683931736,-18.493259684542672],[-64.140345643348397,-18.493078957041853],[-64.140326701358006,-18.493079071148891],[-64.140326222982225,-18.493006780147105],[-64.140307280999622,-18.493006894251778],[-64.140305726319397,-18.492771948490521],[-64.140286784362473,-18.492772062591744],[-64.140286664774635,-18.492753989840512],[-64.140305606729569,-18.49275387573941],[-64.140305367550326,-18.492717730237089],[-64.140324309501167,-18.492717616134332],[-64.140324070318513,-18.492681470632089],[-64.140305128371651,-18.492681584734612],[-64.14030488919353,-18.492645439231989],[-64.140323831136413,-18.492645325129711],[-64.140323711545577,-18.492627252378487],[-64.140304769604683,-18.492627366480647],[-64.140303095375145,-18.492374347957927],[-64.140284153461906,-18.492374462056524],[-64.140283316371182,-18.492247952791722],[-64.140207548772423,-18.492248409163814],[-64.140188606872414,-18.492248523252101],[-64.140188487298488,-18.492230450499271],[-64.140055894008341,-18.492231249063401],[-64.140036952109185,-18.492231363136415],[-64.140036832551303,-18.492213290382576],[-64.140017890654008,-18.492213404453576],[-64.140017771098243,-18.49219533169957],[-64.139998829202796,-18.492195445768559],[-64.139998709649163,-18.49217737301441],[-64.139979767755548,-18.492177487081381],[-64.139979648204033,-18.49215941432707],[-64.139960706312266,-18.49215952839203],[-64.139960586762868,-18.492141455637586],[-64.139941644872962,-18.492141569700532],[-64.139941525325696,-18.492123496945911],[-64.139922583437624,-18.492123611006839],[-64.139922463892461,-18.492105538252073],[-64.139903522006279,-18.49210565231099],[-64.139903402463247,-18.492087579556063],[-64.139865518694364,-18.492087807667971],[-64.139846576809731,-18.492087921721087],[-64.139846457272796,-18.492069848965773],[-64.139638096554506,-18.492071103423683],[-64.139638216069599,-18.492089176180315],[-64.139562448523591,-18.492089632290472],[-64.139562568030883,-18.492107705047548],[-64.139486800474714,-18.492108161127874],[-64.139486919974203,-18.492126233885383],[-64.139373268623942,-18.492126917949758],[-64.13937338811165,-18.49214499070796],[-64.139354446217482,-18.492145104712176],[-64.139354804675477,-18.492199322986888],[-64.139335862775198,-18.492199436989566],[-64.139336101743922,-18.492235582506115],[-64.13924139222064,-18.4922361524923],[-64.139241511695275,-18.492254225251099],[-64.139222569788217,-18.49225433924277],[-64.139222689261018,-18.492272412001679],[-64.139109037803891,-18.492273095912644],[-64.139109157264897,-18.492291168672224],[-64.139033389616117,-18.492291624575458],[-64.139034345245676,-18.492436206654631],[-64.139015403317245,-18.492436320626659],[-64.139015522769583,-18.492454393386517],[-64.13899658083902,-18.492454507356769],[-64.13899670028951,-18.492472580116715],[-64.13897775835683,-18.49247269408519],[-64.138977877805459,-18.492490766845204],[-64.13895893587069,-18.492490880811904],[-64.138959055317471,-18.49250895357201],[-64.138940113380556,-18.492509067536936],[-64.13894023282549,-18.492527140297138],[-64.138845523128907,-18.492527710093945],[-64.138845642564064,-18.492545782854702],[-64.138807758680471,-18.492546010760403],[-64.138807878111791,-18.492564083521369],[-64.138788936167813,-18.492564197471495],[-64.138789055597272,-18.492582270232521],[-64.138751171704953,-18.49258249812733],[-64.138751291130603,-18.492600570888584],[-64.138713407233723,-18.492600798776056],[-64.138713526655522,-18.492618871537505],[-64.138694584704922,-18.492618985478515],[-64.138694704124873,-18.492637058240057],[-64.138675762172127,-18.492637172179293],[-64.138676001008477,-18.492673317702476],[-64.13865705905161,-18.492673431640053],[-64.138657178468023,-18.49269150440173],[-64.138619294549926,-18.492691732271449],[-64.138619772200997,-18.492764023318713],[-64.138600830233813,-18.492764137251207],[-64.138601069056207,-18.492800282774869],[-64.138582127084916,-18.492800396705711],[-64.138582007675623,-18.492782323943768],[-64.138563065706165,-18.492782437872592],[-64.13854412373658,-18.492782551799522],[-64.138544004331408,-18.492764479037319],[-64.138525062363669,-18.492764592962235],[-64.138524942960615,-18.492746520199869],[-64.138506000994724,-18.492746634122771],[-64.138487059028691,-18.492746748043782],[-64.138486939629757,-18.492728675281164],[-64.138467997665558,-18.492728789200161],[-64.138467878268742,-18.492710716437365],[-64.138429994343937,-18.492710944269433],[-64.138411052381329,-18.492711058182625],[-64.13841093299061,-18.492692985419446],[-64.13839199102982,-18.492693099330623],[-64.138391871641232,-18.49267502656728],[-64.138372929682305,-18.492675140476447],[-64.138353987723278,-18.492675254383716],[-64.138353868338768,-18.49265718162011],[-64.138334926381546,-18.492657295525369],[-64.138334687616947,-18.492621149997817],[-64.138315745663604,-18.492621263900944],[-64.138315626283486,-18.492603191136993],[-64.138296684331962,-18.492603305038102],[-64.138296326198429,-18.492549086745679],[-64.138277384252703,-18.49254920064454],[-64.138277145501675,-18.492513055115833],[-64.138258203559815,-18.492513169012557],[-64.138258084186489,-18.492495096248042],[-64.138239142246462,-18.492495210142753],[-64.138238903504202,-18.492459064613378],[-64.138219961567998,-18.492459178505957],[-64.138219722830257,-18.492423032976188],[-64.13820078089789,-18.492423146866635],[-64.138200542164668,-18.49238700133651],[-64.138181600236138,-18.492387115224826],[-64.138181480871708,-18.492369042459572],[-64.138162538945053,-18.492369156345873],[-64.1381623002206,-18.492333010815035],[-64.138143358297754,-18.492333124699204],[-64.138143119577819,-18.492296979168003],[-64.138124177658781,-18.492297093050041],[-64.138124058301003,-18.492279020284265],[-64.138105116383855,-18.492279134164288],[-64.138086174466565,-18.492279248042411],[-64.138086055112908,-18.492261175276354],[-64.138067113197451,-18.492261289152466],[-64.138066993845896,-18.492243216386278],[-64.138048051932302,-18.492243330260383],[-64.138047932582879,-18.492225257494024],[-64.138028990671117,-18.492225371366111],[-64.138010048759213,-18.492225485236304],[-64.138009810068723,-18.492189339702996],[-64.137990868160671,-18.492189453571054],[-64.137990510131928,-18.492135235270485],[-64.137971568229688,-18.492135349136291],[-64.13797132954852,-18.492099203602162],[-64.137952387650117,-18.492099317465833],[-64.13795191029736,-18.492027026396691],[-64.137932968406744,-18.492027140257992],[-64.137932610399588,-18.491972921955412],[-64.13795155228425,-18.491972808094467],[-64.137950836261737,-18.49186437148904],[-64.137969778134348,-18.491864257626911],[-64.137969420118992,-18.491810039324093],[-64.137988361985492,-18.49180992546043],[-64.137988123305306,-18.491773779925264],[-64.138007065167699,-18.491773666059945],[-64.138006945825808,-18.491755593292428],[-64.137988003965432,-18.491755707157626],[-64.137987884625673,-18.491737634389978],[-64.137968942767102,-18.491737748253165],[-64.137968465417416,-18.491665457181654],[-64.137987407268056,-18.491665343318946],[-64.137987287928979,-18.49164727055112],[-64.138006229777474,-18.491647156686632],[-64.138006110436564,-18.49162908391887],[-64.138025052282941,-18.491628970052609],[-64.138024694255094,-18.491574751749489],[-64.13798681057412,-18.491574979479402],[-64.137967868733412,-18.491575093341517],[-64.137967749397035,-18.491557020573371],[-64.137948807558175,-18.491557134433471],[-64.137948688223915,-18.491539061665183],[-64.137929746386902,-18.491539175523272],[-64.13791080454979,-18.491539289379464],[-64.137910685219623,-18.491521216610892],[-64.137872801548895,-18.491521444317357],[-64.137853859713331,-18.491521558167747],[-64.137853740389261,-18.491503485398795],[-64.137834798555545,-18.491503599247171],[-64.137834679233592,-18.491485526478076],[-64.137815737401752,-18.491485640324441],[-64.13781561808193,-18.491467567555169],[-64.137796676251909,-18.49146768139952],[-64.137796556934205,-18.491449608630099],[-64.137777615106017,-18.491449722472439],[-64.137777376475029,-18.491413576933258],[-64.137758434650678,-18.491413690773467],[-64.137758315337365,-18.491395618003704],[-64.137739373514876,-18.491395731841898],[-64.137720431692259,-18.491395845678195],[-64.137720073765053,-18.491341627367959],[-64.137701131948234,-18.491341741202003],[-64.137700774028232,-18.491287522891124],[-64.137738657649791,-18.491287295221849],[-64.137737464552345,-18.491106567518962],[-64.137718522761503,-18.491106681353351],[-64.137699580970505,-18.49110679518585],[-64.137699461665477,-18.491088722415135],[-64.137680519876298,-18.49108883624562],[-64.13766157808702,-18.491088950074211],[-64.137661220184697,-18.491034731761129],[-64.137642278401245,-18.491034845587471],[-64.137642039804362,-18.490998700045004],[-64.137604156244933,-18.490998927691525],[-64.13758521446502,-18.490999041511945],[-64.137584856588589,-18.490944823196898],[-64.137565914814473,-18.490944937015062],[-64.137546973040259,-18.490945050831336],[-64.137546853752355,-18.490926978059338],[-64.137527911979973,-18.490927091873598],[-64.137527554123054,-18.490872873557066],[-64.137508612356484,-18.490872987369073],[-64.137508493073113,-18.490854914596699],[-64.137489551308377,-18.490855028406692],[-64.137489432027124,-18.49083695563419],[-64.137432606738102,-18.490837297052447],[-64.137413664974801,-18.490837410854745],[-64.13741342642858,-18.490801265308633],[-64.137394484669116,-18.490801379108799],[-64.137394246127428,-18.49076523356231],[-64.13737530437183,-18.490765347360345],[-64.137375185103181,-18.490747274586944],[-64.137356243349402,-18.490747388382967],[-64.137356124082856,-18.490729315609393],[-64.137337182330924,-18.490729429403398],[-64.137337063066525,-18.490711356629678],[-64.13731812131644,-18.490711470421672],[-64.137318002054158,-18.490693397647789],[-64.137299060305921,-18.490693511437769],[-64.137298941045756,-18.49067543866374],[-64.137279999299366,-18.490675552451709],[-64.137279880041319,-18.490657479677541],[-64.137260938296805,-18.490657593463492],[-64.13726081904089,-18.490639520689143],[-64.137241877298166,-18.490639634473084],[-64.137241758044382,-18.490621561698593],[-64.137222816303563,-18.490621675480522],[-64.137222697051882,-18.490603602705868],[-64.13720375531291,-18.490603716485779],[-64.137184813573782,-18.490603830263801],[-64.137184694326209,-18.490585757488898],[-64.137165752588913,-18.490585871264901],[-64.137165633343471,-18.490567798489828],[-64.137146691608038,-18.49056791226382],[-64.137146572364728,-18.490549839488587],[-64.137127630631127,-18.490549953260562],[-64.137127511389934,-18.490531880485175],[-64.13710856965821,-18.490531994255139],[-64.137108450419149,-18.490513921479604],[-64.137089508689243,-18.490514035247557],[-64.137089389452285,-18.490495962471883],[-64.137070447724255,-18.490496076237822],[-64.137070328489415,-18.49047800346197],[-64.137051386763218,-18.490478117225898],[-64.137051267530509,-18.490460044449897],[-64.137032325806175,-18.49046015821181],[-64.137032206575583,-18.490442085435653],[-64.137013264853081,-18.490442199195549],[-64.137013145624621,-18.490424126419256],[-64.136729019800399,-18.490425832588677],[-64.136729138999087,-18.490443905366753],[-64.136653372099474,-18.490444360273759],[-64.13665361048136,-18.490480505830799],[-64.136634668752137,-18.49048061955305],[-64.136634549563112,-18.490462546774435],[-64.13652089919681,-18.490463229067466],[-64.136521018373926,-18.490481301846796],[-64.136502076643765,-18.490481415555792],[-64.136501957468639,-18.490463342776341],[-64.136483015740282,-18.490463456483326],[-64.136482896567287,-18.490445383703712],[-64.136312421023959,-18.490446406980237],[-64.136312540179105,-18.490464479760913],[-64.136293598449399,-18.490464593448955],[-64.136293717602697,-18.490482666229713],[-64.136274775870859,-18.490482779915979],[-64.136274895022297,-18.490500852696826],[-64.136104419411794,-18.490501875789032],[-64.13610453854551,-18.490519948570896],[-64.135934062906003,-18.490520971510737],[-64.135934182021984,-18.490539044293651],[-64.135782648094974,-18.490539953445658],[-64.135782767195224,-18.490558026229493],[-64.135763825451733,-18.49055813986509],[-64.135763944550121,-18.49057621264901],[-64.135669235820757,-18.49057678079917],[-64.135669354909368,-18.490594853583641],[-64.135650413161088,-18.490594967208107],[-64.135650532247851,-18.490613039992645],[-64.135612648746928,-18.490613267236135],[-64.135612767829869,-18.490631340020901],[-64.135574884324413,-18.490631567257054],[-64.135575003403503,-18.490649640042012],[-64.135518178138341,-18.490649980882388],[-64.135518297211618,-18.49066805366768],[-64.13546147193928,-18.490668394491365],[-64.135461591006731,-18.490686467276952],[-64.135347940446408,-18.490687148873892],[-64.135348178557905,-18.490723294446429],[-64.135329236793382,-18.490723408039525],[-64.135329355847361,-18.49074148082585],[-64.135291472314009,-18.490741708006599],[-64.135291591364137,-18.490759780793141],[-64.135140057209199,-18.490760689441323],[-64.135139223972274,-18.490634179928204],[-64.135120282216192,-18.49063429349987],[-64.135120163184894,-18.490616220712013],[-64.135025454412329,-18.490616788541342],[-64.135025573433708,-18.490634861329792],[-64.135006631676788,-18.490634974890092],[-64.13500675069632,-18.490653047678613],[-64.134987808937296,-18.490653161237141],[-64.134988046972808,-18.490689306814318],[-64.134969105209649,-18.490689420371186],[-64.134969224225642,-18.490707493159846],[-64.134912398929444,-18.490707833819442],[-64.134912279919419,-18.490689761030431],[-64.13489333815572,-18.490689874579722],[-64.134874396391893,-18.490689988127119],[-64.134874277385975,-18.490671915337852],[-64.134836393861889,-18.490672142426725],[-64.134836512863842,-18.490690215216233],[-64.134817571099589,-18.49069032875795],[-64.13481769009968,-18.490708401547554],[-64.134798748333324,-18.490708515087494],[-64.134798867331583,-18.490726587877198],[-64.13477992556308,-18.490726701415358],[-64.134780044559491,-18.490744774205133],[-64.1347611027889,-18.490744887741524],[-64.13476122178345,-18.490762960531388],[-64.13468545469172,-18.490763414658478],[-64.134685573678453,-18.490781487448761],[-64.134666631903201,-18.490781600975915],[-64.134666750888101,-18.490799673766304],[-64.134647809110717,-18.490799787291685],[-64.13464792809377,-18.490817860082149],[-64.134610044534597,-18.490818087127465],[-64.134591102754825,-18.490818200647276],[-64.134590269918036,-18.490691691110783],[-64.134571328152006,-18.490691804627875],[-64.134571209177864,-18.490673731836704],[-64.134552267413682,-18.490673845351779],[-64.134551672554906,-18.490583481394726],[-64.13453273080053,-18.490583594907317],[-64.13453249286195,-18.490547449323994],[-64.134551434612362,-18.490547335811645],[-64.134551077699555,-18.490493117436785],[-64.134570019443899,-18.490493003922893],[-64.134569900471249,-18.49047493113132],[-64.134588842213446,-18.490474817615656],[-64.134588723238963,-18.490456744824158],[-64.134607664979029,-18.490456631306717],[-64.134607070098696,-18.49036626734933],[-64.134626011828729,-18.490366153830593],[-64.134625416941901,-18.490275789872918],[-64.134644358661859,-18.490275676352876],[-64.134643049901086,-18.490076875644224],[-64.134624108202971,-18.490076989162958],[-64.134623275377763,-18.48995047961802],[-64.134604333693389,-18.489950593134033],[-64.134604214720895,-18.489932520341654],[-64.134585273038411,-18.489932633855652],[-64.134585154068034,-18.489914561063099],[-64.134547270706577,-18.489914788085173],[-64.134528329025628,-18.489914901593366],[-64.134528210061347,-18.489896828800429],[-64.134509268382274,-18.489896942306611],[-64.134509149420111,-18.489878869513511],[-64.134490207742871,-18.489878983017679],[-64.13449008878284,-18.489860910224436],[-64.134471147107448,-18.489861023726593],[-64.13447102814952,-18.489842950933209],[-64.134452086475989,-18.489843064433352],[-64.134451848564524,-18.489806918846202],[-64.13443290689483,-18.489807032344217],[-64.134432787941293,-18.489788959550463],[-64.134413846273432,-18.489789073046463],[-64.134413608370764,-18.489752927458643],[-64.134394666706726,-18.489753040952511],[-64.134394547757566,-18.489734968158427],[-64.134375606095389,-18.489735081650284],[-64.134356664433071,-18.489735195140245],[-64.134356545488032,-18.489717122345873],[-64.134337603827547,-18.489717235833822],[-64.134318662166933,-18.489717349319875],[-64.134318543226016,-18.489699276525247],[-64.134242776590185,-18.489699730450042],[-64.134223834930864,-18.489699843926505],[-64.134223715999994,-18.489681771131263],[-64.134204774342521,-18.489681884605712],[-64.134204655413768,-18.489663811810296]]],[[[-64.141584175926255,-18.494173973247314],[-64.141565233823698,-18.494174087484787],[-64.141565114092074,-18.494156014744302],[-64.141584056192642,-18.49415590050695],[-64.141584175926255,-18.494173973247314]]],[[[-64.141603237764414,-18.494191931748169],[-64.141584295659996,-18.494192045987653],[-64.141584175926255,-18.494173973247314],[-64.141603118028684,-18.494173859007951],[-64.141603237764414,-18.494191931748169]]],[[[-64.141622299606524,-18.494209890246847],[-64.141603357500287,-18.494210004488345],[-64.141603237764414,-18.494191931748169],[-64.141622179868662,-18.494191817506792],[-64.141622299606524,-18.494209890246847]]]]},"properties":{"FID":0,"Zona":"Yaguari","IDUH":1,"UH":"SC1 - Yag","AreaHa":27.390002452800001}},{"type":"Feature","id":1,"geometry":{"type":"Polygon","coordinates":[[[-64.122377503873508,-18.488577586738938],[-64.122377386192312,-18.488559513867543],[-64.122415269415313,-18.488559289296159],[-64.12241503404536,-18.488523143553724],[-64.122433975652655,-18.48852303126543],[-64.122433857965902,-18.488504958394302],[-64.122452799571107,-18.488504846104227],[-64.122452564194049,-18.488468700362048],[-64.122471505795147,-18.488468588070319],[-64.122471388104827,-18.488450515199293],[-64.122490329703794,-18.488450402905784],[-64.122490094319602,-18.488414257163882],[-64.122603743886756,-18.488413583364459],[-64.122603626182951,-18.488395510494158],[-64.122622567775025,-18.488395398187745],[-64.122622450069372,-18.488377325317515],[-64.122736099607025,-18.488376651439953],[-64.122735981889591,-18.488358578570409],[-64.122754923476734,-18.488358466250968],[-64.122754688038313,-18.488322320512005],[-64.122773629621349,-18.488322208190908],[-64.122773511900363,-18.488304135321492],[-64.122792453481281,-18.488304022998616],[-64.122792335758433,-18.488285950129271],[-64.122830218915908,-18.488285725478075],[-64.122830101189251,-18.488267652608954],[-64.122849042765793,-18.488267540280631],[-64.122849160494454,-18.488285613149639],[-64.12288704365109,-18.488285388487078],[-64.122886925918465,-18.488267315618309],[-64.12300057537324,-18.488266641585881],[-64.123000457628834,-18.488248568717768],[-64.123019399202192,-18.488248456372517],[-64.123019516948574,-18.488266529240512],[-64.123038458523752,-18.488266416893254],[-64.123038576272251,-18.488284489761082],[-64.12305751784929,-18.488284377411809],[-64.123057635599935,-18.488302450279512],[-64.123076577178807,-18.488302337928229],[-64.123076694931555,-18.488320410795762],[-64.123095636512303,-18.488320298442467],[-64.123095754267169,-18.488338371309862],[-64.12311469584975,-18.488338258954556],[-64.123114813606733,-18.488356331821777],[-64.123133755191176,-18.488356219464457],[-64.123133872950277,-18.488374292331535],[-64.123152814536567,-18.488374179972205],[-64.123152932297799,-18.488392252839144],[-64.123171873885937,-18.488392140477803],[-64.123171991649286,-18.488410213344576],[-64.123190933239286,-18.488410100981223],[-64.123191051004753,-18.488428173847854],[-64.123209992596557,-18.488428061482487],[-64.12321011036417,-18.488446134348941],[-64.12322905195785,-18.488446021981567],[-64.123229169727566,-18.488464094847888],[-64.123248111323093,-18.488463982478503],[-64.123248229094926,-18.488482055344669],[-64.123267170692316,-18.488481942973266],[-64.123267288466266,-18.488500015839289],[-64.123286230065489,-18.488499903465875],[-64.123286347841571,-18.488517976331714],[-64.123305289442627,-18.488517863956293],[-64.12330540722084,-18.488535936821997],[-64.123324348823772,-18.488535824444561],[-64.123324466604089,-18.488553897310126],[-64.123343408208868,-18.48855378493068],[-64.123343525991302,-18.488571857796082],[-64.123362467597943,-18.488571745414621],[-64.123362585382495,-18.488589818279877],[-64.123381526990954,-18.488589705896409],[-64.123381644777638,-18.488607778761487],[-64.123400586387959,-18.488607666376005],[-64.123400704176774,-18.488625739240959],[-64.123419645788942,-18.488625626853462],[-64.123419763579875,-18.488643699718256],[-64.123647062939128,-18.488642350919193],[-64.123646945124392,-18.488624278055816],[-64.123665886734798,-18.488624165643699],[-64.123665768918201,-18.488606092780394],[-64.123836243387856,-18.488605080987181],[-64.123836361222317,-18.488623153849428],[-64.123855302831373,-18.488623041418371],[-64.124044718914362,-18.488621917003638],[-64.124044836770793,-18.488639989864549],[-64.124063778380332,-18.488639877412538],[-64.124063660521912,-18.488621804551748],[-64.124215193377424,-18.488620904868437],[-64.124215075503272,-18.488602832008546],[-64.124234017107625,-18.488602719539728],[-64.124233899231612,-18.488584646679939],[-64.124290724037863,-18.488584309262471],[-64.12429084191983,-18.488602382121904],[-64.124309783523643,-18.488602269645508],[-64.124309901407713,-18.488620342504813],[-64.124328843013359,-18.488620230026406],[-64.124347784618863,-18.488620117546105],[-64.124347902507054,-18.48863819040513],[-64.124366844114419,-18.488638077922818],[-64.124366962004729,-18.488656150781701],[-64.124385903613941,-18.488656038297371],[-64.124423786831954,-18.488655813323042],[-64.124423904728346,-18.488673886181527],[-64.12444284633915,-18.488673773691399],[-64.124461787949798,-18.488673661199382],[-64.12446190585031,-18.488691734057582],[-64.124480847462806,-18.48869162156355],[-64.124480729560318,-18.488673548705471],[-64.12453755439104,-18.488673211212365],[-64.12453743648274,-18.488655138354591],[-64.124575319698579,-18.488654913349954],[-64.124575201786442,-18.488636840492369],[-64.124613084997762,-18.488636615480392],[-64.124612967081774,-18.488618542623012],[-64.124631908685245,-18.4886184301143],[-64.12463179076741,-18.488600357256995],[-64.124669673970004,-18.488600132234126],[-64.124669556048332,-18.488582059377048],[-64.124688497647412,-18.488581946862887],[-64.124688379723892,-18.48856387400587],[-64.124764146111005,-18.488563423930763],[-64.124764028179683,-18.48854535107419],[-64.124782969774103,-18.488545238550799],[-64.124782851840948,-18.48852716569429],[-64.124820735025466,-18.48852694064206],[-64.12482061708846,-18.488508867785765],[-64.124839558678545,-18.488508755256927],[-64.124839440739692,-18.488490682400737],[-64.124858382327631,-18.48849056987012],[-64.12485826438693,-18.48847249701398],[-64.124877205972766,-18.488472384481586],[-64.124877088030217,-18.488454311625542],[-64.124896029613922,-18.488454199091372],[-64.124895911669526,-18.488436126235403],[-64.124933794832572,-18.488435901161616],[-64.124933676884325,-18.48841782830587],[-64.124990501621895,-18.488417490681343],[-64.12499038366785,-18.488399417825889],[-64.12500932524479,-18.488399305280709],[-64.125009207288883,-18.488381232425347],[-64.125028148863692,-18.48838111987839],[-64.125028030905938,-18.488363047023103],[-64.125065914051191,-18.488362821923744],[-64.125066032012924,-18.488380894778796],[-64.125198623030897,-18.488380106870558],[-64.125198505055295,-18.48836203401633],[-64.125217446626749,-18.488361921450551],[-64.125217328649285,-18.488343848596415],[-64.125236270218636,-18.488343736028856],[-64.125236152239324,-18.48832566317482],[-64.125255093806544,-18.488325550605488],[-64.125254975825399,-18.488307477751508],[-64.125292858955461,-18.488307252607399],[-64.125292740970465,-18.488289179753629],[-64.12534956565861,-18.488288842023614],[-64.125349447667801,-18.488270769170153],[-64.125387330788556,-18.488270544007577],[-64.125387212793925,-18.488252471154336],[-64.12540615435212,-18.488252358570325],[-64.125406036355628,-18.488234285717159],[-64.125803809004665,-18.488231921017871],[-64.125803927042853,-18.488249993868568],[-64.125822868598036,-18.488249881242886],[-64.12582298663834,-18.488267954093413],[-64.125841928195385,-18.488267841465724],[-64.125842046237807,-18.488285914316123],[-64.125860987796727,-18.48828580168642],[-64.125861105841267,-18.488303874536655],[-64.125880047402021,-18.488303761904938],[-64.125880165448677,-18.488321834755034],[-64.125899107011264,-18.488321722121306],[-64.125899225060039,-18.488339794971221],[-64.125918166624501,-18.488339682335486],[-64.125918284675407,-18.488357755185259],[-64.125937226241703,-18.488357642547506],[-64.125937344294741,-18.488375715397144],[-64.125956285862884,-18.48837560275738],[-64.125956403918039,-18.488393675606854],[-64.12597534548803,-18.488393562965076],[-64.125975463545288,-18.488411635814405],[-64.125994405117126,-18.488411523170619],[-64.125994523176516,-18.488429596019767],[-64.126013464750216,-18.488429483373967],[-64.126013582811723,-18.48844755622299],[-64.126032524387256,-18.488447443575179],[-64.126032642450895,-18.488465516424039],[-64.126051584028289,-18.488465403774217],[-64.126051702094045,-18.488483476622935],[-64.126070643673259,-18.488483363971103],[-64.126070761741147,-18.488501436819636],[-64.126089703322236,-18.488501324165789],[-64.126089821392227,-18.488519397014191],[-64.126108762975164,-18.488519284358333],[-64.12610911719193,-18.488573502902987],[-64.126090175603025,-18.488573615559197],[-64.126090647886002,-18.48864590695203],[-64.126071706289025,-18.488646019606819],[-64.126071942427359,-18.488682165303242],[-64.126090884028301,-18.488682052648215],[-64.126091120171154,-18.488718198344287],[-64.126110061775933,-18.488718085687132],[-64.126166886589417,-18.488717747704303],[-64.126167004668986,-18.488735820551824],[-64.1261859462752,-18.488735707886974],[-64.126186064356901,-18.48875378073431],[-64.126299714003224,-18.488753104704738],[-64.126299595909629,-18.488735031858109],[-64.126318537514891,-18.488734919180001],[-64.126318655610476,-18.488752992026512],[-64.126337597217557,-18.488752879346393],[-64.126413363644659,-18.488752428606979],[-64.126413481750305,-18.48877050145288],[-64.126432423358708,-18.488770388763175],[-64.126451364966968,-18.488770276071573],[-64.126451483076735,-18.488788348917215],[-64.126470424686858,-18.488788236223606],[-64.12656513273545,-18.488787672727128],[-64.12656525085724,-18.488805745572026],[-64.126584192468542,-18.488805632866931],[-64.126584310592463,-18.48882370571167],[-64.126603252205584,-18.488823593004561],[-64.126603370331623,-18.488841665849129],[-64.126622311946619,-18.488841553140013],[-64.126622430074789,-18.48885962598445],[-64.126641371691619,-18.488859513273319],[-64.126641489821921,-18.488877586117596],[-64.126660431440612,-18.488877473404454],[-64.126660549573003,-18.488895546248589],[-64.126679491193542,-18.488895433533433],[-64.126679609328079,-18.488913506377386],[-64.126698550950437,-18.488913393660219],[-64.126698669087091,-18.488931466504038],[-64.126717610711339,-18.48893135378486],[-64.126717728850096,-18.488949426628537],[-64.126736670476191,-18.488949313907344],[-64.12673678861708,-18.488967386750854],[-64.126755730245009,-18.488967274027651],[-64.126755848388029,-18.488985346871019],[-64.126774790017777,-18.488985234145805],[-64.126793731647439,-18.488985121418693],[-64.126793849794552,-18.489003194261766],[-64.126812791426048,-18.489003081532644],[-64.126869616319709,-18.489002743333916],[-64.126869734474894,-18.489020816176502],[-64.126888676107839,-18.489020703439689],[-64.126888794265156,-18.489038776282118],[-64.126907735899948,-18.489038663543287],[-64.126964560803458,-18.489038325315441],[-64.126964678968861,-18.48905639815737],[-64.126983620605088,-18.48905628541085],[-64.127002562241174,-18.48905617266243],[-64.127002680410683,-18.489074245504085],[-64.127021622048616,-18.489074132753654],[-64.127192096783901,-18.489073117914572],[-64.127192214973377,-18.489091190754991],[-64.127211156611935,-18.489091077985499],[-64.127286923164817,-18.489090626888611],[-64.127287041364369,-18.48910869972843],[-64.127305983004192,-18.489108586949357],[-64.127306101205875,-18.489126659789015],[-64.127325042847573,-18.489126547007924],[-64.127343984489158,-18.489126434224943],[-64.127344102694948,-18.489144507064335],[-64.127363044338367,-18.489144394279343],[-64.12736316254626,-18.489162467118557],[-64.127382104191526,-18.489162354331551],[-64.127382222401536,-18.489180427170641],[-64.127401164048649,-18.48918031438162],[-64.127420105695649,-18.48918020159071],[-64.127420223909766,-18.489198274429519],[-64.127439165558599,-18.489198161636597],[-64.127439401991239,-18.489234307313875],[-64.127458343643895,-18.489234194518822],[-64.127458461862403,-18.489252267357273],[-64.127477403516906,-18.489252154560209],[-64.127477876400221,-18.489324445913251],[-64.127496818062539,-18.489324333113817],[-64.127496936285695,-18.48934240595187],[-64.127515877949875,-18.489342293150425],[-64.127515996175148,-18.489360365988336],[-64.127534937841162,-18.489360253184881],[-64.127535056068567,-18.489378326022624],[-64.127553997736413,-18.489378213217158],[-64.127554115965921,-18.48939628605476],[-64.127573057635644,-18.489396173247279],[-64.127573175867298,-18.489414246084706],[-64.127592117538867,-18.489414133275211],[-64.127592235772624,-18.489432206112507],[-64.127611177446028,-18.489432093301001],[-64.127743769156098,-18.489431303567432],[-64.12774388740587,-18.489449376403741],[-64.127762829080183,-18.489449263576962],[-64.127762947332087,-18.489467336413128],[-64.127781889008247,-18.489467223584338],[-64.127876597386972,-18.489466659411985],[-64.127876715650928,-18.489484732247398],[-64.127895657328253,-18.489484619407126],[-64.127895775594311,-18.489502692242368],[-64.12791471727347,-18.489502579400085],[-64.127971542310178,-18.489502240861871],[-64.127971660584322,-18.48952031369663],[-64.127990602264916,-18.489520200846652],[-64.128028485625748,-18.489519975141011],[-64.128028603905975,-18.489538047975376],[-64.128047545588174,-18.489537935119593],[-64.128085428952119,-18.489537709402356],[-64.128085547238456,-18.489555782236337],[-64.128104488922219,-18.489555669374759],[-64.128104607210673,-18.489573742208563],[-64.128123548896284,-18.489573629344971],[-64.128161432267106,-18.489573403612106],[-64.128161550561643,-18.489591476445543],[-64.128180492248816,-18.489591363576153],[-64.128180610545485,-18.489609436409427],[-64.12819955223452,-18.489609323538023],[-64.128199670533306,-18.489627396371155],[-64.128218612224202,-18.489627283497743],[-64.128218730525106,-18.489645356330708],[-64.12823767221785,-18.489645243455282],[-64.128313438987405,-18.489644791934627],[-64.128313557298384,-18.489662864766952],[-64.128332498992421,-18.489662751881937],[-64.128332617305517,-18.489680824714139],[-64.128351559001374,-18.489680711827109],[-64.128522034258211,-18.489679695758603],[-64.128522152591287,-18.489697768589579],[-64.128541094287797,-18.489697655683489],[-64.128541212622991,-18.489715728514319],[-64.128560154321349,-18.489715615606215],[-64.128560272658675,-18.489733688436871],[-64.128579214358879,-18.489733575526756],[-64.128636039458669,-18.48973323678505],[-64.128636157804067,-18.489751309615208],[-64.128655099505721,-18.489751196697398],[-64.128655217853236,-18.489769269527418],[-64.128787809774792,-18.489768479048891],[-64.128787691413379,-18.489750406219702],[-64.128806633113939,-18.48975029328674],[-64.128806514750679,-18.489732220457643],[-64.128825456449121,-18.489732107522908],[-64.128825338083999,-18.489714034693911],[-64.128863221476465,-18.489713808818983],[-64.128862984738703,-18.489677663161316],[-64.128881926430779,-18.489677550221252],[-64.128881808060129,-18.489659477392479],[-64.128900749750073,-18.489659364450638],[-64.128900631377562,-18.489641291621968],[-64.128938514753074,-18.489641065732837],[-64.128938396376739,-18.489622992904359],[-64.129014163118171,-18.489622541103842],[-64.129014044734021,-18.48960446827579],[-64.129108753147818,-18.489603903483115],[-64.129108634753891,-18.489585830655628],[-64.129127576434243,-18.489585717691529],[-64.129127458038454,-18.489567644864117],[-64.129146399716703,-18.489567531898238],[-64.129146281319066,-18.489549459070933],[-64.129165222995198,-18.489549346103285],[-64.129165104595714,-18.489531273276036],[-64.129506054706823,-18.489529239536552],[-64.129505936271741,-18.489511166711409],[-64.129524877941307,-18.489511053708004],[-64.129524759504392,-18.489492980882932],[-64.1296194678402,-18.489492415838097],[-64.129619586287049,-18.489510488662578],[-64.129638527955791,-18.489510375647811],[-64.129771119633119,-18.489509584491401],[-64.129771238095998,-18.489527657314891],[-64.129790179765621,-18.489527544284851],[-64.129922771449202,-18.489526753021543],[-64.129922889928096,-18.48954482584406],[-64.129941831598614,-18.48954471279875],[-64.129941950079626,-18.489562785621093],[-64.129960891752006,-18.489562672573769],[-64.129998775096325,-18.489562446473442],[-64.129998893583419,-18.489580519295416],[-64.130017835257362,-18.489580406242293],[-64.130017953746588,-18.489598479064103],[-64.130036895422393,-18.48959836600897],[-64.130037013913736,-18.489616438830637],[-64.130093838946252,-18.48961609965351],[-64.13009372044894,-18.489598026832198],[-64.130283137195292,-18.489596896119838],[-64.130282663128057,-18.489524604838998],[-64.130320546459814,-18.489524378674744],[-64.130320427939381,-18.489506305854682],[-64.13033936960305,-18.489506192769831],[-64.13033925108077,-18.489488119949847],[-64.130396076065054,-18.489487780684286],[-64.130395957536948,-18.489469707864643],[-64.130414899196126,-18.489469594772455],[-64.130414780666172,-18.489451521952876],[-64.130547372262612,-18.489450730255339],[-64.13054749080645,-18.489468803074082],[-64.130566432464533,-18.489468689966742],[-64.130812674007032,-18.489467219398914],[-64.130812792578823,-18.489485292215953],[-64.130831734236963,-18.489485179081974],[-64.130831852810857,-18.489503251898881],[-64.130850794470845,-18.489503138762892],[-64.130888677790423,-18.489502912485225],[-64.130888796370414,-18.489520985301734],[-64.130964563015866,-18.489520532723201],[-64.130964444427931,-18.489502459907165],[-64.130983386086967,-18.489502346757913],[-64.130983504676877,-18.489520419573829],[-64.131059271319586,-18.489519966957413],[-64.131059152721747,-18.489501894141966],[-64.131153861012137,-18.489501328329421],[-64.131153742404493,-18.489483255514525],[-64.131191625715729,-18.489483029176483],[-64.131191507104248,-18.489464956361811],[-64.131210448757656,-18.489464843190067],[-64.131210330144341,-18.489446770375466],[-64.131229271795647,-18.489446657201945],[-64.13122915318047,-18.489428584387419],[-64.131323861425017,-18.489428018491999],[-64.131323742800035,-18.489409945678037],[-64.131342684446565,-18.48940983249339],[-64.131342328566546,-18.48935561405164],[-64.131361270206966,-18.489355500865454],[-64.131361151578588,-18.489337428051591],[-64.131380093216862,-18.489337314863629],[-64.131379974586636,-18.489319242049834],[-64.131398916222807,-18.4893191288601],[-64.131398678958789,-18.489282983232677],[-64.131417620590852,-18.489282870041283],[-64.13141750195706,-18.489264797227619],[-64.131512210105441,-18.489264231242828],[-64.131512091461857,-18.489246158429733],[-64.131549974716279,-18.489245932022794],[-64.131549856068872,-18.489227859209894],[-64.131568797693873,-18.489227746003699],[-64.131568679044605,-18.489209673190906],[-64.131587620667503,-18.489209559982939],[-64.131587502016387,-18.489191487170213],[-64.131606443637168,-18.489191373960466],[-64.131606324984205,-18.489173301147812],[-64.131682091458003,-18.489172848290373],[-64.131681972797239,-18.489154775478166],[-64.131757739260905,-18.489154322590895],[-64.131757620592339,-18.489136249779119],[-64.131776562205928,-18.489136136552684],[-64.131775968855223,-18.489045772493931],[-64.131832793665396,-18.489045432805039],[-64.13183267498971,-18.489027359993532],[-64.131851616590836,-18.489027246760234],[-64.131851497913317,-18.489009173948805],[-64.131870439512326,-18.48900906071373],[-64.131870320832945,-18.48899098790239],[-64.13194608721966,-18.488990534943621],[-64.131946205906985,-18.489008607754485],[-64.131984089103526,-18.489008381263499],[-64.131983970412222,-18.48899030845287],[-64.132040795200012,-18.488989968702544],[-64.132040913897256,-18.489008041512815],[-64.132059855494902,-18.489007928258797],[-64.132097738689751,-18.489007701745081],[-64.132097857393106,-18.489025774554971],[-64.132116798992314,-18.489025661295152],[-64.132116917697786,-18.489043734104882],[-64.132135859298856,-18.489043620843052],[-64.132154800899784,-18.489043507579328],[-64.132154919609363,-18.489061580388768],[-64.132249627621832,-18.489061014041145],[-64.132249508902348,-18.489042941232299],[-64.132268450502451,-18.48904282795721],[-64.13226833178112,-18.489024755148428],[-64.132287273379106,-18.489024641871563],[-64.132286798487172,-18.488952350636573],[-64.132362564845977,-18.48895189751207],[-64.13236244611538,-18.4889338247037],[-64.132381387702765,-18.48893371141796],[-64.132381268970335,-18.488915638609679],[-64.132475976895222,-18.488915072153155],[-64.132476095637585,-18.488933144960843],[-64.132495037224146,-18.488933031663734],[-64.132495155968627,-18.488951104471276],[-64.132514097557006,-18.488950991172157],[-64.132570922321406,-18.488950651263441],[-64.132571041073959,-18.488968724070446],[-64.132589982663802,-18.488968610763632],[-64.132590101418472,-18.488986683570509],[-64.132609043010149,-18.488986570261684],[-64.13260916176695,-18.489004643068402],[-64.132628103360489,-18.489004529757562],[-64.132628222119408,-18.48902260256413],[-64.132647163714793,-18.489022489251276],[-64.132647282475844,-18.489040562057689],[-64.132666224073077,-18.489040448742823],[-64.132798815249856,-18.489039655485744],[-64.132798934026908,-18.489057728291151],[-64.132817875625037,-18.48905761496102],[-64.132817994404206,-18.489075687766299],[-64.132836936004182,-18.48907557443415],[-64.132837054785483,-18.489093647239269],[-64.132855996387292,-18.489093533905109],[-64.132856115170725,-18.489111606710079],[-64.132875056774395,-18.489111493373905],[-64.132875175559931,-18.489129566178697],[-64.132894117165449,-18.489129452840512],[-64.132894235953117,-18.489147525645176],[-64.132913177560496,-18.489147412304977],[-64.132913296350281,-18.489165485109478],[-64.132932237959494,-18.489165371767271],[-64.132932594335657,-18.489219590180205],[-64.132951535950653,-18.489219476835743],[-64.132951654744971,-18.489237549639874],[-64.132970596361858,-18.489237436293401],[-64.13297071515828,-18.489255509097372],[-64.132989656777013,-18.489255395748884],[-64.132989775575567,-18.48927346855271],[-64.133008717196134,-18.489273355202211],[-64.133008835996819,-18.48929142800586],[-64.133027777619247,-18.48929131465335],[-64.133160368972341,-18.489290521132734],[-64.133160487789027,-18.489308593935409],[-64.133179429412337,-18.48930848056763],[-64.133217312658545,-18.48930825382638],[-64.133217431481327,-18.489326326628682],[-64.133274256355577,-18.489325986502244],[-64.13327413752684,-18.489307913700305],[-64.133501436987615,-18.489306553025525],[-64.133501318135202,-18.489288480224982],[-64.133520259754064,-18.489288366823224],[-64.133520022045644,-18.489252221222273],[-64.133538963660413,-18.48925210781886],[-64.133539082516535,-18.489270180619243],[-64.133558024133109,-18.48927006721382],[-64.133595907365901,-18.489269840397281],[-64.133596263952967,-18.489324058797127],[-64.133615205575097,-18.48932394538566],[-64.133690972062311,-18.489323491720857],[-64.133691090934846,-18.489341564520139],[-64.133710032558298,-18.489341451099087],[-64.133747915804747,-18.489341224251294],[-64.133748034683407,-18.4893592970502],[-64.133766976308422,-18.489359183623343],[-64.133767095189199,-18.489377256422067],[-64.133786036816048,-18.489377142993199],[-64.133804978442782,-18.489377029562437],[-64.133805097327652,-18.489395102360916],[-64.13382403895622,-18.48939498892814],[-64.133824157843222,-18.489413061726456],[-64.133843099473637,-18.489412948291665],[-64.133843218362756,-18.489431021089835],[-64.133862159995033,-18.489430907653034],[-64.133862278886269,-18.489448980451044],[-64.133881220520394,-18.489448867012229],[-64.133881339413747,-18.489466939810065],[-64.133900281049705,-18.489466826369242],[-64.13390039994519,-18.48948489916695],[-64.13391934158301,-18.489484785724109],[-64.133919460480612,-18.489502858521654],[-64.133938402120279,-18.489502745076802],[-64.133938521020013,-18.489520817874201],[-64.133957462661527,-18.489520704427338],[-64.133957581563365,-18.489538777224563],[-64.133976523206741,-18.489538663775683],[-64.13397664211071,-18.489556736572773],[-64.134014525400985,-18.4895565096691],[-64.134014406493023,-18.489538436872245],[-64.134052289778808,-18.489538209961228],[-64.134052408690707,-18.489556282757846],[-64.134071350335375,-18.489556169299377],[-64.134109233624272,-18.489555942376764],[-64.134109352542282,-18.48957401517298],[-64.134128294188514,-18.489573901708713],[-64.13412853202891,-18.489610047300815],[-64.134147473678965,-18.489609933834412],[-64.134147592601352,-18.489628006630277],[-64.134166534253254,-18.489627893161863],[-64.134166653177772,-18.489645965957592],[-64.134185594831536,-18.489645852487165],[-64.134185713758157,-18.489663925282734],[-64.134204655413768,-18.489663811810296],[-64.134204774342521,-18.489681884605712],[-64.134223715999994,-18.489681771131263],[-64.134223834930864,-18.489699843926505],[-64.134242776590185,-18.489699730450042],[-64.134318543226016,-18.489699276525247],[-64.134318662166933,-18.489717349319875],[-64.134337603827547,-18.489717235833822],[-64.134356545488032,-18.489717122345873],[-64.134356664433071,-18.489735195140245],[-64.134375606095389,-18.489735081650284],[-64.134394547757566,-18.489734968158427],[-64.134394666706726,-18.489753040952511],[-64.134413608370764,-18.489752927458643],[-64.134413846273432,-18.489789073046463],[-64.134432787941293,-18.489788959550463],[-64.13443290689483,-18.489807032344217],[-64.134451848564524,-18.489806918846202],[-64.134452086475989,-18.489843064433352],[-64.13447102814952,-18.489842950933209],[-64.134471147107448,-18.489861023726593],[-64.13449008878284,-18.489860910224436],[-64.134490207742871,-18.489878983017679],[-64.134509149420111,-18.489878869513511],[-64.134509268382274,-18.489896942306611],[-64.134528210061347,-18.489896828800429],[-64.134528329025628,-18.489914901593366],[-64.134547270706577,-18.489914788085173],[-64.134585154068034,-18.489914561063099],[-64.134585273038411,-18.489932633855652],[-64.134604214720895,-18.489932520341654],[-64.134604333693389,-18.489950593134033],[-64.134623275377763,-18.48995047961802],[-64.134624108202971,-18.490076989162958],[-64.134643049901086,-18.490076875644224],[-64.134644358661859,-18.490275676352876],[-64.134625416941901,-18.490275789872918],[-64.134626011828729,-18.490366153830593],[-64.134607070098696,-18.49036626734933],[-64.134607664979029,-18.490456631306717],[-64.134588723238963,-18.490456744824158],[-64.134588842213446,-18.490474817615656],[-64.134569900471249,-18.49047493113132],[-64.134570019443899,-18.490493003922893],[-64.134551077699555,-18.490493117436785],[-64.134551434612362,-18.490547335811645],[-64.13453249286195,-18.490547449323994],[-64.13453273080053,-18.490583594907317],[-64.134551672554906,-18.490583481394726],[-64.134552267413682,-18.490673845351779],[-64.134571209177864,-18.490673731836704],[-64.134571328152006,-18.490691804627875],[-64.134590269918036,-18.490691691110783],[-64.134591102754825,-18.490818200647276],[-64.134610044534597,-18.490818087127465],[-64.134610163513813,-18.490836159918139],[-64.13462910529546,-18.490836046396311],[-64.134648047076951,-18.490835932872585],[-64.134648166060288,-18.490854005662982],[-64.134667107843626,-18.490853892137245],[-64.134704991409876,-18.490853665080088],[-64.134705110399295,-18.490871737870076],[-64.134724052184225,-18.490871624338538],[-64.134725480091788,-18.491088497814424],[-64.134706538283041,-18.491088611347386],[-64.134706776265588,-18.491124756926425],[-64.134687834452762,-18.491124870457732],[-64.134688072431885,-18.491161016036894],[-64.13466913061491,-18.491161129566546],[-64.134669249602695,-18.491179202356196],[-64.134650307783616,-18.491179315884068],[-64.134650664741827,-18.491233534253134],[-64.134631722916652,-18.491233647779467],[-64.134632555810057,-18.491360157306893],[-64.134613613970856,-18.491360270832168],[-64.134613970921265,-18.491414489200913],[-64.134632912766421,-18.491414375675284],[-64.134634935542522,-18.491721613090064],[-64.134615993663601,-18.491721726617712],[-64.134616707582126,-18.491830163350642],[-64.134635649472955,-18.49183004982228],[-64.134635768461848,-18.491848122610858],[-64.134578942783008,-18.491848463190614],[-64.134579061766075,-18.491866535979494],[-64.134522236080059,-18.491866876542556],[-64.1345223550573,-18.49188494933178],[-64.134408703669635,-18.491885630407474],[-64.134408822635109,-18.491903703197373],[-64.13431411313168,-18.491904270708943],[-64.134314232087362,-18.491922343499404],[-64.134238464474222,-18.491922797475041],[-64.134238583422089,-18.491940870265921],[-64.134200699610716,-18.491941097242606],[-64.13420081855476,-18.491959170033702],[-64.134181876646878,-18.491959283519321],[-64.134181995589074,-18.491977356310514],[-64.134163053679103,-18.49197746979436],[-64.134163172619438,-18.491995542585634],[-64.13410634688266,-18.49199588302616],[-64.13410622794828,-18.49197781023453],[-64.13408728603774,-18.491977923710799],[-64.134068344127058,-18.491978037185174],[-64.134068225196771,-18.491959964393267],[-64.134049283287936,-18.491960077865631],[-64.134030341378946,-18.491960191336101],[-64.134030222452779,-18.491942118543935],[-64.133992338638407,-18.491942345478943],[-64.133973396730994,-18.491942458943608],[-64.133973277810924,-18.491924386151069],[-64.133859626375553,-18.49192506689856],[-64.133859745283729,-18.491943139691813],[-64.133821861466885,-18.491943366592725],[-64.133821980371224,-18.491961439386198],[-64.133784096549846,-18.491961666279767],[-64.133784215450348,-18.49197973907345],[-64.133746331624451,-18.491979965959683],[-64.133746450521116,-18.491998038753568],[-64.133727508606,-18.491998152193961],[-64.133727627500818,-18.492016224987918],[-64.133348789129599,-18.492018493400334],[-64.133348670274486,-18.492000420604004],[-64.133329728356458,-18.492000534004617],[-64.133329609503477,-18.491982461208124],[-64.133310667587295,-18.49198257460672],[-64.133310548736432,-18.491964501810067],[-64.133272664907665,-18.491964728601346],[-64.133272783754563,-18.491982801398233],[-64.133102306500447,-18.49198382186627],[-64.133102187671426,-18.491965749068314],[-64.133083245755586,-18.491965862444058],[-64.133083126928682,-18.491947789645966],[-64.133064185014703,-18.491947903019696],[-64.133064066189917,-18.491929830221462],[-64.1330451242778,-18.491929943593181],[-64.133045005455145,-18.49191187079477],[-64.133026063544861,-18.491911984164478],[-64.133025944724324,-18.491893911365917],[-64.133007002815887,-18.491894024733611],[-64.133006883997467,-18.49187595193489],[-64.132987942090892,-18.49187606530057],[-64.13298782327459,-18.491857992501725],[-64.132968881369848,-18.491858105865393],[-64.132949939465007,-18.491858219227169],[-64.132949820652811,-18.491840146428025],[-64.132930878749775,-18.491840259787789],[-64.132911936846625,-18.491840373145653],[-64.132911818038536,-18.491822300346232],[-64.13289287613722,-18.491822413702085],[-64.132892757331263,-18.491804340902522],[-64.13279804783258,-18.491804907652782],[-64.132779105932457,-18.491805020997152],[-64.132778987138551,-18.491786948196832],[-64.1327411033418,-18.491787174879651],[-64.132741222131742,-18.491805247680208],[-64.132684396429667,-18.491805587690582],[-64.132665454528691,-18.491805701023587],[-64.132665216964824,-18.491769555421513],[-64.132608391273024,-18.491769895408446],[-64.132608510048925,-18.491787968209842],[-64.132513800549887,-18.491788534817431],[-64.132513919315997,-18.491806607619413],[-64.132494977413799,-18.491806720935369],[-64.132495096178062,-18.491824793737422],[-64.132476154273732,-18.491824907051601],[-64.132476273036147,-18.49184297985375],[-64.1324573311297,-18.49184309316615],[-64.132457449890268,-18.491861165968373],[-64.132438507981689,-18.491861279279004],[-64.132438745499257,-18.491897424883568],[-64.132381919760832,-18.49189776480479],[-64.132381801007924,-18.491879692002158],[-64.13236285909683,-18.491879805305324],[-64.132362740346053,-18.491861732502567],[-64.132343798436807,-18.491861845803712],[-64.132343560939645,-18.491825700197804],[-64.132324619034222,-18.491825813496828],[-64.132324500287822,-18.491807740693705],[-64.132305558384246,-18.491807853990714],[-64.132305439639978,-18.491789781187428],[-64.132267555836378,-18.491790007775528],[-64.132267793317126,-18.491826153382529],[-64.132192025692433,-18.491826606536943],[-64.132191788227587,-18.491790460929],[-64.132172846325062,-18.491790574212626],[-64.132172727594821,-18.491772501408505],[-64.132153785694115,-18.491772614690124],[-64.132153666966005,-18.491754541885822],[-64.132134725067147,-18.491754655165426],[-64.132134606341154,-18.491736582360975],[-64.132115664444157,-18.491736695638572],[-64.132115545720296,-18.491718622833957],[-64.132096603825133,-18.491718736109537],[-64.13207766192987,-18.491718849383222],[-64.132077543210102,-18.491700776578348],[-64.132020717529358,-18.491701116387681],[-64.132020954957113,-18.491737261998111],[-64.132002013059321,-18.491737375264339],[-64.132002250483637,-18.491773520874869],[-64.131945424777427,-18.491773860662892],[-64.131946018310856,-18.491864224690357],[-64.131964960222987,-18.491864111428985],[-64.131965078932083,-18.491882184234235],[-64.131946137017962,-18.491882297495724],[-64.131946255725197,-18.491900370301082],[-64.131908371892592,-18.491900596818621],[-64.131908253189337,-18.491882524013022],[-64.131889311274804,-18.49188263726883],[-64.131870369360144,-18.491882750522741],[-64.131870250660981,-18.491864677716904],[-64.131813424922157,-18.491865017466921],[-64.131813543615351,-18.491883090273117],[-64.13171883403794,-18.491883656485854],[-64.131718952721343,-18.491901729292636],[-64.131662126967299,-18.491902068997895],[-64.131662008289837,-18.491883996190758],[-64.131624124457105,-18.491884222651226],[-64.131624243130602,-18.491902295458601],[-64.131605301212034,-18.491902408686112],[-64.13160541988367,-18.491920481493562],[-64.131567536042169,-18.491920707943134],[-64.131567654709968,-18.491938780750793],[-64.131491887017361,-18.491939233627683],[-64.131492005677359,-18.491957306435758],[-64.131397296048604,-18.491957872489838],[-64.13139717739854,-18.491939799681173],[-64.131378235474386,-18.491939912886185],[-64.131378354122461,-18.49195798569497],[-64.131359412196161,-18.491958098898209],[-64.131359530842403,-18.491976171707087],[-64.131340588913972,-18.491976284908549],[-64.131340707558351,-18.49199435771753],[-64.131321765627817,-18.491994470917213],[-64.131321646985398,-18.491976398108125],[-64.131245879269827,-18.491976850887447],[-64.131226937340585,-18.491976964077544],[-64.131226818708257,-18.491958891267835],[-64.131207876780863,-18.491959004455918],[-64.131207758150651,-18.491940931646067],[-64.131150932373615,-18.491941271198595],[-64.13113199044767,-18.491941384378983],[-64.131131871825545,-18.491923311568602],[-64.131112929901434,-18.491923424746979],[-64.131093987977195,-18.491923537923459],[-64.131093869359162,-18.491905465112811],[-64.130847624357415,-18.491906936233125],[-64.130847742949626,-18.49192500904531],[-64.13080985909717,-18.491925235343334],[-64.130809977685558,-18.491943308155729],[-64.130715268042124,-18.491943873868227],[-64.130715386620722,-18.491961946681155],[-64.13054490923605,-18.491962964845371],[-64.13054479067533,-18.491944892031377],[-64.130374313297466,-18.491945910041078],[-64.130374431840323,-18.491963982856134],[-64.130336547973101,-18.491964209059912],[-64.130336429434223,-18.491946136244621],[-64.130317487502396,-18.491946249343549],[-64.130317368965621,-18.491928176528077],[-64.13024160124489,-18.491928628904375],[-64.130241719773707,-18.491946701720316],[-64.130222777841183,-18.491946814809776],[-64.130222896368167,-18.491964887625777],[-64.130166070563845,-18.491965226883138],[-64.130166189085003,-18.491983299699474],[-64.12965475673721,-18.491986352251658],[-64.129654993672716,-18.492022497890638],[-64.129617109783183,-18.492022723951148],[-64.12961722824717,-18.492040796770812],[-64.129598286300222,-18.492040909798344],[-64.129598523224615,-18.492077055437793],[-64.129617465175556,-18.492076942410026],[-64.129636407126341,-18.492076829380363],[-64.129636880992678,-18.492149120657903],[-64.129617939033949,-18.492149233688039],[-64.129618057498888,-18.492167306507465],[-64.129599115538028,-18.492167419535825],[-64.129599234001134,-18.492185492355329],[-64.129580292038156,-18.492185605381909],[-64.129580410499401,-18.492203678201502],[-64.129599352464354,-18.492203565174801],[-64.129599470927715,-18.492221637994213],[-64.129580528960787,-18.492221751021034],[-64.129581002807654,-18.492294042298894],[-64.129562060832654,-18.492294155324291],[-64.129562179292734,-18.492312228143764],[-64.129467469405668,-18.492312793242938],[-64.129467350955522,-18.492294720422869],[-64.129429467003689,-18.492294946449039],[-64.12942958544987,-18.492313019269343],[-64.129410643471772,-18.492313132279705],[-64.129410761916091,-18.492331205100115],[-64.129391819935904,-18.4923313181087],[-64.129392530592838,-18.492439755031089],[-64.129373588600558,-18.492439868038488],[-64.129373470159379,-18.492421795218053],[-64.129335586178399,-18.492422021226933],[-64.129335704615599,-18.492440094047605],[-64.129165226676591,-18.492441110994861],[-64.129165345096069,-18.492459183816553],[-64.129146403100179,-18.492459296801336],[-64.129146521517796,-18.492477369623096],[-64.129070753524928,-18.492477821543762],[-64.129070871934744,-18.49249589436598],[-64.129051929934192,-18.492496007341533],[-64.129052403566902,-18.492568298630491],[-64.129033461558294,-18.492568411604619],[-64.129033579964812,-18.492586484426901],[-64.129014637954086,-18.492586597399253],[-64.129014756358757,-18.492604670221606],[-64.128938988306473,-18.492605122092545],[-64.128938869909732,-18.492587049269712],[-64.12890098588673,-18.492587275193575],[-64.128901104279493,-18.492605348016642],[-64.128882162265811,-18.492605460975849],[-64.128882280656725,-18.492623533799005],[-64.12886333864094,-18.492623646756439],[-64.128863575419217,-18.492659792402854],[-64.128844633399297,-18.492659905358629],[-64.128844751786659,-18.492677978181909],[-64.128825809764606,-18.492678091135904],[-64.128825928150121,-18.492696163959277],[-64.128806986125952,-18.492696276911499],[-64.128807104509619,-18.492714349734921],[-64.128731336403675,-18.492714801525338],[-64.128731454779526,-18.492732874349215],[-64.128674628692679,-18.492733213172485],[-64.128674747062718,-18.492751285996697],[-64.128617920968679,-18.492751624803272],[-64.128618039332906,-18.492769697627793],[-64.128599097299301,-18.492769810559651],[-64.128599215661666,-18.49278788338426],[-64.128580273625928,-18.492787996314338],[-64.128580391986446,-18.492806069139007],[-64.128409913640922,-18.492807085425518],[-64.128409795298268,-18.49278901259979],[-64.128390853261166,-18.492789125510921],[-64.128371911223937,-18.492789238420158],[-64.128371792885403,-18.492771165594128],[-64.12835285085005,-18.492771278501355],[-64.128352732513633,-18.492753205675182],[-64.12825802234461,-18.492753770182304],[-64.128239080310408,-18.492753883078045],[-64.128238961986042,-18.492735810251116],[-64.12814425182286,-18.492736374700812],[-64.128125309789823,-18.49273648758507],[-64.128125191477508,-18.492718414757409],[-64.128087307414987,-18.492718640520003],[-64.128087425723336,-18.492736713347899],[-64.128011657588686,-18.492737164850819],[-64.128011539288295,-18.492719092022451],[-64.127992597256295,-18.49271920489333],[-64.127992478958006,-18.492701132064823],[-64.127954594897531,-18.492701357800655],[-64.127935652867095,-18.492701470665729],[-64.127935534574902,-18.49268339783681],[-64.127916592546342,-18.492683510699873],[-64.127916474256267,-18.492665437870805],[-64.127897532229525,-18.492665550731857],[-64.127897413941582,-18.492647477902629],[-64.127878471916688,-18.492647590761667],[-64.127878353630862,-18.492629517932308],[-64.127859411607815,-18.492629630789335],[-64.127859293324107,-18.492611557959801],[-64.127840351302908,-18.492611670814814],[-64.127840233021345,-18.492593597985135],[-64.127821291002022,-18.492593710838133],[-64.127821172722562,-18.49257563800829],[-64.127802230705058,-18.492575750859277],[-64.12780211242773,-18.492557678029296],[-64.127783170412073,-18.492557790878269],[-64.127783052136863,-18.492539718048146],[-64.127726226095078,-18.492540056583348],[-64.12770728408087,-18.492540169424629],[-64.127706929279867,-18.492485950932572],[-64.127687987271486,-18.492486063771601],[-64.127687869006735,-18.492467990940749],[-64.127668927000201,-18.492468103777767],[-64.127668808737582,-18.492450030946745],[-64.127649866732909,-18.492450143781749],[-64.127649748472408,-18.492432070950567],[-64.127630806469568,-18.49243218378356],[-64.127630688211198,-18.492414110952229],[-64.127611746210206,-18.492414223783207],[-64.127611273186005,-18.492341932457069],[-64.127554447206066,-18.492342270937225],[-64.127535505212464,-18.492342383760153],[-64.127535386964695,-18.492324310928055],[-64.127364909034128,-18.49232532624811],[-64.127365027264034,-18.492343399081278],[-64.127232433296498,-18.492344188669396],[-64.127232551512634,-18.492362261503345],[-64.127213609514754,-18.492362374294185],[-64.127213727729043,-18.492380447128223],[-64.127194785729031,-18.49238055991729],[-64.127194903941472,-18.492398632751392],[-64.127119135932105,-18.492399083889183],[-64.127119254136744,-18.492417156723739],[-64.127100312132072,-18.492417269503569],[-64.127100430334849,-18.492435342338204],[-64.127081488328074,-18.492435455116258],[-64.127081606528989,-18.492453527950978],[-64.127062664520082,-18.492453640727259],[-64.127062782719165,-18.492471713562054],[-64.127043840708154,-18.492471826336558],[-64.127043958905389,-18.492489899171421],[-64.127006074878935,-18.492490124714976],[-64.127006193072333,-18.492508197550066],[-64.126987251056917,-18.492508310319121],[-64.126987369248482,-18.492526383154285],[-64.126968427230935,-18.49252649592156],[-64.126968309041374,-18.492508423086278],[-64.126892540977835,-18.492508874135964],[-64.126892659159438,-18.492526946971722],[-64.126873717141251,-18.492527059729525],[-64.126873835321035,-18.492545132565372],[-64.126835951280214,-18.492545358075528],[-64.126836187632236,-18.492581503747559],[-64.12681724560764,-18.492581616500029],[-64.126817481956238,-18.492617762172177],[-64.126798539927549,-18.492617874922992],[-64.126798658100057,-18.492635947759133],[-64.126741832007241,-18.492636286000572],[-64.126741950173923,-18.492654358837008],[-64.126685124073916,-18.492654697061742],[-64.126685242234785,-18.492672769898522],[-64.12666630019919,-18.492672882636434],[-64.126666418358212,-18.492690955473286],[-64.1266474763205,-18.492691068209417],[-64.126647594477674,-18.492709141046362],[-64.126628652437816,-18.492709253780717],[-64.126628770593157,-18.492727326617722],[-64.12660982855121,-18.492727439350301],[-64.126610064858284,-18.492763585024477],[-64.126591122812215,-18.492763697755397],[-64.12659124096399,-18.492781770592543],[-64.126610183012033,-18.492781657861507],[-64.126610301165925,-18.492799730698511],[-64.126572417065702,-18.49279995615893],[-64.126553475015385,-18.492800068886297],[-64.126553238719666,-18.492763923211552],[-64.126534296673171,-18.492764035936791],[-64.126534060381985,-18.492727890261669],[-64.126553002424487,-18.492727777536668],[-64.126552766129862,-18.492691631861661],[-64.126533824091311,-18.492691744586423],[-64.126533705946187,-18.492673671748747],[-64.126514763909512,-18.492673784471499],[-64.126495821872695,-18.492673897192358],[-64.126495703731678,-18.492655824354401],[-64.126476761696694,-18.492655937073245],[-64.126476643557794,-18.492637864235157],[-64.126457701524672,-18.49263797695199],[-64.126438759491421,-18.492638089666929],[-64.126438641356643,-18.49262001682855],[-64.126419699325211,-18.492620129541475],[-64.126419581192565,-18.492602056702946],[-64.126400639162995,-18.492602169413857],[-64.126381697133283,-18.492602282122878],[-64.126381579004715,-18.492584209284072],[-64.126305810892518,-18.492584660100732],[-64.126286868864113,-18.492584772800164],[-64.12628663262727,-18.492548627121298],[-64.126267690602717,-18.492548739818599],[-64.126267218138594,-18.492476448459946],[-64.126248276121828,-18.492476561154877],[-64.126247803667809,-18.492404269795173],[-64.126266745676617,-18.492404157100708],[-64.126266627561478,-18.492386084260829],[-64.126228743547685,-18.492386309647625],[-64.126228861658859,-18.492404382487738],[-64.12615309362171,-18.492404833239064],[-64.12615297551848,-18.492386760398475],[-64.126115091503038,-18.492386985762536],[-64.126115209602304,-18.49240505860336],[-64.126096267592402,-18.492405171282662],[-64.126096149495126,-18.492387098441721],[-64.1260772074871,-18.492387211119016],[-64.126058265478903,-18.492387323794414],[-64.12605814738572,-18.492369250953182],[-64.126039205379385,-18.492369363626572],[-64.126039087288348,-18.492351290785194],[-64.126020145283846,-18.492351403456567],[-64.126020027194912,-18.492333330615029],[-64.1260010851923,-18.492333443284391],[-64.126000967105483,-18.492315370442721],[-64.12598202510469,-18.492315483110076],[-64.125981907020005,-18.49229741026824],[-64.12596296502106,-18.492297522933576],[-64.125962846938492,-18.492279450091576],[-64.125943904941394,-18.492279562754902],[-64.125943786860958,-18.49226148991276],[-64.125924844865708,-18.492261602574075],[-64.125924726787389,-18.49224352973177],[-64.125905784794014,-18.492243642391067],[-64.125905666717813,-18.492225569548637],[-64.125886724726257,-18.492225682205923],[-64.125886134357231,-18.492135317992563],[-64.125905076338853,-18.49213520533586],[-64.125904840188213,-18.492099059650499],[-64.125885898210569,-18.492099172306961],[-64.125885780137452,-18.492081099464109],[-64.125734244327276,-18.492082000646672],[-64.125715302350386,-18.492082113285967],[-64.125715184295274,-18.492064040442038],[-64.125696242320231,-18.492064153079323],[-64.125696124267236,-18.492046080235227],[-64.125241516873231,-18.492048782958879],[-64.125241634878577,-18.492066855805799],[-64.125090099047284,-18.492067756472139],[-64.125071157067751,-18.49206786904691],[-64.125070921092941,-18.492031723350895],[-64.125051979117245,-18.492031835923534],[-64.125051861132022,-18.492013763075352],[-64.124995035210105,-18.492014100781542],[-64.124976093235844,-18.492014213346486],[-64.124975857281697,-18.491978067649114],[-64.124956915311301,-18.491978180211923],[-64.124956797336424,-18.491960107363052],[-64.124881029461321,-18.491960557594886],[-64.124862087492232,-18.491960670148107],[-64.124861969527402,-18.491942597298618],[-64.124843027560132,-18.491942709849827],[-64.124842909597433,-18.491924637000174],[-64.124369360421412,-18.491927450161807],[-64.124369478334472,-18.491945523014401],[-64.124331594392771,-18.49194574801642],[-64.124331712301995,-18.491963820869206],[-64.124104408616404,-18.491965170723592],[-64.124104290730997,-18.491947097869392],[-64.123858045075352,-18.491948559902269],[-64.123858162934937,-18.491966632758],[-64.123839220958487,-18.49196674520892],[-64.123839338816225,-18.49198481806474],[-64.123820396837672,-18.491984930513887],[-64.123820514693577,-18.492003003369764],[-64.123801572712892,-18.492003115817138],[-64.123801690566921,-18.492021188673114],[-64.123782748584119,-18.492021301118701],[-64.123782866436315,-18.492039373974773],[-64.123536620621579,-18.492040835596629],[-64.12353650279519,-18.49202276273903],[-64.12351756081047,-18.492022875158103],[-64.123517442986198,-18.492004802300364],[-64.12349850100334,-18.492004914717427],[-64.123498383181186,-18.49198684185955],[-64.123460499219036,-18.491987066687752],[-64.12344155723774,-18.491987179099009],[-64.123441439421697,-18.491969106240724],[-64.123479323380167,-18.491968881416547],[-64.123479205560272,-18.491950808558464],[-64.123498147537319,-18.49195069614365],[-64.123498029715577,-18.491932623285646],[-64.123516971690506,-18.491932510869056],[-64.123516853866917,-18.491914438011158],[-64.123497911893978,-18.491914550427634],[-64.12349779407252,-18.491896477569561],[-64.123478852101428,-18.49189658998402],[-64.123478734282088,-18.491878517125787],[-64.123459792312858,-18.491878629538238],[-64.12345955667854,-18.491842483821447],[-64.12347849864382,-18.491842371409231],[-64.123478380824878,-18.491824298550924],[-64.123497322788012,-18.491824186136935],[-64.123496851505678,-18.491751894703729],[-64.123477909550488,-18.491752007117245],[-64.123477202642988,-18.49164356996571],[-64.12345826069955,-18.49164368237663],[-64.12345814288409,-18.491625609517797],[-64.123439200942514,-18.49162572192671],[-64.123439083129185,-18.49160764906771],[-64.123420141189442,-18.491607761474608],[-64.12342002337823,-18.491589688615473],[-64.123382139502354,-18.491589913423347],[-64.123363197564188,-18.491590025824436],[-64.123363079759073,-18.491571952964929],[-64.12334413782277,-18.491572065364014],[-64.123325195886324,-18.491572177761199],[-64.123325078085315,-18.491554104901397],[-64.123306136150745,-18.491554217296571],[-64.123287194216005,-18.491554329689855],[-64.123287076419103,-18.491536256829789],[-64.123268134486224,-18.491536369221059],[-64.123268016691441,-18.491518296360834],[-64.123249074760409,-18.491518408750089],[-64.123248956967728,-18.491500335889736],[-64.123230015038558,-18.491500448276984],[-64.12321107310926,-18.491500560662335],[-64.123210955320701,-18.491482487801694],[-64.123192013393236,-18.491482600185034],[-64.123191895606794,-18.491464527324229],[-64.123172953681177,-18.491464639705558],[-64.123172600328644,-18.491410421122616],[-64.123153658408839,-18.491410533501696],[-64.123153305063482,-18.491356314918065],[-64.123134363149504,-18.4913564272949],[-64.123134245369968,-18.491338354433505],[-64.123115303457865,-18.491338466808326],[-64.123115185680447,-18.4913203939468],[-64.123096243770178,-18.49132050631961],[-64.123096125994877,-18.491302433457903],[-64.123077184086455,-18.491302545828699],[-64.123077066313286,-18.491284472966846],[-64.123058124406711,-18.491284585335634],[-64.12305788886475,-18.491248439611599],[-64.123038946962041,-18.491248551978256],[-64.123038711424584,-18.491212406253826],[-64.123019769525669,-18.491212518618354],[-64.123018709631765,-18.491049862855665],[-64.122999767750585,-18.491049975217241],[-64.122999649987264,-18.491031902354429],[-64.122980708107946,-18.491032014713991],[-64.122980590346728,-18.491013941851016],[-64.122961648469257,-18.491014054208566],[-64.122961530710171,-18.490995981345463],[-64.122942588834562,-18.490996093701003],[-64.122942471077593,-18.490978020837719],[-64.122923529203831,-18.490978133191248],[-64.12292341144898,-18.490960060327822],[-64.122904469577051,-18.49096017267934],[-64.122903880814803,-18.490869808361097],[-64.12288493895268,-18.490869920710129],[-64.122884703452684,-18.490833774982359],[-64.122865761594412,-18.490833887329263],[-64.122865408351416,-18.490779668736966],[-64.122846466498942,-18.490779781081624],[-64.122846348753527,-18.490761708217342],[-64.1228274069029,-18.490761820559985],[-64.122808465052131,-18.490761932900739],[-64.122808347310823,-18.490743860036204],[-64.122789405461916,-18.49074397237494],[-64.122789287722725,-18.490725899510224],[-64.122770345875679,-18.490726011846952],[-64.12277022813862,-18.490707938982098],[-64.122751286293393,-18.490708051316815],[-64.122751168558466,-18.490689978451794],[-64.122732226715101,-18.490690090784501],[-64.122731873517054,-18.490635872188911],[-64.122712931679501,-18.490635984519368],[-64.122712813949079,-18.490617911653974],[-64.122693872113373,-18.490618023982421],[-64.122693754385068,-18.490599951116877],[-64.122674812551253,-18.490600063443313],[-64.122674694825065,-18.490581990577638],[-64.122655752993055,-18.49058210290206],[-64.12265551754507,-18.49054595717033],[-64.122674459373101,-18.490545844846139],[-64.122674341647325,-18.490527771980336],[-64.122693283473211,-18.490527659654372],[-64.122693048018093,-18.490491513922922],[-64.1227119898399,-18.4904914015953],[-64.122711872110557,-18.490473328729625],[-64.122730813930247,-18.490473216400225],[-64.122730460737088,-18.490418997803371],[-64.122749402550681,-18.49041888547243],[-64.122749284817914,-18.490400812606847],[-64.12276822662939,-18.49040070027413],[-64.122767991160288,-18.490364554543106],[-64.122786932967628,-18.490364442208726],[-64.122786697495116,-18.490328296477816],[-64.122805639298363,-18.490328184141781],[-64.122805521560323,-18.490310111276372],[-64.122824463361454,-18.490309998938564],[-64.122824345621567,-18.490291926073247],[-64.122843287420579,-18.490291813733659],[-64.122843169678845,-18.490273740868417],[-64.122862111475726,-18.490273628527049],[-64.122861993732144,-18.490255555661918],[-64.12289987732153,-18.490255330973739],[-64.122899759574111,-18.490237258108788],[-64.122918701366629,-18.490237145761974],[-64.122918583617349,-18.490219072897094],[-64.122937525407735,-18.490218960548503],[-64.122937407656607,-18.490200887683709],[-64.122956349444863,-18.490200775333339],[-64.122956231691902,-18.49018270246864],[-64.122975173478054,-18.490182590116497],[-64.122975055723217,-18.490164517251891],[-64.122993997507265,-18.490164404897971],[-64.122993879750581,-18.490146332033422],[-64.123012821532498,-18.490146219677726],[-64.123012232741232,-18.490055855355092],[-64.123031174513088,-18.490055742998091],[-64.123030350197126,-18.489929232945745],[-64.123049291954928,-18.489929120587668],[-64.123048703151966,-18.489838756264117],[-64.12306764489972,-18.489838643904736],[-64.123066938328733,-18.48973020671599],[-64.123085880064437,-18.489730094355419],[-64.123085762301102,-18.489712021490625],[-64.123066820567374,-18.489712133851079],[-64.123066585045081,-18.489675988121153],[-64.123047643315175,-18.489676100479478],[-64.123046701247276,-18.489531517557392],[-64.123065642961279,-18.489531405200008],[-64.12306505416332,-18.489441040873164],[-64.123046112459249,-18.489441153229954],[-64.12304458162626,-18.489206205974508],[-64.123025639947869,-18.489206318327884],[-64.123025522194411,-18.489188245461705],[-64.123006580517853,-18.48918835781307],[-64.123006462766512,-18.489170284946766],[-64.122987521091815,-18.489170397296117],[-64.122987403342606,-18.489152324429636],[-64.122968461669743,-18.489152436776976],[-64.122949519996737,-18.489152549122419],[-64.122949402251635,-18.489134476255675],[-64.122930460580505,-18.489134588599107],[-64.12293034283752,-18.489116515732203],[-64.122911401168224,-18.489116628073624],[-64.122911283427371,-18.489098555206596],[-64.122892341759922,-18.489098667546003],[-64.122892224021172,-18.489080594678796],[-64.122873282355584,-18.489080707016196],[-64.122873164618952,-18.489062634148834],[-64.122854222955226,-18.489062746484223],[-64.12283528129133,-18.489062858817714],[-64.122835163558818,-18.489044785950089],[-64.122816221896784,-18.489044898281566],[-64.12281610416639,-18.489026825413784],[-64.122797162506203,-18.489026937743251],[-64.122797044777926,-18.489008864875341],[-64.122759161461133,-18.489009089528359],[-64.122740219802523,-18.489009201852031],[-64.122740102080328,-18.488991128983706],[-64.12272116042358,-18.488991241305364],[-64.122721042703517,-18.488973168436893],[-64.122702101048603,-18.488973280756539],[-64.122683159393546,-18.488973393074289],[-64.122683041677604,-18.488955320205541],[-64.122664100024423,-18.488955432521276],[-64.122663982310584,-18.488937359652386],[-64.122645040659236,-18.488937471966114],[-64.122644922947529,-18.488919399097089],[-64.122625981298029,-18.488919511408803],[-64.122625863588439,-18.488901438539592],[-64.122606921940786,-18.488901550849299],[-64.122606804233314,-18.48888347797995],[-64.122587862587523,-18.488883590287642],[-64.122587744882182,-18.48886551741813],[-64.122568803238224,-18.488865629723811],[-64.122568685535001,-18.488847556854171],[-64.12254974389289,-18.488847669157842],[-64.122530802250651,-18.488847781459619],[-64.122530684551535,-18.488829708589691],[-64.122511742911144,-18.488829820889457],[-64.122511625214145,-18.488811748019369],[-64.122492683575629,-18.488811860317124],[-64.122492565880734,-18.48879378744688],[-64.122454682607227,-18.488794012036468],[-64.122435740970261,-18.488794124328422],[-64.122435623281476,-18.488776051457805],[-64.122416681646385,-18.488776163747747],[-64.122416563959717,-18.488758090876992],[-64.122397622326446,-18.48875820316492],[-64.122397504641896,-18.488740130293987],[-64.122378563010471,-18.488740242579908],[-64.1223782099636,-18.488686023966576],[-64.12239715158907,-18.488685911681007],[-64.122396680853868,-18.488613620196517],[-64.122377739236342,-18.488613732481614],[-64.122377503873508,-18.488577586738938]]]},"properties":{"FID":1,"Zona":"Yaguari","IDUH":2,"UH":"SC2 - Yag","AreaHa":41.3324}},{"type":"Feature","id":2,"geometry":{"type":"Polygon","coordinates":[[[-64.120561810663901,-18.48900403355854],[-64.120580752336124,-18.489003921452813],[-64.12058063484038,-18.488985848571076],[-64.120599576510457,-18.488985736463565],[-64.120599459012865,-18.488967663581903],[-64.12061840068084,-18.488967551472616],[-64.120618283181386,-18.488949478591046],[-64.120675108178574,-18.488949142252178],[-64.120674990673308,-18.488931069370938],[-64.120693932336749,-18.488930957254315],[-64.12069346230912,-18.488858665729406],[-64.120712403964504,-18.488858553611355],[-64.120712286455955,-18.488840480730154],[-64.12075016976236,-18.488840256488608],[-64.120750287274888,-18.488858329369567],[-64.120769228929859,-18.488858217245838],[-64.120769111415342,-18.488840144364989],[-64.12078805306821,-18.48884003223948],[-64.120787935551846,-18.48882195935871],[-64.120844760503672,-18.488821622971166],[-64.120844878025991,-18.488839695851585],[-64.120863819678306,-18.488839583718498],[-64.120863702153997,-18.488821510838196],[-64.120920527104204,-18.488821174427926],[-64.120920644634452,-18.488839247307876],[-64.120939586286241,-18.488839135167211],[-64.12111006114614,-18.488838125816013],[-64.121110178696384,-18.488856198694748],[-64.121129120348769,-18.488856086535026],[-64.121148062001055,-18.488855974373411],[-64.121148179555391,-18.488874047251858],[-64.121167121209524,-18.488873935088233],[-64.121167238765992,-18.488892007966555],[-64.121186180421958,-18.488891895800915],[-64.121186297980557,-18.488909968679071],[-64.121224181296057,-18.488909744341878],[-64.121224063733493,-18.488891671463957],[-64.121299830354928,-18.488891222767311],[-64.121299712784577,-18.488873149889812],[-64.121564895914759,-18.488871579214546],[-64.121564778316738,-18.488853506338678],[-64.121659486561157,-18.488852945293846],[-64.121659604169096,-18.488871018169124],[-64.121678545819549,-18.488870905954361],[-64.121678428209634,-18.4888528330792],[-64.12182996139255,-18.48885193529382],[-64.121829843766875,-18.488833862419543],[-64.121848785412155,-18.488833750187965],[-64.121849020667597,-18.488869895936229],[-64.121924787263211,-18.48886944699003],[-64.121924669627475,-18.488851374116397],[-64.122000436212957,-18.488850925140369],[-64.12200031856942,-18.488832852267151],[-64.122038201857393,-18.488832627768009],[-64.122038084210018,-18.488814554894986],[-64.122075967493473,-18.4888143303885],[-64.122075849842261,-18.488796257515673],[-64.122113733121196,-18.488796033001844],[-64.122113615466162,-18.48877796012923],[-64.122170440377587,-18.488777623344635],[-64.122170322716727,-18.488759550472352],[-64.122208205986368,-18.488759325940055],[-64.122208088321671,-18.488741253067946],[-64.122227029954303,-18.488741140799071],[-64.12222667695508,-18.488686922182922],[-64.122245618581601,-18.488686809912508],[-64.122245500913465,-18.488668737040502],[-64.122264442537897,-18.488668624768312],[-64.122264324867928,-18.488650551896381],[-64.122283266490228,-18.488650439622411],[-64.122283148818411,-18.488632366750572],[-64.122302090438581,-18.488632254474826],[-64.122301972764916,-18.488614181603062],[-64.122320914382982,-18.488614069325539],[-64.12232079670747,-18.488595996453878],[-64.122358679939182,-18.48859577189339],[-64.122358562259834,-18.488577699021906],[-64.122377503873508,-18.488577586738938],[-64.122377739236342,-18.488613732481614],[-64.122396680853868,-18.488613620196517],[-64.12239715158907,-18.488685911681007],[-64.1223782099636,-18.488686023966576],[-64.122378563010471,-18.488740242579908],[-64.122397504641896,-18.488740130293987],[-64.122397622326446,-18.48875820316492],[-64.122416563959717,-18.488758090876992],[-64.122416681646385,-18.488776163747747],[-64.122435623281476,-18.488776051457805],[-64.122435740970261,-18.488794124328422],[-64.122454682607227,-18.488794012036468],[-64.122492565880734,-18.48879378744688],[-64.122492683575629,-18.488811860317124],[-64.122511625214145,-18.488811748019369],[-64.122511742911144,-18.488829820889457],[-64.122530684551535,-18.488829708589691],[-64.122530802250651,-18.488847781459619],[-64.12254974389289,-18.488847669157842],[-64.122568685535001,-18.488847556854171],[-64.122568803238224,-18.488865629723811],[-64.122587744882182,-18.48886551741813],[-64.122587862587523,-18.488883590287642],[-64.122606804233314,-18.48888347797995],[-64.122606921940786,-18.488901550849299],[-64.122625863588439,-18.488901438539592],[-64.122625981298029,-18.488919511408803],[-64.122644922947529,-18.488919399097089],[-64.122645040659236,-18.488937471966114],[-64.122663982310584,-18.488937359652386],[-64.122664100024423,-18.488955432521276],[-64.122683041677604,-18.488955320205541],[-64.122683159393546,-18.488973393074289],[-64.122702101048603,-18.488973280756539],[-64.122721042703517,-18.488973168436893],[-64.12272116042358,-18.488991241305364],[-64.122740102080328,-18.488991128983706],[-64.122740219802523,-18.489009201852031],[-64.122759161461133,-18.489009089528359],[-64.122797044777926,-18.489008864875341],[-64.122797162506203,-18.489026937743251],[-64.12281610416639,-18.489026825413784],[-64.122816221896784,-18.489044898281566],[-64.122835163558818,-18.489044785950089],[-64.12283528129133,-18.489062858817714],[-64.122854222955226,-18.489062746484223],[-64.122873164618952,-18.489062634148834],[-64.122873282355584,-18.489080707016196],[-64.122892224021172,-18.489080594678796],[-64.122892341759922,-18.489098667546003],[-64.122911283427371,-18.489098555206596],[-64.122911401168224,-18.489116628073624],[-64.12293034283752,-18.489116515732203],[-64.122930460580505,-18.489134588599107],[-64.122949402251635,-18.489134476255675],[-64.122949519996737,-18.489152549122419],[-64.122968461669743,-18.489152436776976],[-64.122987403342606,-18.489152324429636],[-64.122987521091815,-18.489170397296117],[-64.123006462766512,-18.489170284946766],[-64.123006580517853,-18.48918835781307],[-64.123025522194411,-18.489188245461705],[-64.123025639947869,-18.489206318327884],[-64.12304458162626,-18.489206205974508],[-64.123046112459249,-18.489441153229954],[-64.12306505416332,-18.489441040873164],[-64.123065642961279,-18.489531405200008],[-64.123046701247276,-18.489531517557392],[-64.123047643315175,-18.489676100479478],[-64.123066585045081,-18.489675988121153],[-64.123066820567374,-18.489712133851079],[-64.123085762301102,-18.489712021490625],[-64.123085880064437,-18.489730094355419],[-64.123066938328733,-18.48973020671599],[-64.12306764489972,-18.489838643904736],[-64.123048703151966,-18.489838756264117],[-64.123049291954928,-18.489929120587668],[-64.123030350197126,-18.489929232945745],[-64.123031174513088,-18.490055742998091],[-64.123012232741232,-18.490055855355092],[-64.123012821532498,-18.490146219677726],[-64.122993879750581,-18.490146332033422],[-64.122993997507265,-18.490164404897971],[-64.122975055723217,-18.490164517251891],[-64.122975173478054,-18.490182590116497],[-64.122956231691902,-18.49018270246864],[-64.122956349444863,-18.490200775333339],[-64.122937407656607,-18.490200887683709],[-64.122937525407735,-18.490218960548503],[-64.122918583617349,-18.490219072897094],[-64.122918701366629,-18.490237145761974],[-64.122899759574111,-18.490237258108788],[-64.12289987732153,-18.490255330973739],[-64.122861993732144,-18.490255555661918],[-64.122862111475726,-18.490273628527049],[-64.122843169678845,-18.490273740868417],[-64.122843287420579,-18.490291813733659],[-64.122824345621567,-18.490291926073247],[-64.122824463361454,-18.490309998938564],[-64.122805521560323,-18.490310111276372],[-64.122805639298363,-18.490328184141781],[-64.122786697495116,-18.490328296477816],[-64.122786932967628,-18.490364442208726],[-64.122767991160288,-18.490364554543106],[-64.12276822662939,-18.49040070027413],[-64.122749284817914,-18.490400812606847],[-64.122749402550681,-18.49041888547243],[-64.122730460737088,-18.490418997803371],[-64.122730813930247,-18.490473216400225],[-64.122711872110557,-18.490473328729625],[-64.1227119898399,-18.4904914015953],[-64.122693048018093,-18.490491513922922],[-64.122693283473211,-18.490527659654372],[-64.122674341647325,-18.490527771980336],[-64.122674459373101,-18.490545844846139],[-64.12265551754507,-18.49054595717033],[-64.122655752993055,-18.49058210290206],[-64.122674694825065,-18.490581990577638],[-64.122674812551253,-18.490600063443313],[-64.122693754385068,-18.490599951116877],[-64.122693872113373,-18.490618023982421],[-64.122712813949079,-18.490617911653974],[-64.122712931679501,-18.490635984519368],[-64.122731873517054,-18.490635872188911],[-64.122732226715101,-18.490690090784501],[-64.122751168558466,-18.490689978451794],[-64.122751286293393,-18.490708051316815],[-64.12277022813862,-18.490707938982098],[-64.122770345875679,-18.490726011846952],[-64.122789287722725,-18.490725899510224],[-64.122789405461916,-18.49074397237494],[-64.122808347310823,-18.490743860036204],[-64.122808465052131,-18.490761932900739],[-64.1228274069029,-18.490761820559985],[-64.122846348753527,-18.490761708217342],[-64.122846466498942,-18.490779781081624],[-64.122865408351416,-18.490779668736966],[-64.122865761594412,-18.490833887329263],[-64.122884703452684,-18.490833774982359],[-64.12288493895268,-18.490869920710129],[-64.122903880814803,-18.490869808361097],[-64.122904469577051,-18.49096017267934],[-64.12292341144898,-18.490960060327822],[-64.122923529203831,-18.490978133191248],[-64.122942471077593,-18.490978020837719],[-64.122942588834562,-18.490996093701003],[-64.122961530710171,-18.490995981345463],[-64.122961648469257,-18.491014054208566],[-64.122980590346728,-18.491013941851016],[-64.122980708107946,-18.491032014713991],[-64.122999649987264,-18.491031902354429],[-64.122999767750585,-18.491049975217241],[-64.123018709631765,-18.491049862855665],[-64.123019769525669,-18.491212518618354],[-64.123038711424584,-18.491212406253826],[-64.123038946962041,-18.491248551978256],[-64.12305788886475,-18.491248439611599],[-64.123058124406711,-18.491284585335634],[-64.123077066313286,-18.491284472966846],[-64.123077184086455,-18.491302545828699],[-64.123096125994877,-18.491302433457903],[-64.123096243770178,-18.49132050631961],[-64.123115185680447,-18.4913203939468],[-64.123115303457865,-18.491338466808326],[-64.123134245369968,-18.491338354433505],[-64.123134363149504,-18.4913564272949],[-64.123153305063482,-18.491356314918065],[-64.123153658408839,-18.491410533501696],[-64.123172600328644,-18.491410421122616],[-64.123172953681177,-18.491464639705558],[-64.123191895606794,-18.491464527324229],[-64.123192013393236,-18.491482600185034],[-64.123210955320701,-18.491482487801694],[-64.12321107310926,-18.491500560662335],[-64.123230015038558,-18.491500448276984],[-64.123248956967728,-18.491500335889736],[-64.123249074760409,-18.491518408750089],[-64.123268016691441,-18.491518296360834],[-64.123268134486224,-18.491536369221059],[-64.123287076419103,-18.491536256829789],[-64.123287194216005,-18.491554329689855],[-64.123306136150745,-18.491554217296571],[-64.123325078085315,-18.491554104901397],[-64.123325195886324,-18.491572177761199],[-64.12334413782277,-18.491572065364014],[-64.123363079759073,-18.491571952964929],[-64.123363197564188,-18.491590025824436],[-64.123382139502354,-18.491589913423347],[-64.12342002337823,-18.491589688615473],[-64.123420141189442,-18.491607761474608],[-64.123439083129185,-18.49160764906771],[-64.123439200942514,-18.49162572192671],[-64.12345814288409,-18.491625609517797],[-64.12345826069955,-18.49164368237663],[-64.123477202642988,-18.49164356996571],[-64.123477909550488,-18.491752007117245],[-64.123496851505678,-18.491751894703729],[-64.123497322788012,-18.491824186136935],[-64.123478380824878,-18.491824298550924],[-64.12347849864382,-18.491842371409231],[-64.12345955667854,-18.491842483821447],[-64.123459792312858,-18.491878629538238],[-64.123478734282088,-18.491878517125787],[-64.123478852101428,-18.49189658998402],[-64.12349779407252,-18.491896477569561],[-64.123497911893978,-18.491914550427634],[-64.123516853866917,-18.491914438011158],[-64.123516971690506,-18.491932510869056],[-64.123498029715577,-18.491932623285646],[-64.123498147537319,-18.49195069614365],[-64.123479205560272,-18.491950808558464],[-64.123479323380167,-18.491968881416547],[-64.123441439421697,-18.491969106240724],[-64.12344155723774,-18.491987179099009],[-64.123441792870253,-18.492023324815449],[-64.123422850884864,-18.492023437225047],[-64.12342296869933,-18.49204151008335],[-64.12340402671181,-18.492041622491172],[-64.123404144524429,-18.49205969534956],[-64.12338520253482,-18.492059807755602],[-64.123386145024824,-18.49220439062227],[-64.123367203019157,-18.492204503027363],[-64.123367320829033,-18.492222575885656],[-64.123348378821248,-18.492222688288972],[-64.123349085671435,-18.492331125438707],[-64.123330143651614,-18.492331237840833],[-64.123330379265468,-18.492367383557358],[-64.12331143724154,-18.492367495957826],[-64.123311672851955,-18.492403641674457],[-64.12329273082392,-18.492403754073266],[-64.123293084234604,-18.492457972648282],[-64.123274142200472,-18.492458085045548],[-64.123274613408682,-18.492530376478893],[-64.123255671366465,-18.492530488874735],[-64.12325578916689,-18.492548561733102],[-64.123236847122556,-18.492548674127168],[-64.123236964921105,-18.49256674698562],[-64.123218022874667,-18.492566859377909],[-64.123218140671369,-18.492584932236426],[-64.1231991986228,-18.492585044626935],[-64.123199316417654,-18.492603117485551],[-64.123180374366953,-18.49260322987428],[-64.12318060995311,-18.492639375591647],[-64.123161667898302,-18.492639487978725],[-64.123161785689589,-18.492657560837472],[-64.123123901575624,-18.492657785606173],[-64.12312401936309,-18.492675858465105],[-64.123105077303904,-18.492675970846729],[-64.123104959518429,-18.492657897987687],[-64.123067075403625,-18.49265812274502],[-64.123067193185136,-18.4926761956043],[-64.123029309065828,-18.492676420354293],[-64.123029426843502,-18.492694493213797],[-64.123010484781645,-18.49269460558607],[-64.123010602557471,-18.492712678445645],[-64.122991660493483,-18.492712790816139],[-64.122991896041569,-18.492748936535413],[-64.122972953973488,-18.492749048904251],[-64.122973071745747,-18.492767121763958],[-64.122992013815818,-18.492767009395003],[-64.122992602689038,-18.492857373692434],[-64.122973660609048,-18.492857486061975],[-64.122973778382118,-18.492875558921469],[-64.122954836300025,-18.492875671289234],[-64.122954954071247,-18.492893744148823],[-64.122936011987008,-18.492893856514808],[-64.122936483065303,-18.492966147953229],[-64.122917540972992,-18.49296626031779],[-64.122917658740931,-18.492984333177436],[-64.122898716646489,-18.492984445540223],[-64.122898834412567,-18.493002518399926],[-64.122879892316035,-18.493002630760937],[-64.122880481138537,-18.493092995059591],[-64.122861539031902,-18.493093107419295],[-64.122861656794825,-18.49311118027904],[-64.122842714686087,-18.493111292636968],[-64.122842832447162,-18.493129365496799],[-64.122823890336292,-18.493129477852946],[-64.12282400809552,-18.493147550712859],[-64.122805065982547,-18.49314766306723],[-64.122805183739914,-18.493165735927207],[-64.122786241624823,-18.493165848279798],[-64.122786359380342,-18.493183921139874],[-64.122805301497408,-18.493183808787162],[-64.122805419255059,-18.493201881647089],[-64.122786477136003,-18.493201993999914],[-64.122786594891792,-18.493220066859919],[-64.122767652770591,-18.493220179210972],[-64.122767888278631,-18.493256324931099],[-64.122748946153322,-18.49325643728049],[-64.122750005928268,-18.493419093020414],[-64.122768948071439,-18.493418980669961],[-64.122769065826873,-18.493437053529657],[-64.122788007971891,-18.493436941177197],[-64.122788479002935,-18.493509232615168],[-64.122769536849972,-18.4935093449681],[-64.122769772362332,-18.493545490687119],[-64.122750830205263,-18.493545603038392],[-64.122751301223687,-18.493617894476454],[-64.1227702433887,-18.493617782124712],[-64.122770361145626,-18.493635854984024],[-64.122751418978623,-18.493635967335884],[-64.122751889999748,-18.493708258773246],[-64.122732947824673,-18.493708371123681],[-64.122733065578316,-18.493726443983061],[-64.12271412340111,-18.493726556331719],[-64.122714358904815,-18.493762702050571],[-64.122695416723545,-18.49376281439757],[-64.122695534473607,-18.493780887257078],[-64.122714476656881,-18.493780774909958],[-64.12271541867824,-18.493925357783741],[-64.122696476479078,-18.493925470131796],[-64.122696829733357,-18.493979688709256],[-64.122677887528084,-18.493979801055772],[-64.122678005277805,-18.49399787391495],[-64.122659063070415,-18.493997986259686],[-64.122659180818289,-18.494016059118962],[-64.122640238608767,-18.494016171461922],[-64.122640474100933,-18.494052317180618],[-64.122621531887333,-18.494052429521918],[-64.12262164963164,-18.49407050238133],[-64.122602707415894,-18.494070614720854],[-64.122603060643655,-18.494124833299207],[-64.122622002865356,-18.494124720959331],[-64.122622356100294,-18.494178939537015],[-64.122603413872639,-18.494179051877243],[-64.122604120334273,-18.494287489032391],[-64.122623062573837,-18.494287376691457],[-64.122623415812441,-18.494341595268189],[-64.122642358057817,-18.494341482925009],[-64.122642711303598,-18.494395701501098],[-64.122623769052268,-18.494395813844633],[-64.122623886799147,-18.494413886703349],[-64.122604944545685,-18.494413999045104],[-64.122605062290702,-18.494432071903926],[-64.122586120035109,-18.494432184243905],[-64.122586355521619,-18.494468329961688],[-64.122567413261919,-18.494468442300008],[-64.122567648744976,-18.494504588017861],[-64.122510821953171,-18.494504925022152],[-64.122510704217518,-18.494486852162908],[-64.122491761955303,-18.494486964493763],[-64.122491644221782,-18.494468891634337],[-64.122472701961385,-18.494469003963186],[-64.122472584229996,-18.494450931103611],[-64.122453641971489,-18.494451043430441],[-64.122453524242218,-18.49443297057071],[-64.12243458198553,-18.494433082895533],[-64.122434464258362,-18.494415010035652],[-64.122415522003536,-18.494415122358461],[-64.122415404278499,-18.494397049498453],[-64.122396462025534,-18.494397161819247],[-64.122396344302615,-18.494379088959057],[-64.122377402051484,-18.494379201277841],[-64.122377284330682,-18.494361128417502],[-64.122320457582461,-18.494361465362136],[-64.122301515332779,-18.494361577673228],[-64.122301397620063,-18.494343504812381],[-64.122282455372229,-18.494343617121459],[-64.12228233766163,-18.49432554426048],[-64.122263395415658,-18.494325656567547],[-64.122263277707205,-18.494307583706398],[-64.122244335463066,-18.49430769601145],[-64.122244217756716,-18.494289623150145],[-64.122225275514424,-18.494289735453187],[-64.122225157810192,-18.494271662591732],[-64.122206215569761,-18.494271774892759],[-64.122206097867647,-18.494253702031148],[-64.122187155629078,-18.494253814330168],[-64.122187037929095,-18.494235741468426],[-64.122168095692359,-18.494235853765428],[-64.122167977994494,-18.494217780903512],[-64.12214903575962,-18.494217893198503],[-64.122148918063871,-18.494199820336441],[-64.122129975830831,-18.494199932629424],[-64.122129858137214,-18.494181859767199],[-64.122110915906021,-18.494181972058165],[-64.122110680523164,-18.494145826333412],[-64.122091738295822,-18.49414593862225],[-64.122072796068352,-18.494146050909194],[-64.122072560693965,-18.494109905183805],[-64.122053618470318,-18.494110017468621],[-64.12205338310045,-18.49407387174287],[-64.12203444088064,-18.494073984025555],[-64.12203432319788,-18.494055911162498],[-64.122015380979946,-18.494056023443171],[-64.12199643876184,-18.494056135721948],[-64.121996321083216,-18.494038062858628],[-64.121977378866958,-18.494038175135397],[-64.121977261190438,-18.494020102271911],[-64.121958318976041,-18.494020214546666],[-64.121958201301652,-18.494002141683044],[-64.121939259089103,-18.494002253955784],[-64.121939141416831,-18.493984181092028],[-64.121920199206144,-18.493984293362754],[-64.121920081536004,-18.49396622049882],[-64.12190113932715,-18.493966332767535],[-64.121901021659127,-18.493948259903455],[-64.121882079452121,-18.493948372170159],[-64.121881961786215,-18.493930299305916],[-64.121844077375798,-18.493930523833406],[-64.121825135170383,-18.493930636094312],[-64.12182501751056,-18.493912563229706],[-64.121806075306992,-18.493912675488602],[-64.1218059576493,-18.493894602623826],[-64.121787015447566,-18.493894714880703],[-64.121786897791992,-18.493876642015771],[-64.121767955592134,-18.493876754270634],[-64.121749013392147,-18.493876866523607],[-64.12174889574068,-18.493858793658411],[-64.121729953542527,-18.493858905909374],[-64.121729835893177,-18.493840833044015],[-64.121710893696871,-18.493840945292963],[-64.121710776049653,-18.493822872427479],[-64.121691833855195,-18.493822984674413],[-64.121691716210094,-18.493804911808752],[-64.121672774017483,-18.493805024053678],[-64.1216726563745,-18.493786951187868],[-64.121653714183779,-18.493787063430783],[-64.121653596542899,-18.493768990564813],[-64.121634654353997,-18.493769102805715],[-64.121634536715263,-18.49375102993962],[-64.121615594528208,-18.493751142178507],[-64.121615476891591,-18.493733069312245],[-64.121596534706384,-18.493733181549121],[-64.121596417071885,-18.493715108682697],[-64.121577474888554,-18.493715220917558],[-64.121577357256186,-18.493697148050988],[-64.121425819800365,-18.493698045860761],[-64.121425937416859,-18.493716118728269],[-64.121406995232292,-18.493716230946085],[-64.121407112846939,-18.493734303813682],[-64.121369228473412,-18.493734528243859],[-64.12136911086273,-18.493716455376024],[-64.121350168677751,-18.493716567588152],[-64.121350051069214,-18.493698494720174],[-64.121312166702836,-18.493698719138514],[-64.121293224519434,-18.493698831344844],[-64.121293106916966,-18.493680758476469],[-64.121274164735425,-18.493680870680784],[-64.121255222553728,-18.493680982883205],[-64.121255104955381,-18.493662910014585],[-64.121236162775546,-18.493663022214996],[-64.121236045179316,-18.493644949346198],[-64.121217103001356,-18.493645061544598],[-64.121216985407244,-18.493626988675654],[-64.121198043231104,-18.49362710087204],[-64.121197925639123,-18.49360902800294],[-64.12117898346483,-18.493609140197311],[-64.121178865874981,-18.493591067328065],[-64.121159923702535,-18.493591179520429],[-64.12114098152999,-18.493591291710896],[-64.12114086394422,-18.493573218841394],[-64.121121921773494,-18.49357333102985],[-64.121121804189869,-18.493555258160175],[-64.12110286202099,-18.493555370346616],[-64.121102744439483,-18.493537297476795],[-64.121083802272452,-18.493537409661226],[-64.121083684693062,-18.493519336791245],[-64.120970031700026,-18.493520009857342],[-64.120970149267507,-18.493538082728026],[-64.12087543842631,-18.493538643564928],[-64.120875555983986,-18.493556716436157],[-64.120742960786714,-18.493557501529065],[-64.120742843242937,-18.493539428657016],[-64.120572363711716,-18.493540437924711],[-64.120553421540905,-18.493540550056096],[-64.120553304017108,-18.493522477182829],[-64.120477535340441,-18.493522925688946],[-64.120458593170923,-18.493523037810736],[-64.120458475657188,-18.493504964936875],[-64.120439533489559,-18.493505077056653],[-64.120439415977955,-18.493487004182626],[-64.120420473812146,-18.493487116300393],[-64.120420356302645,-18.493469043426195],[-64.120401414138684,-18.493469155541955],[-64.120401179124102,-18.493433009793232],[-64.120382236963977,-18.493433121906861],[-64.120381884449031,-18.493378903283187],[-64.120362942294747,-18.49337901539457],[-64.120362824792039,-18.493360942519811],[-64.120343882639588,-18.493361054629183],[-64.120324940487009,-18.493361166736655],[-64.12032482298838,-18.493343093861654],[-64.120249054384644,-18.49334354227214],[-64.120230112233358,-18.493343654370026],[-64.120229994744818,-18.493325581494386],[-64.120173168296148,-18.493325917776321],[-64.120173285778748,-18.49334399065231],[-64.120154343626922,-18.493344102742618],[-64.120154696069548,-18.493398321370723],[-64.12013575391164,-18.493398433459486],[-64.120135871390801,-18.493416506335581],[-64.120116929230761,-18.493416618422568],[-64.120117046708074,-18.493434691298717],[-64.12006022022122,-18.49343502754866],[-64.120060102749875,-18.493416954672156],[-64.120041160589295,-18.493417066751565],[-64.120022218428574,-18.49341717882908],[-64.120022100961336,-18.493399105952282],[-64.12000315880249,-18.493399218027783],[-64.12000304133737,-18.493381145150842],[-64.119984099180357,-18.493381257224332],[-64.119983981717354,-18.493363184347231],[-64.119965039562189,-18.493363296418707],[-64.119964922101303,-18.493345223541478],[-64.119945979948,-18.493345335610947],[-64.119945862489232,-18.493327262733551],[-64.11992692033779,-18.493327374801002],[-64.119926802881153,-18.493309301923443],[-64.11990786073153,-18.493309413988886],[-64.119907743277011,-18.493291341111185],[-64.119794090388439,-18.49329201346335],[-64.119775148239867,-18.493292125515413],[-64.119775030799389,-18.493274052636846],[-64.119756088652665,-18.493274164686895],[-64.119755971214289,-18.493256091808199],[-64.119737029069455,-18.493256203856241],[-64.119736911633211,-18.493238130977367],[-64.119717969490182,-18.493238243023399],[-64.119717734622071,-18.493202097265325],[-64.119698792482879,-18.493202209309224],[-64.119698440187676,-18.493147990671517],[-64.119717382320914,-18.493147878627969],[-64.119717147454153,-18.49311173286954],[-64.11969820532488,-18.493111844912857],[-64.11969808789371,-18.493093772033493],[-64.119679145766298,-18.493093884074796],[-64.119679028337231,-18.493075811195251],[-64.119660086211695,-18.493075923234542],[-64.119659968784731,-18.493057850354862],[-64.119641026661043,-18.49305796239214],[-64.11964090923621,-18.493039889512289],[-64.119621967114355,-18.493040001547559],[-64.11962184969164,-18.493021928667567],[-64.119602907571632,-18.493022040700822],[-64.119602790151049,-18.493003967820698],[-64.119583848032889,-18.493004079851939],[-64.119583730614423,-18.492986006971638],[-64.119564788498138,-18.492986119000868],[-64.119564436249505,-18.492931900359434],[-64.119545494139032,-18.492932012386415],[-64.119545376725071,-18.492913939505751],[-64.119526434616432,-18.492914051530722],[-64.119526317204603,-18.492895978649891],[-64.119507375097811,-18.492896090672854],[-64.119507257688113,-18.492878017791885],[-64.119488315583197,-18.492878129812834],[-64.11948808076815,-18.492841984050553],[-64.119469138667043,-18.492842096069374],[-64.119469021261722,-18.492824023188053],[-64.119450079162476,-18.492824135204859],[-64.119449844356183,-18.492787989441887],[-64.11943090226076,-18.492788101456565],[-64.119430784859802,-18.492770028574913],[-64.11941184276624,-18.492770140587581],[-64.119411725367414,-18.492752067705791],[-64.119354899091888,-18.49275240373208],[-64.119355016484761,-18.492770476614218],[-64.119317132296416,-18.492770700622504],[-64.119317249685466,-18.492788773504859],[-64.119260423396,-18.492789109503434],[-64.119241481299241,-18.492789221499166],[-64.11924136391815,-18.492771148616345],[-64.119279248107574,-18.492770924623215],[-64.119278426415846,-18.492644414444104],[-64.119259484335103,-18.492644526440795],[-64.119259249571229,-18.492608380674771],[-64.119240307494309,-18.492608492669337],[-64.119239955355468,-18.492554274019707],[-64.119221013284402,-18.492554386012024],[-64.119220661152738,-18.492500167361733],[-64.119201719087471,-18.492500279351805],[-64.11920148433768,-18.492464133584516],[-64.119220426398982,-18.492464021594678],[-64.119220309022296,-18.492445948711094],[-64.119258193140496,-18.492445724725972],[-64.119258075759987,-18.492427651842611],[-64.119277017816898,-18.492427539847323],[-64.119276900434542,-18.492409466964023],[-64.119295842489336,-18.492409354966956],[-64.119294551270386,-18.492210553249681],[-64.11931349330321,-18.492210441252009],[-64.11931337591848,-18.492192368368528],[-64.119332317949187,-18.492192256369083],[-64.119332083176204,-18.492156110602256],[-64.119351025202789,-18.492155998601145],[-64.119350320875157,-18.492047561300495],[-64.119369262889705,-18.492047449298191],[-64.119369145500258,-18.492029376414749],[-64.119388087512689,-18.492029264410675],[-64.11938797012138,-18.492011191527322],[-64.119406912131652,-18.492011079521472],[-64.119406794738509,-18.491993006638179],[-64.119425736746692,-18.491992894630553],[-64.119425619351702,-18.491974821747348],[-64.119444561357753,-18.491974709737942],[-64.119444443960901,-18.491956636854813],[-64.119463385964849,-18.49195652484363],[-64.119462564176786,-18.491830014661641],[-64.119481506166693,-18.491829902649378],[-64.119481388766943,-18.491811829766217],[-64.119500330754718,-18.491811717752178],[-64.11950021335312,-18.491793644869087],[-64.119519155338793,-18.491793532853272],[-64.119519037935348,-18.49177545997027],[-64.119537979918903,-18.491775347952679],[-64.11953774510846,-18.491739202186814],[-64.119556687087908,-18.491739090167563],[-64.119556100054226,-18.491648725752846],[-64.119537158084725,-18.49164883777151],[-64.119536688468159,-18.49157654623863],[-64.11955563042973,-18.491576434220438],[-64.11955551302394,-18.491558361337244],[-64.119574454983379,-18.491558249317272],[-64.119574337575742,-18.49154017643416],[-64.119593279533078,-18.491540064412408],[-64.119593044714236,-18.491503918646337],[-64.119611986667451,-18.491503806622926],[-64.119611869256261,-18.491485733739939],[-64.119630811207358,-18.491485621714752],[-64.119630693794306,-18.491467548831857],[-64.119649635743301,-18.491467436804889],[-64.119649518328401,-18.491449363922065],[-64.119668460275236,-18.491449251893325],[-64.119668342858475,-18.491431179010608],[-64.119687284803234,-18.491431066980088],[-64.119686932547822,-18.491376848332013],[-64.119705874486485,-18.491376736299951],[-64.119705757066299,-18.491358663417309],[-64.11972469900283,-18.491358551383474],[-64.119724581580797,-18.491340478500934],[-64.119743523515183,-18.49134036646532],[-64.119743406091303,-18.491322293582833],[-64.119762348023585,-18.491322181545442],[-64.119762230597871,-18.491304108663048],[-64.119781172528036,-18.491303996623877],[-64.119781055100461,-18.491285923741557],[-64.119799997028494,-18.49128581170061],[-64.11979964474061,-18.491231593053826],[-64.119818586662575,-18.491231481011337],[-64.119818234369944,-18.491177262364584],[-64.119837176285785,-18.491177150320549],[-64.119836706556242,-18.491104858791516],[-64.119855648464039,-18.491104746746057],[-64.119855531029998,-18.491086673863833],[-64.119874472935678,-18.491086561816598],[-64.119874355499789,-18.491068488934438],[-64.119893297403323,-18.491068376885426],[-64.119893179965601,-18.491050304003359],[-64.119912121867031,-18.491050191952571],[-64.119912004427434,-18.491032119070578],[-64.119930946326733,-18.491032007018013],[-64.119930711443999,-18.490995861254181],[-64.119949653339191,-18.490995749199957],[-64.119949418453032,-18.490959603436206],[-64.119968360344131,-18.49095949138032],[-64.119968242899262,-18.490941418498522],[-64.119987184788229,-18.490941306440863],[-64.119987067341526,-18.490923233559137],[-64.120006009228362,-18.490923121499698],[-64.120005069643653,-18.49077853844555],[-64.120024011514488,-18.490778426385152],[-64.120023894065028,-18.490760353503362],[-64.120042835933745,-18.490760241441187],[-64.120042718482424,-18.49074216855945],[-64.120061660349023,-18.490742056495499],[-64.120061542895854,-18.490723983613858],[-64.120080484760322,-18.490723871548127],[-64.120080249850432,-18.49068772578498],[-64.120099191710779,-18.490687613717594],[-64.120099074254043,-18.490669540836077],[-64.120080132395699,-18.49066965290335],[-64.120079780032285,-18.490615434258224],[-64.120098721884673,-18.490615322191307],[-64.12009543316266,-18.490109281491673],[-64.120114374959371,-18.490109169426145],[-64.120112143349303,-18.489765784652189],[-64.120131085108156,-18.489765672586991],[-64.120130850200709,-18.489729526820799],[-64.120149791955455,-18.489729414753945],[-64.120148852315197,-18.489584831688742],[-64.120167794053899,-18.489584719620929],[-64.12016767659749,-18.489566646737739],[-64.120186618334088,-18.48956653466815],[-64.120186500875846,-18.489548461785027],[-64.120205442610327,-18.489548349713665],[-64.120204972770708,-18.489476058181349],[-64.120223914497117,-18.489475946108556],[-64.120223679574153,-18.489439800342428],[-64.120242621296455,-18.489439688267979],[-64.120242268907063,-18.489385469618842],[-64.120261210623255,-18.489385357542847],[-64.120260975693711,-18.489349211776844],[-64.12027991740581,-18.489349099699194],[-64.120279799939254,-18.489331026816238],[-64.120298741649236,-18.489330914736808],[-64.120298624180833,-18.489312841853945],[-64.120317565888698,-18.489312729772742],[-64.120317448418433,-18.48929465688995],[-64.120336390124194,-18.489294544806967],[-64.120336272652082,-18.489276471924281],[-64.120355214355683,-18.489276359839522],[-64.120355096881724,-18.489258286956908],[-64.120374038583222,-18.489258174870372],[-64.12037380363175,-18.489222029105257],[-64.120392745329156,-18.489221917017058],[-64.120392627851629,-18.489203844134561],[-64.120411569546903,-18.489203732044587],[-64.120411452067529,-18.489185659162199],[-64.120430393760671,-18.489185547070448],[-64.12043027627945,-18.489167474188122],[-64.120449217970489,-18.489167362094591],[-64.12044910048742,-18.489149289212349],[-64.120468042176341,-18.489149177117046],[-64.120467924691425,-18.489131104234879],[-64.120486866378215,-18.489130992137795],[-64.120486748891437,-18.489112919255735],[-64.120505690576124,-18.489112807156879],[-64.120505338110661,-18.489058588510776],[-64.120524279789237,-18.489058476410374],[-64.120524162299034,-18.489040403528385],[-64.120543103975507,-18.489040291426207],[-64.120542986483443,-18.489022218544324],[-64.120561928157798,-18.48902210644037],[-64.120561810663901,-18.48900403355854]]]},"properties":{"FID":2,"Zona":"Yaguari","IDUH":3,"UH":"SC3 - Yag","AreaHa":18.263999999999999}},{"type":"Feature","id":3,"geometry":{"type":"Polygon","coordinates":[[[-64.114437439268315,-18.491010204133023],[-64.114588974723588,-18.491009312041935],[-64.114589091604898,-18.491027384956887],[-64.11460803353819,-18.49102727343686],[-64.114608267305158,-18.491063419266414],[-64.11474086086217,-18.491062638571552],[-64.114740743964731,-18.491044565657624],[-64.114816511700695,-18.491044119505066],[-64.11481639479544,-18.491026046591539],[-64.114835336727111,-18.491025935048778],[-64.114835219819994,-18.491007862135348],[-64.114854161749548,-18.491007750590811],[-64.114854044840598,-18.490989677677447],[-64.114910870622467,-18.490989343032826],[-64.11491075370769,-18.490971270119804],[-64.114929695632725,-18.490971158567923],[-64.114929578716101,-18.490953085654969],[-64.114948520639032,-18.490952974101308],[-64.114948403720547,-18.490934901188425],[-64.114986287562004,-18.490934678075661],[-64.114986170639682,-18.490916605162983],[-64.115005112558222,-18.490916493603876],[-64.115004995634067,-18.490898420691277],[-64.11502393755049,-18.49089830913039],[-64.115024054476635,-18.490916382042876],[-64.115042996394934,-18.490916270479982],[-64.115042879466785,-18.49089819756761],[-64.115137589046199,-18.490897639725301],[-64.115137472108273,-18.490879566813501],[-64.115251123587214,-18.490878897340917],[-64.115251006637507,-18.49086082442976],[-64.115307832369197,-18.490860489668243],[-64.115307715413678,-18.490842416757413],[-64.115326657321987,-18.49084230516657],[-64.115326540364606,-18.490824232255811],[-64.115345482270811,-18.490824120663188],[-64.115345365311569,-18.490806047752518],[-64.115364307215643,-18.490805936158122],[-64.115364190254567,-18.490787863247547],[-64.115572551168597,-18.490786635585419],[-64.115572668151515,-18.490804708494704],[-64.115591610053983,-18.490804596877574],[-64.115591493069061,-18.490786523968406],[-64.115610434969398,-18.490786412349497],[-64.115610317982643,-18.490768339440379],[-64.115629259880862,-18.4907682278197],[-64.115629142892274,-18.490750154910675],[-64.115648084788361,-18.490750043288209],[-64.115647967797912,-18.490731970379258],[-64.115704793479409,-18.490731635500854],[-64.115704676483134,-18.490713562592244],[-64.115723618374716,-18.490713450962438],[-64.115723384378612,-18.490677305145304],[-64.115742326266073,-18.490677193513836],[-64.11574220926623,-18.490659120605333],[-64.115799034921906,-18.49065878569991],[-64.115798917916237,-18.490640712791727],[-64.116007278621424,-18.490639484660619],[-64.116007161594069,-18.4906214117537],[-64.116045045352934,-18.490621188432744],[-64.116044928321728,-18.490603115526],[-64.116082812076087,-18.4906028921977],[-64.116082695041058,-18.490584819291165],[-64.116234230037151,-18.49058392590312],[-64.116234112986362,-18.490565852997477],[-64.116271996730063,-18.49056562963176],[-64.116271879675452,-18.490547556726337],[-64.116366589022434,-18.49054699827947],[-64.116366471958017,-18.49052892537458],[-64.116385413825029,-18.490528813679642],[-64.116385296758764,-18.490510740774827],[-64.116442122353021,-18.490510405678997],[-64.116442005280931,-18.490492332774501],[-64.116460947143437,-18.49049222107222],[-64.116460478848509,-18.490419929454365],[-64.11647942070293,-18.490419817750659],[-64.116479303627557,-18.490401744846217],[-64.11649824547986,-18.490401633140731],[-64.116498128402625,-18.490383560236374],[-64.116517070252826,-18.490383448529105],[-64.116516953173743,-18.490365375624858],[-64.116668487954428,-18.490364481899487],[-64.116668370859614,-18.490346408996107],[-64.116687312704599,-18.490346297272026],[-64.116687195607923,-18.490328224368742],[-64.116762962978598,-18.490327777453953],[-64.116762845874135,-18.490309704551088],[-64.116781787714459,-18.49030959281777],[-64.11678167060812,-18.490291519915015],[-64.116800612446355,-18.490291408179921],[-64.116800495338168,-18.490273335277227],[-64.116819437174286,-18.490273223540356],[-64.116819320064252,-18.490255150637729],[-64.117122389391866,-18.490253362592057],[-64.117122272250199,-18.49023528969127],[-64.11721698139803,-18.490234730828135],[-64.117217098549617,-18.490252803728335],[-64.117368633195071,-18.490251909447881],[-64.117368516027597,-18.490233836548619],[-64.117406399683617,-18.490233612959795],[-64.11740628251232,-18.490215540060742],[-64.117425224338149,-18.490215428263603],[-64.117425341511435,-18.490233501162542],[-64.117463225166688,-18.490233277562353],[-64.117463107989408,-18.490215204663652],[-64.117482049814825,-18.490215092860833],[-64.117481932635712,-18.490197019962224],[-64.117500874459026,-18.490196908157628],[-64.117500757278066,-18.490178835259076],[-64.117576524561983,-18.490178388022223],[-64.117576641750887,-18.490196460920306],[-64.117595583573518,-18.490196349106238],[-64.117614525396021,-18.490196237290277],[-64.117614642589018,-18.490214310188069],[-64.117671468061644,-18.490213974728469],[-64.117671350862679,-18.490195901831029],[-64.117690292684628,-18.49019579000749],[-64.117690058283145,-18.490159644212699],[-64.117709000101001,-18.490159532387501],[-64.117708882898469,-18.490141459490165],[-64.117727824714208,-18.490141347663194],[-64.117727707509829,-18.490123274765963],[-64.117803474763434,-18.490122827439588],[-64.117803357551267,-18.490104754542777],[-64.117822299362331,-18.490104642706566],[-64.117822064934387,-18.490068496913061],[-64.117859948548215,-18.490068273235423],[-64.117859831330478,-18.490050200338846],[-64.117878773135203,-18.490050088497302],[-64.117878655915632,-18.490032015600836],[-64.117897597718226,-18.490031903757512],[-64.117897480496794,-18.490013830861102],[-64.117916422297256,-18.490013719016005],[-64.117916305073976,-18.489995646119681],[-64.117935246872335,-18.489995534272808],[-64.117935012422208,-18.489959388480283],[-64.117972896010585,-18.489959164781322],[-64.117972778781748,-18.489941091885257],[-64.117991720573755,-18.489940980033051],[-64.117991603343071,-18.489922907137046],[-64.118010545132933,-18.489922795283064],[-64.118010427900401,-18.489904722387152],[-64.118029369688159,-18.489904610531394],[-64.118028783517587,-18.489814246051878],[-64.118047725295298,-18.489814134194809],[-64.118047608059612,-18.489796061298922],[-64.118066549835177,-18.489795949440072],[-64.118066432597644,-18.489777876544281],[-64.118085374371077,-18.489777764683659],[-64.118085257131682,-18.489759691787924],[-64.118217849528207,-18.489758908711334],[-64.118217497769152,-18.489704690026407],[-64.11823643953359,-18.489704578151102],[-64.118236322278847,-18.48968650525617],[-64.118274205803331,-18.489686281500102],[-64.118274088544766,-18.489668208605362],[-64.118293030304827,-18.489668096724603],[-64.118292913044399,-18.489650023829956],[-64.118311854802343,-18.489649911947421],[-64.118311737540083,-18.489631839052844],[-64.118330679295909,-18.489631727168533],[-64.118330562031773,-18.489613654274063],[-64.118311620277936,-18.489613766158257],[-64.118311503015931,-18.489595693263613],[-64.118330444767793,-18.489595581379533],[-64.118330210240231,-18.48955943559038],[-64.118349151987957,-18.489559323704643],[-64.118349034722399,-18.489541250810149],[-64.118443743449149,-18.489540691353628],[-64.1184436261738,-18.48952261845967],[-64.118462567916751,-18.4895225065628],[-64.118462450639555,-18.489504433668916],[-64.118481392380389,-18.489504321770269],[-64.118481275101345,-18.489486248876471],[-64.118500216840076,-18.489486136976048],[-64.118500099559157,-18.489468064082327],[-64.118519041295741,-18.489467952180128],[-64.118518806730378,-18.489431806392837],[-64.11853774846287,-18.489431694488978],[-64.118537396609867,-18.489377475808112],[-64.118556338336276,-18.489377363902708],[-64.11855610376432,-18.489341218115531],[-64.118575045486622,-18.489341106208471],[-64.118574928198854,-18.489323033314946],[-64.118593869919039,-18.489322921406103],[-64.118593752629423,-18.489304848512653],[-64.118612694347462,-18.489304736602033],[-64.118612577055998,-18.489286663708686],[-64.118650460487757,-18.489286439882001],[-64.118650343192442,-18.489268366988842],[-64.118669284906133,-18.489268255072776],[-64.118669167608999,-18.489250182179685],[-64.11868810932053,-18.489250070261839],[-64.118687992021535,-18.489231997368844],[-64.118706933730977,-18.489231885449225],[-64.118706816430134,-18.489213812556294],[-64.118763641551695,-18.489213476786421],[-64.118763524245026,-18.489195403893838],[-64.118820349359396,-18.489195068107271],[-64.118820232046914,-18.489176995214976],[-64.118895998856246,-18.489176547473502],[-64.118895881535963,-18.48915847458165],[-64.118914823235968,-18.48915836264166],[-64.118914236626622,-18.48906799818246],[-64.118952120006369,-18.489067774297975],[-64.118952002680942,-18.489049701406255],[-64.118970944368627,-18.489049589461288],[-64.118970827041352,-18.489031516569675],[-64.118989768726934,-18.489031404622931],[-64.118989651397797,-18.489013331731378],[-64.119008593081247,-18.489013219782855],[-64.119008475750277,-18.488995146891391],[-64.119103184155591,-18.488994587120963],[-64.119103301496509,-18.489012660011841],[-64.119160126544003,-18.489012324126506],[-64.119159891850416,-18.488976178345403],[-64.119178833528693,-18.488976066380069],[-64.11917848148336,-18.488921847708525],[-64.119197423155541,-18.488921735741648],[-64.119197305805372,-18.488903662851182],[-64.119216247475407,-18.488903550882526],[-64.119216130123405,-18.488885477992131],[-64.119235071791351,-18.488885366021702],[-64.119234954437488,-18.48886729313141],[-64.119424371089536,-18.488866173324109],[-64.119424253715962,-18.488848100434939],[-64.119803086939797,-18.488845860254457],[-64.119803204353076,-18.488863933141282],[-64.119822146014798,-18.488863821112254],[-64.119916854321545,-18.488863260938693],[-64.119916971746861,-18.488881333824768],[-64.119935913409805,-18.488881221784254],[-64.119954855072592,-18.48888110974185],[-64.119954972502029,-18.488899182627677],[-64.119973914166664,-18.488899070583262],[-64.119974031598218,-18.488917143468925],[-64.119992973264686,-18.488917031422496],[-64.120068739929309,-18.488916583217847],[-64.120068857370924,-18.488934656102902],[-64.1200877990387,-18.488934544046888],[-64.120087916482433,-18.488952616931762],[-64.120106858152084,-18.488952504873733],[-64.120106975597935,-18.488970577758472],[-64.120125917269434,-18.488970465698436],[-64.120126034717401,-18.48898853858303],[-64.120144976390762,-18.488988426520979],[-64.120163918063952,-18.488988314457036],[-64.120164035516027,-18.489006387341355],[-64.120182977191092,-18.489006275275401],[-64.120561810663901,-18.48900403355854],[-64.120561928157798,-18.48902210644037],[-64.120542986483443,-18.489022218544324],[-64.120543103975507,-18.489040291426207],[-64.120524162299034,-18.489040403528385],[-64.120524279789237,-18.489058476410374],[-64.120505338110661,-18.489058588510776],[-64.120505690576124,-18.489112807156879],[-64.120486748891437,-18.489112919255735],[-64.120486866378215,-18.489130992137795],[-64.120467924691425,-18.489131104234879],[-64.120468042176341,-18.489149177117046],[-64.12044910048742,-18.489149289212349],[-64.120449217970489,-18.489167362094591],[-64.12043027627945,-18.489167474188122],[-64.120430393760671,-18.489185547070448],[-64.120411452067529,-18.489185659162199],[-64.120411569546903,-18.489203732044587],[-64.120392627851629,-18.489203844134561],[-64.120392745329156,-18.489221917017058],[-64.12037380363175,-18.489222029105257],[-64.120374038583222,-18.489258174870372],[-64.120355096881724,-18.489258286956908],[-64.120355214355683,-18.489276359839522],[-64.120336272652082,-18.489276471924281],[-64.120336390124194,-18.489294544806967],[-64.120317448418433,-18.48929465688995],[-64.120317565888698,-18.489312729772742],[-64.120298624180833,-18.489312841853945],[-64.120298741649236,-18.489330914736808],[-64.120279799939254,-18.489331026816238],[-64.12027991740581,-18.489349099699194],[-64.120260975693711,-18.489349211776844],[-64.120261210623255,-18.489385357542847],[-64.120242268907063,-18.489385469618842],[-64.120242621296455,-18.489439688267979],[-64.120223679574153,-18.489439800342428],[-64.120223914497117,-18.489475946108556],[-64.120204972770708,-18.489476058181349],[-64.120205442610327,-18.489548349713665],[-64.120186500875846,-18.489548461785027],[-64.120186618334088,-18.48956653466815],[-64.12016767659749,-18.489566646737739],[-64.120167794053899,-18.489584719620929],[-64.120148852315197,-18.489584831688742],[-64.120149791955455,-18.489729414753945],[-64.120130850200709,-18.489729526820799],[-64.120131085108156,-18.489765672586991],[-64.120112143349303,-18.489765784652189],[-64.120114374959371,-18.490109169426145],[-64.12009543316266,-18.490109281491673],[-64.120098721884673,-18.490615322191307],[-64.120079780032285,-18.490615434258224],[-64.120080132395699,-18.49066965290335],[-64.120099074254043,-18.490669540836077],[-64.120099191710779,-18.490687613717594],[-64.120080249850432,-18.49068772578498],[-64.120080484760322,-18.490723871548127],[-64.120061542895854,-18.490723983613858],[-64.120061660349023,-18.490742056495499],[-64.120042718482424,-18.49074216855945],[-64.120042835933745,-18.490760241441187],[-64.120023894065028,-18.490760353503362],[-64.120024011514488,-18.490778426385152],[-64.120005069643653,-18.49077853844555],[-64.120006009228362,-18.490923121499698],[-64.119987067341526,-18.490923233559137],[-64.119987184788229,-18.490941306440863],[-64.119968242899262,-18.490941418498522],[-64.119968360344131,-18.49095949138032],[-64.119949418453032,-18.490959603436206],[-64.119949653339191,-18.490995749199957],[-64.119930711443999,-18.490995861254181],[-64.119930946326733,-18.491032007018013],[-64.119912004427434,-18.491032119070578],[-64.119912121867031,-18.491050191952571],[-64.119893179965601,-18.491050304003359],[-64.119893297403323,-18.491068376885426],[-64.119874355499789,-18.491068488934438],[-64.119874472935678,-18.491086561816598],[-64.119855531029998,-18.491086673863833],[-64.119855648464039,-18.491104746746057],[-64.119836706556242,-18.491104858791516],[-64.119837176285785,-18.491177150320549],[-64.119818234369944,-18.491177262364584],[-64.119818586662575,-18.491231481011337],[-64.11979964474061,-18.491231593053826],[-64.119799997028494,-18.49128581170061],[-64.119781055100461,-18.491285923741557],[-64.119781172528036,-18.491303996623877],[-64.119762230597871,-18.491304108663048],[-64.119762348023585,-18.491322181545442],[-64.119743406091303,-18.491322293582833],[-64.119743523515183,-18.49134036646532],[-64.119724581580797,-18.491340478500934],[-64.11972469900283,-18.491358551383474],[-64.119705757066299,-18.491358663417309],[-64.119705874486485,-18.491376736299951],[-64.119686932547822,-18.491376848332013],[-64.119687284803234,-18.491431066980088],[-64.119668342858475,-18.491431179010608],[-64.119668460275236,-18.491449251893325],[-64.119649518328401,-18.491449363922065],[-64.119649635743301,-18.491467436804889],[-64.119630693794306,-18.491467548831857],[-64.119630811207358,-18.491485621714752],[-64.119611869256261,-18.491485733739939],[-64.119611986667451,-18.491503806622926],[-64.119593044714236,-18.491503918646337],[-64.119593279533078,-18.491540064412408],[-64.119574337575742,-18.49154017643416],[-64.119574454983379,-18.491558249317272],[-64.11955551302394,-18.491558361337244],[-64.11955563042973,-18.491576434220438],[-64.119536688468159,-18.49157654623863],[-64.119537158084725,-18.49164883777151],[-64.119556100054226,-18.491648725752846],[-64.119556687087908,-18.491739090167563],[-64.11953774510846,-18.491739202186814],[-64.119537979918903,-18.491775347952679],[-64.119519037935348,-18.49177545997027],[-64.119519155338793,-18.491793532853272],[-64.11950021335312,-18.491793644869087],[-64.119500330754718,-18.491811717752178],[-64.119481388766943,-18.491811829766217],[-64.119481506166693,-18.491829902649378],[-64.119462564176786,-18.491830014661641],[-64.119463385964849,-18.49195652484363],[-64.119444443960901,-18.491956636854813],[-64.119444561357753,-18.491974709737942],[-64.119425619351702,-18.491974821747348],[-64.119425736746692,-18.491992894630553],[-64.119406794738509,-18.491993006638179],[-64.119406912131652,-18.492011079521472],[-64.11938797012138,-18.492011191527322],[-64.119388087512689,-18.492029264410675],[-64.119369145500258,-18.492029376414749],[-64.119369262889705,-18.492047449298191],[-64.119350320875157,-18.492047561300495],[-64.119351025202789,-18.492155998601145],[-64.119332083176204,-18.492156110602256],[-64.119332317949187,-18.492192256369083],[-64.11931337591848,-18.492192368368528],[-64.11931349330321,-18.492210441252009],[-64.119294551270386,-18.492210553249681],[-64.119295842489336,-18.492409354966956],[-64.119276900434542,-18.492409466964023],[-64.119277017816898,-18.492427539847323],[-64.119258075759987,-18.492427651842611],[-64.119258193140496,-18.492445724725972],[-64.119220309022296,-18.492445948711094],[-64.119220426398982,-18.492464021594678],[-64.11920148433768,-18.492464133584516],[-64.119201719087471,-18.492500279351805],[-64.119220661152738,-18.492500167361733],[-64.119221013284402,-18.492554386012024],[-64.119239955355468,-18.492554274019707],[-64.119240307494309,-18.492608492669337],[-64.119259249571229,-18.492608380674771],[-64.119259484335103,-18.492644526440795],[-64.119278426415846,-18.492644414444104],[-64.119279248107574,-18.492770924623215],[-64.11924136391815,-18.492771148616345],[-64.119241481299241,-18.492789221499166],[-64.119241598680475,-18.492807294381965],[-64.119260540779237,-18.492807182386116],[-64.119261245081404,-18.492915619681419],[-64.119280187191933,-18.492915507682969],[-64.119280304578098,-18.492933580565275],[-64.119261362465579,-18.492933692563845],[-64.119261479849868,-18.492951765446222],[-64.119223595620483,-18.492951989437902],[-64.119223713000963,-18.492970062320502],[-64.119185828767044,-18.492970286304843],[-64.119185946143674,-18.492988359187631],[-64.119167004024533,-18.492988471177078],[-64.119167121399315,-18.493006544059959],[-64.119148179278042,-18.493006656047626],[-64.119148414024039,-18.49304280181348],[-64.119129471898688,-18.493042913799489],[-64.11912970664126,-18.493079059565463],[-64.119110764511774,-18.493079171549809],[-64.119110881881269,-18.493097244432864],[-64.11909193974968,-18.493097356415429],[-64.119092057117328,-18.493115429298545],[-64.119073114983607,-18.493115541279341],[-64.119073584447619,-18.493187832811969],[-64.119054642305841,-18.493187944791334],[-64.119054759670192,-18.493206017674527],[-64.119035817526282,-18.493206129652116],[-64.119035934888785,-18.493224202535387],[-64.119054877034685,-18.493224090557682],[-64.11905499439932,-18.493242163440801],[-64.119036052251431,-18.493242275418623],[-64.119036639066678,-18.493332639834275],[-64.119017696908713,-18.49333275181079],[-64.119017814270194,-18.493350824693927],[-64.118979929949887,-18.493351048641507],[-64.118980047307531,-18.493369121524832],[-64.118961105145218,-18.493369233495898],[-64.118961222500999,-18.493387306379326],[-64.118923338171953,-18.493387530316006],[-64.118923455523898,-18.493405603199626],[-64.118885571190361,-18.49340582712896],[-64.118885688538469,-18.49342390001279],[-64.118866746369505,-18.493424011974735],[-64.118866863715766,-18.493442084858618],[-64.11884792154467,-18.493442196818783],[-64.118848038889084,-18.493460269702766],[-64.118829096715871,-18.493460381661155],[-64.118829214058437,-18.49347845454523],[-64.118810271883106,-18.493478566501842],[-64.118810623905645,-18.493532785154166],[-64.118791681724232,-18.493532897109237],[-64.118791799063374,-18.493550969993404],[-64.118772856879829,-18.493551081946691],[-64.118772974217094,-18.493569154830936],[-64.118754032031433,-18.493569266782448],[-64.118754736046043,-18.493677704087858],[-64.118735793848316,-18.493677816038179],[-64.118735911182583,-18.493695888922396],[-64.118716968982739,-18.493696000870937],[-64.118717086315144,-18.493714073755253],[-64.118679201911121,-18.493714297646893],[-64.118680140543461,-18.493858880721973],[-64.118699082761424,-18.493858768776164],[-64.118699317424841,-18.493894914544359],[-64.118718259646627,-18.493894802596422],[-64.118719080986708,-18.494021312783136],[-64.118700138751024,-18.494021424731894],[-64.118701194751566,-18.494184080684789],[-64.118682252497848,-18.494184192632705],[-64.118682369829941,-18.494202265516282],[-64.118606600805791,-18.494202713289468],[-64.118606835454486,-18.4942388590575],[-64.118587893194118,-18.494238970996289],[-64.118588127839388,-18.494275116764399],[-64.118569185574913,-18.494275228701532],[-64.118569889502041,-18.494383666005735],[-64.118550947225529,-18.494383777941675],[-64.118551181865001,-18.494419923709707],[-64.118532239584411,-18.494420035643987],[-64.118532356902364,-18.49443810852804],[-64.118456587770623,-18.494438556246681],[-64.118456705080774,-18.494456629131193],[-64.118399878224579,-18.494456964900632],[-64.118399995528904,-18.494475037785463],[-64.118381053241251,-18.49447514970494],[-64.118381522451969,-18.494547441244347],[-64.118400464747566,-18.494547329324401],[-64.118419407043021,-18.494547217402566],[-64.118419641657155,-18.494583363171596],[-64.118438583956447,-18.494583251247633],[-64.118457526255611,-18.494583139321769],[-64.118458230125029,-18.494691576626582],[-64.118439287813942,-18.494691688553143],[-64.118439522434187,-18.494727834321377],[-64.118420580119007,-18.494727946246279],[-64.118420697427354,-18.494746019130467],[-64.118401755110042,-18.494746131053592],[-64.118401872416541,-18.494764203937851],[-64.118382930097113,-18.494764315859204],[-64.118383164706529,-18.49480046162784],[-64.118364222383008,-18.494800573547526],[-64.11836727230299,-18.495270468530187],[-64.118386214678139,-18.495270356607456],[-64.118405157053175,-18.495270244682832],[-64.118405391674131,-18.495306390449279],[-64.118424334053003,-18.495306278522527],[-64.118424451365684,-18.495324351405589],[-64.118443393746389,-18.495324239476822],[-64.118443745691167,-18.495378458125412],[-64.118462688077713,-18.4953783461944],[-64.118462805394884,-18.495396419077075],[-64.11848174778325,-18.495396307144052],[-64.118481865102552,-18.495414380026585],[-64.118500807492794,-18.495414268091547],[-64.118500924814228,-18.495432340973906],[-64.118519867206317,-18.495432229036858],[-64.118519984529868,-18.495450301919075],[-64.118538926923804,-18.495450189980016],[-64.118539513553486,-18.495540554390018],[-64.118558455957199,-18.495540442448476],[-64.118558690613995,-18.495576588212],[-64.118539748206302,-18.495576700153777],[-64.118540217513569,-18.495648991680838],[-64.118521275097777,-18.49564910362119],[-64.11852174439926,-18.49572139514817],[-64.118502801975396,-18.49572150708709],[-64.118503153946961,-18.495775725732305],[-64.118484211517,-18.495775837669683],[-64.118484446161432,-18.495811983433224],[-64.118503388595357,-18.495811871495611],[-64.118503505919747,-18.49582994437722],[-64.118522448355549,-18.495829832437593],[-64.118522565682056,-18.495847905319025],[-64.118541508119691,-18.495847793377386],[-64.118541625448344,-18.495865866258683],[-64.118560567887798,-18.495865754315037],[-64.118560919880494,-18.495919972958369],[-64.118579862325802,-18.495919861012478],[-64.118580214325675,-18.495974079655124],[-64.118561271874398,-18.49597419160137],[-64.118561154542959,-18.4959561187204],[-64.11846644229459,-18.495956678422619],[-64.118447499844493,-18.495956790357376],[-64.118447382525105,-18.495938717475664],[-64.118390555179985,-18.495939053268216],[-64.118371612731352,-18.495939165195281],[-64.11837149542005,-18.49592109231309],[-64.118352552973263,-18.49592120423814],[-64.118352435664079,-18.495903131355774],[-64.118333493219126,-18.495903243278814],[-64.118333375912059,-18.495885170396299],[-64.118314433468967,-18.495885282317325],[-64.118314316164017,-18.495867209434653],[-64.118295373722773,-18.495867321353668],[-64.118295256419955,-18.495849248470851],[-64.118276313980587,-18.495849360387854],[-64.118276196679886,-18.495831287504902],[-64.118257254242337,-18.495831399419892],[-64.118257136943768,-18.495813326536766],[-64.118238194508066,-18.495813438449744],[-64.118238077211615,-18.495795365566469],[-64.118219134777775,-18.495795477477436],[-64.118219017483426,-18.495777404594008],[-64.118200075051462,-18.495777516502962],[-64.118199957759245,-18.495759443619399],[-64.1181810153291,-18.495759555526341],[-64.118180898039014,-18.495741482642611],[-64.118161955610731,-18.495741594547543],[-64.118143013182305,-18.495741706450577],[-64.118142895896312,-18.495723633566573],[-64.118123953469734,-18.495723745467593],[-64.118123836185873,-18.495705672583444],[-64.118104893761171,-18.495705784482453],[-64.118104776479427,-18.495687711598148],[-64.118085834056558,-18.49568782349515],[-64.118085599497434,-18.495651677726208],[-64.118104541916324,-18.495651565829441],[-64.118104307353775,-18.495615420060581],[-64.118085364938864,-18.495615531957114],[-64.118085247659778,-18.495597459072535],[-64.117516975208829,-18.4956008150839],[-64.117517209647986,-18.495636960860068],[-64.117498267226907,-18.495637072697981],[-64.117498384444701,-18.495655145586131],[-64.117365787479329,-18.495655928399259],[-64.117365670275433,-18.495637855510289],[-64.117346727853246,-18.495637967333042],[-64.117346845055152,-18.49565604022213],[-64.117290017781855,-18.495656375679363],[-64.117289900585916,-18.495638302789928],[-64.117270958163189,-18.495638414605097],[-64.117270840969354,-18.495620341715497],[-64.117251898548488,-18.495620453528655],[-64.117251781356785,-18.495602380638928],[-64.117232838937781,-18.495602492450079],[-64.117232721748195,-18.495584419560185],[-64.117156952078716,-18.495584866785361],[-64.117157069260372,-18.495602939675724],[-64.117138126840672,-18.495603051477399],[-64.117138009661005,-18.495584978586916],[-64.117119067243166,-18.49558509038658],[-64.117100124825186,-18.495585202184344],[-64.11710000764964,-18.495567129293587],[-64.117081065233506,-18.495567241089343],[-64.117080948060078,-18.495549168198441],[-64.116967293572415,-18.49554983893248],[-64.116948351157333,-18.495549950714857],[-64.116948233997931,-18.495531877823094],[-64.116929291584697,-18.495531989603457],[-64.116929174427426,-18.495513916711563],[-64.116910232016039,-18.495514028489914],[-64.116910114860886,-18.495495955597846],[-64.116853287631884,-18.495496290921182],[-64.116853404781082,-18.495514363813601],[-64.1168155199571,-18.495514587353249],[-64.116815402811881,-18.495496514460598],[-64.116796460401687,-18.49549662622746],[-64.116796577544918,-18.495514699120232],[-64.116720807894794,-18.495515146169215],[-64.116720690759507,-18.495497073275974],[-64.11660703629218,-18.495497743791905],[-64.116588093880466,-18.495497855537927],[-64.11658797675922,-18.495479782643844],[-64.116360667832211,-18.495481123446918],[-64.116341725420753,-18.495481235168192],[-64.116341608325442,-18.495463162272546],[-64.116284781096212,-18.495463497424645],[-64.116265838686189,-18.495463609138223],[-64.116265604511881,-18.495427463345926],[-64.116246662105695,-18.495427575057374],[-64.116246310851196,-18.495373356368273],[-64.116227368450836,-18.495373468077478],[-64.116227251368258,-18.495355395180944],[-64.11620830896976,-18.495355506888139],[-64.116208191889285,-18.495337433991434],[-64.116189249492663,-18.495337545696614],[-64.116170307095857,-18.495337657399901],[-64.116169838791265,-18.495265365811811],[-64.116150896402289,-18.495265477512735],[-64.11613195401317,-18.495265589211765],[-64.116131836941321,-18.495247516314411],[-64.116112894554078,-18.495247628011427],[-64.116093952166679,-18.495247739706549],[-64.116093835098951,-18.495229666808935],[-64.115961238397261,-18.495230448620916],[-64.115961472505049,-18.49526659441775],[-64.115904645333259,-18.495266929452306],[-64.115904528285256,-18.495248856553552],[-64.115885585896365,-18.495248968227834],[-64.115866643507331,-18.495249079900216],[-64.115866526463435,-18.495231007001202],[-64.11571498736231,-18.495231900311126],[-64.115715104390333,-18.495249973211074],[-64.115677219609722,-18.495250196519841],[-64.115677102585693,-18.495232123619662],[-64.115658160197171,-18.495232235271086],[-64.115658043175259,-18.49521416237074],[-64.115639100788584,-18.495214274020157],[-64.115638983768775,-18.495196201119686],[-64.115620041383949,-18.495196312767085],[-64.115619807348736,-18.495160166965768],[-64.115581922586657,-18.495160390254416],[-64.115562980205397,-18.495160501895899],[-64.115562863193958,-18.495142428994843],[-64.115543920814545,-18.495142540634312],[-64.115524978435005,-18.495142652271891],[-64.115524861427673,-18.495124579370557],[-64.115505919049994,-18.495124691006122],[-64.115506036055365,-18.495142763907577],[-64.115335554632253,-18.49514376854345],[-64.115335671619889,-18.495161841445913],[-64.115278844470481,-18.495162176290783],[-64.115278727488814,-18.495144103387968],[-64.115240842725854,-18.495144326608177],[-64.115221900344153,-18.495144438215437],[-64.115221783368582,-18.495126365312235],[-64.115202840988744,-18.495126476917484],[-64.11520272401529,-18.49510840401415],[-64.115183781637299,-18.495108515617392],[-64.115183664665977,-18.495090442713881],[-64.115145779913576,-18.495090665914439],[-64.115126837537161,-18.495090777511873],[-64.115126720571922,-18.495072704607992],[-64.115088835822675,-18.495072927796947],[-64.115069893447853,-18.495073039388583],[-64.11506977648871,-18.495054966484307],[-64.115050834115735,-18.495055078073928],[-64.115050717158709,-18.495037005169507],[-64.115031774787568,-18.495037116757121],[-64.115031540877908,-18.495000970947942],[-64.115012598510617,-18.495001082533427],[-64.115012481557969,-18.494983009628665],[-64.114993539192525,-18.494983121212137],[-64.114993422241994,-18.494965048307218],[-64.114822940964885,-18.494966052472162],[-64.114803998600109,-18.494966164036565],[-64.114803881669573,-18.494948091130471],[-64.114784939306617,-18.494948202692868],[-64.114765996943532,-18.494948314253371],[-64.114765880017103,-18.494930241346989],[-64.114746937655866,-18.494930352905477],[-64.114746469959456,-18.494858061279121],[-64.114765412312735,-18.494857949721098],[-64.114765295386988,-18.494839876814527],[-64.114746353035684,-18.494839988372437],[-64.114745885341947,-18.494767696745388],[-64.114726942998459,-18.494767808300931],[-64.114726826077344,-18.494749735393956],[-64.114707883735718,-18.494749846947489],[-64.114707766816736,-18.494731774040371],[-64.114688824476943,-18.494731885591893],[-64.114688707560063,-18.494713812684612],[-64.114669765222132,-18.494713924234123],[-64.114669648307384,-18.494695851326714],[-64.114650705971286,-18.494695962874218],[-64.114650589058655,-18.494677889966635],[-64.114631646724447,-18.494678001512124],[-64.114631529813934,-18.494659928604392],[-64.114612587481531,-18.49466004014787],[-64.114612470573164,-18.494641967239978],[-64.114593528242608,-18.494642078781443],[-64.114574585911939,-18.49464219032102],[-64.114574469007664,-18.494624117412869],[-64.114555526678842,-18.494624228950428],[-64.114555409776685,-18.494606156042146],[-64.114536467449724,-18.494606267577694],[-64.114536350549699,-18.494588194669237],[-64.114517408224572,-18.494588306202775],[-64.114517291326649,-18.494570233294169],[-64.114498349003384,-18.494570344825693],[-64.114498232107593,-18.494552271916927],[-64.114479289786175,-18.494552383446443],[-64.114479172892487,-18.494534310537553],[-64.114460230572917,-18.494534422065055],[-64.114459763007503,-18.494462130428584],[-64.114402936071841,-18.494462464998325],[-64.114383993759674,-18.494462576517783],[-64.114383876876602,-18.494444503608136],[-64.114364934566311,-18.494444615125584],[-64.11436481768537,-18.494426542215759],[-64.114345875376898,-18.494426653731193],[-64.114345407862388,-18.494354362091105],[-64.114326465561717,-18.494354473604179],[-64.114326348685424,-18.494336400693943],[-64.114307406386615,-18.494336512205006],[-64.114307289512425,-18.494318439294624],[-64.114288347215464,-18.494318550803673],[-64.114288230343405,-18.494300477893137],[-64.11426928804832,-18.494300589400179],[-64.114269171178378,-18.494282516489505],[-64.11425022888514,-18.494282627994536],[-64.114250112017302,-18.494264555083692],[-64.114231169725898,-18.494264666586709],[-64.114231052860205,-18.494246593675722],[-64.114212110570648,-18.494246705176728],[-64.114211993707059,-18.494228632265582],[-64.114193051419392,-18.494228743764573],[-64.114192934557934,-18.494210670853299],[-64.114173992272086,-18.494210782350283],[-64.114173875412732,-18.494192709438838],[-64.114154933128745,-18.494192820933815],[-64.114135990844616,-18.494192932426888],[-64.114135873989369,-18.494174859515173],[-64.114116931707088,-18.494174971006238],[-64.114116814853986,-18.494156898094378],[-64.114097872573566,-18.494157009583429],[-64.114097755722568,-18.494138936671401],[-64.114078813443996,-18.494139048158448],[-64.114078696595129,-18.494120975246297],[-64.114059754318404,-18.494121086731329],[-64.114059637471641,-18.494103013819004],[-64.114040695196763,-18.494103125302026],[-64.114040578352132,-18.494085052389554],[-64.114002693805972,-18.494085275349679],[-64.113983751532686,-18.4940853868269],[-64.113983634694137,-18.494067313914034],[-64.113964692422698,-18.49406742538924],[-64.113964575586266,-18.494049352476235],[-64.113945633316689,-18.494049463949434],[-64.11392669104697,-18.494049575420735],[-64.113926574214659,-18.494031502507479],[-64.113907631946788,-18.49403161397677],[-64.113907515116594,-18.494013541063335],[-64.11388857285057,-18.494013652530615],[-64.113888456022494,-18.493995579617035],[-64.113869513758317,-18.493995691082308],[-64.113869280106542,-18.493959545254818],[-64.113850337846202,-18.493959656717958],[-64.113850221022503,-18.493941583804041],[-64.113831278764039,-18.493941695265171],[-64.113831161942457,-18.493923622351094],[-64.113812219685826,-18.49392373381021],[-64.113812102866362,-18.49390566089599],[-64.113793160611593,-18.493905772353099],[-64.113793043794246,-18.493887699438716],[-64.11377410154131,-18.493887810893813],[-64.113773984726095,-18.493869737979303],[-64.113698215720987,-18.493870183780274],[-64.113679273469373,-18.493870295225783],[-64.113679156664205,-18.493852222310633],[-64.113641272164571,-18.493852445195728],[-64.11362232991452,-18.493852556635431],[-64.113622213115463,-18.493834483719905],[-64.113603270867273,-18.493834595157601],[-64.113603154070333,-18.493816522241914],[-64.113584211824019,-18.493816633677596],[-64.113583744645538,-18.493744342014072],[-64.113564802406998,-18.493744453447391],[-64.113564685614705,-18.493726380531296],[-64.113583627851256,-18.49372626909809],[-64.113583394263088,-18.493690123266045],[-64.113602336495489,-18.49369001183118],[-64.113601986108307,-18.493635793083183],[-64.11362092833464,-18.493635681646772],[-64.113620110755335,-18.493509171234397],[-64.1136011685429,-18.493509282669994],[-64.113600934953993,-18.493473136837324],[-64.113581992745395,-18.493473248270792],[-64.113563050536655,-18.493473359702367],[-64.113562933746366,-18.493455286785768],[-64.113543991539487,-18.493455398215328],[-64.113543874751315,-18.493437325298554],[-64.113524932546284,-18.493437436726104],[-64.113524698974345,-18.493401290892226],[-64.113505756773137,-18.493401402317652],[-64.113486814571814,-18.49340151374118],[-64.113486697790023,-18.493383440823973],[-64.113467755590534,-18.49338355224549],[-64.113448813390917,-18.493383663665114],[-64.113448696613219,-18.493365590747626],[-64.113429754415449,-18.493365702165235],[-64.113429637639882,-18.493347629247587],[-64.11341069544396,-18.493347740663186],[-64.113410578670511,-18.493329667745392],[-64.113391636476464,-18.493329779158984],[-64.113391519705132,-18.493311706241027],[-64.113372577512905,-18.493311817652607],[-64.113353635320564,-18.49331192906229],[-64.113353518553325,-18.493293856144092],[-64.113334576362831,-18.493293967551764],[-64.113333992538657,-18.493203602959582],[-64.113315050357954,-18.493203714364778],[-64.113314933595518,-18.493185641446114],[-64.113295991416663,-18.4931857528493],[-64.113295407616377,-18.493095388254901],[-64.113314349785298,-18.493095276852294],[-64.11331411626216,-18.493059131014508],[-64.11333305842696,-18.493059019610246],[-64.1133329416636,-18.49304094669144],[-64.113351883826311,-18.493040835285399],[-64.113351300001625,-18.492950470691341],[-64.113370242154261,-18.492950359283984],[-64.113369541557162,-18.492841921770641],[-64.113350599416435,-18.492842033177293],[-64.113350249125673,-18.49278781441981],[-64.113331306990759,-18.492787925824221],[-64.113331190229417,-18.492769852904861],[-64.113312248096392,-18.492769964307257],[-64.113312014578099,-18.49273381846821],[-64.113293072448869,-18.492733929868482],[-64.113292371909125,-18.492625492349831],[-64.11327342979169,-18.492625603747509],[-64.113254487674112,-18.492625715143291],[-64.113254370921936,-18.492607642223152],[-64.113235428806206,-18.492607753616923],[-64.113216486690376,-18.4926078650088],[-64.113216369942293,-18.492589792088399],[-64.113197427828297,-18.492589903478265],[-64.113196960845272,-18.49251761179584],[-64.113178018739063,-18.492517723183347],[-64.113177901995641,-18.492499650262538],[-64.113083191472583,-18.492500207171069],[-64.113083308206086,-18.492518280092462],[-64.113045423991963,-18.492518502842845],[-64.113045307262425,-18.492500429921218],[-64.11302636515714,-18.492500541293452],[-64.113026248429733,-18.492482468371666],[-64.113007306326281,-18.492482579741889],[-64.113007072875831,-18.492446433897999],[-64.112950246576659,-18.492446767996604],[-64.112950363295852,-18.492464840918927],[-64.112855652784575,-18.492465397712625],[-64.112855769493976,-18.49248347063547],[-64.112836827389344,-18.492483581988644],[-64.112836710681918,-18.492465509065678],[-64.11281776857912,-18.492465620416841],[-64.112817651873797,-18.492447547493704],[-64.112798709772861,-18.492447658842853],[-64.112798242960935,-18.492375367149528],[-64.112779300867814,-18.492375478496317],[-64.112778600665862,-18.492267040954545],[-64.112797542747074,-18.492266929608451],[-64.112797192641963,-18.492212710837457],[-64.11277825056672,-18.492212822183198],[-64.11277801716794,-18.49217667633544],[-64.112910611664176,-18.4921758968771],[-64.112910378238155,-18.492139751030852],[-64.112948262370779,-18.492139528311881],[-64.112948145654002,-18.492121455388936],[-64.113042855973291,-18.492120898558944],[-64.113043089426839,-18.492157044403626],[-64.113062031494252,-18.492156933031708],[-64.113062148223207,-18.492175005953893],[-64.113081090292496,-18.492174894579968],[-64.113100032361629,-18.492174783204149],[-64.113100149094706,-18.49219285612606],[-64.1131190911657,-18.492192744748227],[-64.113119324636216,-18.492228890591701],[-64.113138266711047,-18.492228779211739],[-64.113138383448501,-18.492246852133317],[-64.113157325525165,-18.492246740751344],[-64.113157442264722,-18.492264813672772],[-64.113214268499931,-18.492264479515146],[-64.113214151754391,-18.492246406594067],[-64.113252035906527,-18.49224618381308],[-64.113251802407959,-18.492210037971315],[-64.113270744479863,-18.492209926578216],[-64.113270510977856,-18.492173780736518],[-64.113289453045653,-18.492173669341753],[-64.113289336292866,-18.492155596420965],[-64.113308278358545,-18.492155485024423],[-64.113308161603896,-18.492137412103737],[-64.113327103667444,-18.492137300705419],[-64.113326870154594,-18.492101154864141],[-64.11334581221405,-18.49210104346416],[-64.113345695455834,-18.492082970543574],[-64.113402521627421,-18.492082636332615],[-64.113402404863393,-18.492064563412359],[-64.113421346918329,-18.492064452005035],[-64.113421230152454,-18.492046379084872],[-64.113515940415212,-18.492045822020405],[-64.113515823639545,-18.492027749100771],[-64.113534765689707,-18.492027637682313],[-64.113534648912179,-18.492009564762764],[-64.113553590960223,-18.492009453342526],[-64.113553474180847,-18.491991380423052],[-64.113572416226788,-18.491991269001037],[-64.113572299445551,-18.491973196081673],[-64.113591241489331,-18.491973084657879],[-64.113591124706261,-18.491955011738575],[-64.113610066747952,-18.491954900313004],[-64.113609949963021,-18.491936827393772],[-64.113628892002595,-18.491936715966425],[-64.113628775215801,-18.491918643047281],[-64.113647717253258,-18.491918531618158],[-64.113647600464631,-18.491900458699089],[-64.113666542499928,-18.491900347268182],[-64.113666425709454,-18.491882274349226],[-64.113685367742661,-18.491882162916539],[-64.113685250950326,-18.491864089997637],[-64.113704192981416,-18.491863978563178],[-64.113704076187233,-18.491845905644361],[-64.113760902273697,-18.491845571329961],[-64.113760785473701,-18.491827498411457],[-64.113779727500273,-18.49182738696965],[-64.113779610698415,-18.491809314051231],[-64.113817494747195,-18.491809091162168],[-64.113817377941501,-18.491791018243966],[-64.113836319963681,-18.491790906796709],[-64.11383620315614,-18.491772833878564],[-64.113855145176231,-18.491772722429534],[-64.113855028366842,-18.491754649511474],[-64.113873970384788,-18.491754538060661],[-64.113873853573551,-18.491736465142683],[-64.113892795589393,-18.491736353690094],[-64.113891861088419,-18.491591770345963],[-64.113910803088245,-18.491591658892411],[-64.113910686274252,-18.491573585974344],[-64.113929628271933,-18.491573474519015],[-64.113929511456078,-18.491555401601051],[-64.113948453451655,-18.491555290143946],[-64.113948336633953,-18.491537217226053],[-64.113967278627428,-18.491537105767168],[-64.113967161807878,-18.491519032849343],[-64.113986103799206,-18.491518921388682],[-64.113985986977809,-18.491500848470949],[-64.114004928967006,-18.491500737008508],[-64.114004344852091,-18.491410372419889],[-64.114023286831241,-18.491410260956133],[-64.114023053182237,-18.491374115120692],[-64.114041995157294,-18.491374003655284],[-64.114041878331022,-18.491355930737612],[-64.114060820303948,-18.491355819270421],[-64.114060703475829,-18.491337746352837],[-64.114079645446637,-18.49133763488387],[-64.114079528616656,-18.491319561966357],[-64.114098470585333,-18.491319450495613],[-64.114098353753491,-18.49130137757821],[-64.114117295720064,-18.491301266105687],[-64.114117062052827,-18.491265120270963],[-64.114136004015293,-18.49126500879678],[-64.114135887179899,-18.491246935879477],[-64.114154829140247,-18.491246824403515],[-64.114154712303005,-18.491228751486307],[-64.114173654261222,-18.491228640008565],[-64.114173537422118,-18.49121056709145],[-64.114192479378204,-18.491210455611935],[-64.114192362537253,-18.491192382694877],[-64.114211304491249,-18.491192271213581],[-64.114211187648436,-18.491174198296616],[-64.114230129600315,-18.49117408681354],[-64.114230012755655,-18.491156013896649],[-64.114248954705403,-18.491155902411794],[-64.114248837858895,-18.49113782949501],[-64.114267779806511,-18.491137718008382],[-64.114267662958142,-18.491119645091661],[-64.114343430739382,-18.491119199126668],[-64.114343313883225,-18.491101126210367],[-64.11436225582618,-18.491101014714499],[-64.114362022110285,-18.491064868882038],[-64.114380964049161,-18.49106475738451],[-64.114380847189437,-18.491046684468362],[-64.114399789126196,-18.491046572969058],[-64.114399672264611,-18.491028500052966],[-64.114418614199252,-18.491028388551882],[-64.114418497335819,-18.491010315635883],[-64.114437439268315,-18.491010204133023]]]},"properties":{"FID":3,"Zona":"Yaguari","IDUH":4,"UH":"SC4 - Yag","AreaHa":33.150399999999998}},{"type":"Feature","id":4,"geometry":{"type":"Polygon","coordinates":[[[-64.112626597276162,-18.492195639956133],[-64.112664481424758,-18.492195417293299],[-64.112663664615752,-18.492068906820428],[-64.112739432855705,-18.492068461475291],[-64.11273931616131,-18.49205038855094],[-64.112758258218975,-18.492050277210033],[-64.112758024826604,-18.492014131361412],[-64.112776966880162,-18.492014020018846],[-64.112776850182186,-18.491995947094594],[-64.112795792233612,-18.491995835750252],[-64.112795675533803,-18.49197776282611],[-64.112814617583126,-18.491977651479992],[-64.112814500881456,-18.491959578555907],[-64.112852384975724,-18.491959355858214],[-64.112852268270217,-18.49194128293432],[-64.112871210315163,-18.491941171582749],[-64.112871093607808,-18.491923098658948],[-64.112890035650622,-18.4919229873056],[-64.112889335397369,-18.491814549762747],[-64.112908277428147,-18.491814438408202],[-64.1129079272974,-18.491760219636664],[-64.112888985272562,-18.491760330990861],[-64.11288851844138,-18.491688039294509],[-64.11290746045826,-18.491687927940781],[-64.112907343748816,-18.49166985501671],[-64.112926285763578,-18.491669743661198],[-64.112926169052287,-18.491651670737223],[-64.112945111064931,-18.491651559379935],[-64.112944877638768,-18.491615413532116],[-64.112963819647277,-18.49161530217317],[-64.112963352788626,-18.49154301047756],[-64.11294441078806,-18.491543121836045],[-64.112944294075717,-18.491525048911925],[-64.112963236074307,-18.491524937553564],[-64.112963002646055,-18.491488791705461],[-64.112981944640566,-18.491488680345437],[-64.112981711208889,-18.491452534497448],[-64.112962769218342,-18.49145264585724],[-64.112961952225604,-18.491326135387318],[-64.112980894202238,-18.491326024028343],[-64.112980427344255,-18.491253732330939],[-64.112999369312817,-18.491253620970536],[-64.11299925259668,-18.491235548046213],[-64.113018194563125,-18.491235436684029],[-64.113018077845126,-18.491217363759805],[-64.11303701980944,-18.491217252395845],[-64.113036903089593,-18.491199179471678],[-64.113055845051775,-18.491199068105935],[-64.113055728330082,-18.49118099518186],[-64.11307467029016,-18.491180883814341],[-64.113073853228158,-18.491054373345637],[-64.113092795174211,-18.491054261977041],[-64.113092445000845,-18.49100004320454],[-64.113111386940801,-18.490999931834398],[-64.113111036762689,-18.490945713061958],[-64.113129978696563,-18.490945601690271],[-64.113129861968801,-18.490927528766164],[-64.113148803900543,-18.490927417392701],[-64.11314868717092,-18.490909344468673],[-64.113167629100559,-18.490909233093429],[-64.113167045444627,-18.490818868473372],[-64.113185987364204,-18.490818757096818],[-64.113185870631426,-18.490800684172836],[-64.113204812548872,-18.490800572794505],[-64.113204695814247,-18.490782499870573],[-64.113223637729561,-18.490782388490466],[-64.113223520993088,-18.490764315566629],[-64.1132424629063,-18.490764204184742],[-64.113242346167979,-18.49074613126098],[-64.113261288079073,-18.490746019877314],[-64.11326070437957,-18.490655655258585],[-64.113279646280589,-18.490655543873608],[-64.113279412797766,-18.490619398026112],[-64.113298354694692,-18.490619286639475],[-64.113298121208416,-18.490583140792058],[-64.113317063101221,-18.490583029403762],[-64.113316946356292,-18.490564956480132],[-64.113335888246993,-18.490564845090056],[-64.113335771500232,-18.490546772166493],[-64.113487306605023,-18.490545880978623],[-64.113487189842516,-18.490527808055951],[-64.113544015498647,-18.490527473829591],[-64.113543898730327,-18.490509400907243],[-64.11356284061344,-18.490509289494785],[-64.113562723843259,-18.490491216572508],[-64.11358166572424,-18.49049110515827],[-64.113581548952197,-18.490473032236103],[-64.113657316466927,-18.490472586560685],[-64.113657199687083,-18.490454513638923],[-64.113676141563431,-18.490454402215448],[-64.113676024781753,-18.490436329293772],[-64.113694966655999,-18.49043621786852],[-64.113694849872445,-18.490418144946922],[-64.113713791744573,-18.490418033519891],[-64.113713674959172,-18.490399960598374],[-64.113732616829168,-18.49039984916957],[-64.11373250004192,-18.490381776248157],[-64.113751441909798,-18.490381664817573],[-64.113751325120688,-18.490363591896216],[-64.113864976313224,-18.490362923273626],[-64.113865093114228,-18.490380996194286],[-64.113884034981169,-18.490380884750437],[-64.113884385390961,-18.490435103511818],[-64.113903327263714,-18.49043499206573],[-64.113903677680668,-18.490489210826436],[-64.113922619559233,-18.490489099378106],[-64.113922969983349,-18.490543318138172],[-64.113941911867755,-18.490543206687597],[-64.113942028678053,-18.49056127960743],[-64.113960970564307,-18.490561168154841],[-64.113961087376708,-18.490579241074506],[-64.113980029264823,-18.490579129619906],[-64.113980146079356,-18.490597202539437],[-64.11399908796929,-18.490597091082829],[-64.113999204785941,-18.490615164002204],[-64.114018146677751,-18.490615052543582],[-64.114018263496519,-18.490633125462818],[-64.114037205390176,-18.490633014002185],[-64.114056147283705,-18.490632902539659],[-64.11405626410658,-18.490650975458596],[-64.114075206001942,-18.490650863994063],[-64.11415097358207,-18.490650418116971],[-64.114151090415007,-18.490668491035308],[-64.114170032311691,-18.490668379561182],[-64.114170382817278,-18.490722598315649],[-64.11418932471976,-18.490722486839278],[-64.114189441557215,-18.490740559757228],[-64.114208383461573,-18.490740448278846],[-64.114208500301146,-18.490758521196668],[-64.114227442207337,-18.490758409716275],[-64.114227559049041,-18.490776482633933],[-64.114246500957094,-18.490776371151529],[-64.114246851488929,-18.490830589903943],[-64.114265793402794,-18.490830478419298],[-64.114265910248989,-18.490848551336594],[-64.114284852164715,-18.490848439849934],[-64.114284969013028,-18.490866512767067],[-64.114303910930616,-18.490866401278399],[-64.114304027781046,-18.490884474195386],[-64.114322969700481,-18.490884362704708],[-64.114323086553043,-18.490902435621525],[-64.114342028474326,-18.490902324128836],[-64.114342145329005,-18.490920397045521],[-64.114361087252121,-18.490920285550821],[-64.114361204108917,-18.490938358467346],[-64.114380146033895,-18.490938246970632],[-64.114380262892809,-18.490956319887019],[-64.114399204819648,-18.490956208388294],[-64.114399321680679,-18.490974281304517],[-64.114418263609366,-18.490974169803781],[-64.114418380472529,-18.490992242719841],[-64.114437322403035,-18.490992131217094],[-64.114437439268315,-18.491010204133023],[-64.114418497335819,-18.491010315635883],[-64.114418614199252,-18.491028388551882],[-64.114399672264611,-18.491028500052966],[-64.114399789126196,-18.491046572969058],[-64.114380847189437,-18.491046684468362],[-64.114380964049161,-18.49106475738451],[-64.114362022110285,-18.491064868882038],[-64.11436225582618,-18.491101014714499],[-64.114343313883225,-18.491101126210367],[-64.114343430739382,-18.491119199126668],[-64.114267662958142,-18.491119645091661],[-64.114267779806511,-18.491137718008382],[-64.114248837858895,-18.49113782949501],[-64.114248954705403,-18.491155902411794],[-64.114230012755655,-18.491156013896649],[-64.114230129600315,-18.49117408681354],[-64.114211187648436,-18.491174198296616],[-64.114211304491249,-18.491192271213581],[-64.114192362537253,-18.491192382694877],[-64.114192479378204,-18.491210455611935],[-64.114173537422118,-18.49121056709145],[-64.114173654261222,-18.491228640008565],[-64.114154712303005,-18.491228751486307],[-64.114154829140247,-18.491246824403515],[-64.114135887179899,-18.491246935879477],[-64.114136004015293,-18.49126500879678],[-64.114117062052827,-18.491265120270963],[-64.114117295720064,-18.491301266105687],[-64.114098353753491,-18.49130137757821],[-64.114098470585333,-18.491319450495613],[-64.114079528616656,-18.491319561966357],[-64.114079645446637,-18.49133763488387],[-64.114060703475829,-18.491337746352837],[-64.114060820303948,-18.491355819270421],[-64.114041878331022,-18.491355930737612],[-64.114041995157294,-18.491374003655284],[-64.114023053182237,-18.491374115120692],[-64.114023286831241,-18.491410260956133],[-64.114004344852091,-18.491410372419889],[-64.114004928967006,-18.491500737008508],[-64.113985986977809,-18.491500848470949],[-64.113986103799206,-18.491518921388682],[-64.113967161807878,-18.491519032849343],[-64.113967278627428,-18.491537105767168],[-64.113948336633953,-18.491537217226053],[-64.113948453451655,-18.491555290143946],[-64.113929511456078,-18.491555401601051],[-64.113929628271933,-18.491573474519015],[-64.113910686274252,-18.491573585974344],[-64.113910803088245,-18.491591658892411],[-64.113891861088419,-18.491591770345963],[-64.113892795589393,-18.491736353690094],[-64.113873853573551,-18.491736465142683],[-64.113873970384788,-18.491754538060661],[-64.113855028366842,-18.491754649511474],[-64.113855145176231,-18.491772722429534],[-64.11383620315614,-18.491772833878564],[-64.113836319963681,-18.491790906796709],[-64.113817377941501,-18.491791018243966],[-64.113817494747195,-18.491809091162168],[-64.113779610698415,-18.491809314051231],[-64.113779727500273,-18.49182738696965],[-64.113760785473701,-18.491827498411457],[-64.113760902273697,-18.491845571329961],[-64.113704076187233,-18.491845905644361],[-64.113704192981416,-18.491863978563178],[-64.113685250950326,-18.491864089997637],[-64.113685367742661,-18.491882162916539],[-64.113666425709454,-18.491882274349226],[-64.113666542499928,-18.491900347268182],[-64.113647600464631,-18.491900458699089],[-64.113647717253258,-18.491918531618158],[-64.113628775215801,-18.491918643047281],[-64.113628892002595,-18.491936715966425],[-64.113609949963021,-18.491936827393772],[-64.113610066747952,-18.491954900313004],[-64.113591124706261,-18.491955011738575],[-64.113591241489331,-18.491973084657879],[-64.113572299445551,-18.491973196081673],[-64.113572416226788,-18.491991269001037],[-64.113553474180847,-18.491991380423052],[-64.113553590960223,-18.492009453342526],[-64.113534648912179,-18.492009564762764],[-64.113534765689707,-18.492027637682313],[-64.113515823639545,-18.492027749100771],[-64.113515940415212,-18.492045822020405],[-64.113421230152454,-18.492046379084872],[-64.113421346918329,-18.492064452005035],[-64.113402404863393,-18.492064563412359],[-64.113402521627421,-18.492082636332615],[-64.113345695455834,-18.492082970543574],[-64.11334581221405,-18.49210104346416],[-64.113326870154594,-18.492101154864141],[-64.113327103667444,-18.492137300705419],[-64.113308161603896,-18.492137412103737],[-64.113308278358545,-18.492155485024423],[-64.113289336292866,-18.492155596420965],[-64.113289453045653,-18.492173669341753],[-64.113270510977856,-18.492173780736518],[-64.113270744479863,-18.492209926578216],[-64.113251802407959,-18.492210037971315],[-64.113252035906527,-18.49224618381308],[-64.113214151754391,-18.492246406594067],[-64.113214268499931,-18.492264479515146],[-64.113157442264722,-18.492264813672772],[-64.113157325525165,-18.492246740751344],[-64.113138383448501,-18.492246852133317],[-64.113138266711047,-18.492228779211739],[-64.113119324636216,-18.492228890591701],[-64.1131190911657,-18.492192744748227],[-64.113100149094706,-18.49219285612606],[-64.113100032361629,-18.492174783204149],[-64.113081090292496,-18.492174894579968],[-64.113062148223207,-18.492175005953893],[-64.113062031494252,-18.492156933031708],[-64.113043089426839,-18.492157044403626],[-64.113042855973291,-18.492120898558944],[-64.112948145654002,-18.492121455388936],[-64.112948262370779,-18.492139528311881],[-64.112910378238155,-18.492139751030852],[-64.112910611664176,-18.4921758968771],[-64.11277801716794,-18.49217667633544],[-64.11277825056672,-18.492212822183198],[-64.112759308491306,-18.492212933527046],[-64.112759075096506,-18.492176787679057],[-64.112740133024943,-18.492176899020777],[-64.112740249720289,-18.492194971944901],[-64.112683423498851,-18.492195305959044],[-64.112683540188357,-18.492213378883488],[-64.112645656036079,-18.492213601550343],[-64.112626713959727,-18.492213712880929],[-64.112626597276162,-18.492195639956133]]]},"properties":{"FID":4,"Zona":"Yaguari","IDUH":5,"UH":"SC5 - Yag","AreaHa":1.93320000001}},{"type":"Feature","id":5,"geometry":{"type":"Polygon","coordinates":[[[-64.134610044534597,-18.490818087127465],[-64.13464792809377,-18.490817860082149],[-64.134647809110717,-18.490799787291685],[-64.134666750888101,-18.490799673766304],[-64.134666631903201,-18.490781600975915],[-64.134685573678453,-18.490781487448761],[-64.13468545469172,-18.490763414658478],[-64.13476122178345,-18.490762960531388],[-64.1347611027889,-18.490744887741524],[-64.134780044559491,-18.490744774205133],[-64.13477992556308,-18.490726701415358],[-64.134798867331583,-18.490726587877198],[-64.134798748333324,-18.490708515087494],[-64.13481769009968,-18.490708401547554],[-64.134817571099589,-18.49069032875795],[-64.134836512863842,-18.490690215216233],[-64.134836393861889,-18.490672142426725],[-64.134874277385975,-18.490671915337852],[-64.134874396391893,-18.490689988127119],[-64.13489333815572,-18.490689874579722],[-64.134912279919419,-18.490689761030431],[-64.134912398929444,-18.490707833819442],[-64.134969224225642,-18.490707493159846],[-64.134969105209649,-18.490689420371186],[-64.134988046972808,-18.490689306814318],[-64.134987808937296,-18.490653161237141],[-64.13500675069632,-18.490653047678613],[-64.135006631676788,-18.490634974890092],[-64.135025573433708,-18.490634861329792],[-64.135025454412329,-18.490616788541342],[-64.135120163184894,-18.490616220712013],[-64.135120282216192,-18.49063429349987],[-64.135139223972274,-18.490634179928204],[-64.135140057209199,-18.490760689441323],[-64.135291591364137,-18.490759780793141],[-64.135291472314009,-18.490741708006599],[-64.135329355847361,-18.49074148082585],[-64.135329236793382,-18.490723408039525],[-64.135348178557905,-18.490723294446429],[-64.135347940446408,-18.490687148873892],[-64.135461591006731,-18.490686467276952],[-64.13546147193928,-18.490668394491365],[-64.135518297211618,-18.49066805366768],[-64.135518178138341,-18.490649980882388],[-64.135575003403503,-18.490649640042012],[-64.135574884324413,-18.490631567257054],[-64.135612767829869,-18.490631340020901],[-64.135612648746928,-18.490613267236135],[-64.135650532247851,-18.490613039992645],[-64.135650413161088,-18.490594967208107],[-64.135669354909368,-18.490594853583641],[-64.135669235820757,-18.49057678079917],[-64.135763944550121,-18.49057621264901],[-64.135763825451733,-18.49055813986509],[-64.135782767195224,-18.490558026229493],[-64.135782648094974,-18.490539953445658],[-64.135934182021984,-18.490539044293651],[-64.135934062906003,-18.490520971510737],[-64.13610453854551,-18.490519948570896],[-64.136104419411794,-18.490501875789032],[-64.136274895022297,-18.490500852696826],[-64.136274775870859,-18.490482779915979],[-64.136293717602697,-18.490482666229713],[-64.136293598449399,-18.490464593448955],[-64.136312540179105,-18.490464479760913],[-64.136312421023959,-18.490446406980237],[-64.136482896567287,-18.490445383703712],[-64.136483015740282,-18.490463456483326],[-64.136501957468639,-18.490463342776341],[-64.136502076643765,-18.490481415555792],[-64.136521018373926,-18.490481301846796],[-64.13652089919681,-18.490463229067466],[-64.136634549563112,-18.490462546774435],[-64.136634668752137,-18.49048061955305],[-64.13665361048136,-18.490480505830799],[-64.136653372099474,-18.490444360273759],[-64.136729138999087,-18.490443905366753],[-64.136729019800399,-18.490425832588677],[-64.137013145624621,-18.490424126419256],[-64.137013264853081,-18.490442199195549],[-64.137032206575583,-18.490442085435653],[-64.137032325806175,-18.49046015821181],[-64.137051267530509,-18.490460044449897],[-64.137051386763218,-18.490478117225898],[-64.137070328489415,-18.49047800346197],[-64.137070447724255,-18.490496076237822],[-64.137089389452285,-18.490495962471883],[-64.137089508689243,-18.490514035247557],[-64.137108450419149,-18.490513921479604],[-64.13710856965821,-18.490531994255139],[-64.137127511389934,-18.490531880485175],[-64.137127630631127,-18.490549953260562],[-64.137146572364728,-18.490549839488587],[-64.137146691608038,-18.49056791226382],[-64.137165633343471,-18.490567798489828],[-64.137165752588913,-18.490585871264901],[-64.137184694326209,-18.490585757488898],[-64.137184813573782,-18.490603830263801],[-64.13720375531291,-18.490603716485779],[-64.137222697051882,-18.490603602705868],[-64.137222816303563,-18.490621675480522],[-64.137241758044382,-18.490621561698593],[-64.137241877298166,-18.490639634473084],[-64.13726081904089,-18.490639520689143],[-64.137260938296805,-18.490657593463492],[-64.137279880041319,-18.490657479677541],[-64.137279999299366,-18.490675552451709],[-64.137298941045756,-18.49067543866374],[-64.137299060305921,-18.490693511437769],[-64.137318002054158,-18.490693397647789],[-64.13731812131644,-18.490711470421672],[-64.137337063066525,-18.490711356629678],[-64.137337182330924,-18.490729429403398],[-64.137356124082856,-18.490729315609393],[-64.137356243349402,-18.490747388382967],[-64.137375185103181,-18.490747274586944],[-64.13737530437183,-18.490765347360345],[-64.137394246127428,-18.49076523356231],[-64.137394484669116,-18.490801379108799],[-64.13741342642858,-18.490801265308633],[-64.137413664974801,-18.490837410854745],[-64.137432606738102,-18.490837297052447],[-64.137489432027124,-18.49083695563419],[-64.137489551308377,-18.490855028406692],[-64.137508493073113,-18.490854914596699],[-64.137508612356484,-18.490872987369073],[-64.137527554123054,-18.490872873557066],[-64.137527911979973,-18.490927091873598],[-64.137546853752355,-18.490926978059338],[-64.137546973040259,-18.490945050831336],[-64.137565914814473,-18.490944937015062],[-64.137584856588589,-18.490944823196898],[-64.13758521446502,-18.490999041511945],[-64.137604156244933,-18.490998927691525],[-64.137642039804362,-18.490998700045004],[-64.137642278401245,-18.491034845587471],[-64.137661220184697,-18.491034731761129],[-64.13766157808702,-18.491088950074211],[-64.137680519876298,-18.49108883624562],[-64.137699461665477,-18.491088722415135],[-64.137699580970505,-18.49110679518585],[-64.137718522761503,-18.491106681353351],[-64.137737464552345,-18.491106567518962],[-64.137738657649791,-18.491287295221849],[-64.137700774028232,-18.491287522891124],[-64.137701131948234,-18.491341741202003],[-64.137720073765053,-18.491341627367959],[-64.137720431692259,-18.491395845678195],[-64.137739373514876,-18.491395731841898],[-64.137758315337365,-18.491395618003704],[-64.137758434650678,-18.491413690773467],[-64.137777376475029,-18.491413576933258],[-64.137777615106017,-18.491449722472439],[-64.137796556934205,-18.491449608630099],[-64.137796676251909,-18.49146768139952],[-64.13781561808193,-18.491467567555169],[-64.137815737401752,-18.491485640324441],[-64.137834679233592,-18.491485526478076],[-64.137834798555545,-18.491503599247171],[-64.137853740389261,-18.491503485398795],[-64.137853859713331,-18.491521558167747],[-64.137872801548895,-18.491521444317357],[-64.137910685219623,-18.491521216610892],[-64.13791080454979,-18.491539289379464],[-64.137929746386902,-18.491539175523272],[-64.137948688223915,-18.491539061665183],[-64.137948807558175,-18.491557134433471],[-64.137967749397035,-18.491557020573371],[-64.137967868733412,-18.491575093341517],[-64.13798681057412,-18.491574979479402],[-64.138024694255094,-18.491574751749489],[-64.138025052282941,-18.491628970052609],[-64.138006110436564,-18.49162908391887],[-64.138006229777474,-18.491647156686632],[-64.137987287928979,-18.49164727055112],[-64.137987407268056,-18.491665343318946],[-64.137968465417416,-18.491665457181654],[-64.137968942767102,-18.491737748253165],[-64.137987884625673,-18.491737634389978],[-64.137988003965432,-18.491755707157626],[-64.138006945825808,-18.491755593292428],[-64.138007065167699,-18.491773666059945],[-64.137988123305306,-18.491773779925264],[-64.137988361985492,-18.49180992546043],[-64.137969420118992,-18.491810039324093],[-64.137969778134348,-18.491864257626911],[-64.137950836261737,-18.49186437148904],[-64.13795155228425,-18.491972808094467],[-64.137932610399588,-18.491972921955412],[-64.137932968406744,-18.492027140257992],[-64.13795191029736,-18.492027026396691],[-64.137952387650117,-18.492099317465833],[-64.13797132954852,-18.492099203602162],[-64.137971568229688,-18.492135349136291],[-64.137990510131928,-18.492135235270485],[-64.137990868160671,-18.492189453571054],[-64.138009810068723,-18.492189339702996],[-64.138010048759213,-18.492225485236304],[-64.138028990671117,-18.492225371366111],[-64.138047932582879,-18.492225257494024],[-64.138048051932302,-18.492243330260383],[-64.138066993845896,-18.492243216386278],[-64.138067113197451,-18.492261289152466],[-64.138086055112908,-18.492261175276354],[-64.138086174466565,-18.492279248042411],[-64.138105116383855,-18.492279134164288],[-64.138124058301003,-18.492279020284265],[-64.138124177658781,-18.492297093050041],[-64.138143119577819,-18.492296979168003],[-64.138143358297754,-18.492333124699204],[-64.1381623002206,-18.492333010815035],[-64.138162538945053,-18.492369156345873],[-64.138181480871708,-18.492369042459572],[-64.138181600236138,-18.492387115224826],[-64.138200542164668,-18.49238700133651],[-64.13820078089789,-18.492423146866635],[-64.138219722830257,-18.492423032976188],[-64.138219961567998,-18.492459178505957],[-64.138238903504202,-18.492459064613378],[-64.138239142246462,-18.492495210142753],[-64.138258084186489,-18.492495096248042],[-64.138258203559815,-18.492513169012557],[-64.138277145501675,-18.492513055115833],[-64.138277384252703,-18.49254920064454],[-64.138296326198429,-18.492549086745679],[-64.138296684331962,-18.492603305038102],[-64.138315626283486,-18.492603191136993],[-64.138315745663604,-18.492621263900944],[-64.138334687616947,-18.492621149997817],[-64.138334926381546,-18.492657295525369],[-64.138353868338768,-18.49265718162011],[-64.138353987723278,-18.492675254383716],[-64.138372929682305,-18.492675140476447],[-64.138391871641232,-18.49267502656728],[-64.13839199102982,-18.492693099330623],[-64.13841093299061,-18.492692985419446],[-64.138411052381329,-18.492711058182625],[-64.138429994343937,-18.492710944269433],[-64.138467878268742,-18.492710716437365],[-64.138467997665558,-18.492728789200161],[-64.138486939629757,-18.492728675281164],[-64.138487059028691,-18.492746748043782],[-64.138506000994724,-18.492746634122771],[-64.138524942960615,-18.492746520199869],[-64.138525062363669,-18.492764592962235],[-64.138544004331408,-18.492764479037319],[-64.13854412373658,-18.492782551799522],[-64.138563065706165,-18.492782437872592],[-64.138582007675623,-18.492782323943768],[-64.138582127084916,-18.492800396705711],[-64.138601069056207,-18.492800282774869],[-64.138600830233813,-18.492764137251207],[-64.138619772200997,-18.492764023318713],[-64.138619294549926,-18.492691732271449],[-64.138657178468023,-18.49269150440173],[-64.13865705905161,-18.492673431640053],[-64.138676001008477,-18.492673317702476],[-64.138675762172127,-18.492637172179293],[-64.138694704124873,-18.492637058240057],[-64.138694584704922,-18.492618985478515],[-64.138713526655522,-18.492618871537505],[-64.138713407233723,-18.492600798776056],[-64.138751291130603,-18.492600570888584],[-64.138751171704953,-18.49258249812733],[-64.138789055597272,-18.492582270232521],[-64.138788936167813,-18.492564197471495],[-64.138807878111791,-18.492564083521369],[-64.138807758680471,-18.492546010760403],[-64.138845642564064,-18.492545782854702],[-64.138845523128907,-18.492527710093945],[-64.13894023282549,-18.492527140297138],[-64.138940113380556,-18.492509067536936],[-64.138959055317471,-18.49250895357201],[-64.13895893587069,-18.492490880811904],[-64.138977877805459,-18.492490766845204],[-64.13897775835683,-18.49247269408519],[-64.13899670028951,-18.492472580116715],[-64.13899658083902,-18.492454507356769],[-64.139015522769583,-18.492454393386517],[-64.139015403317245,-18.492436320626659],[-64.139034345245676,-18.492436206654631],[-64.139033389616117,-18.492291624575458],[-64.139109157264897,-18.492291168672224],[-64.139109037803891,-18.492273095912644],[-64.139222689261018,-18.492272412001679],[-64.139222569788217,-18.49225433924277],[-64.139241511695275,-18.492254225251099],[-64.13924139222064,-18.4922361524923],[-64.139336101743922,-18.492235582506115],[-64.139335862775198,-18.492199436989566],[-64.139354804675477,-18.492199322986888],[-64.139354446217482,-18.492145104712176],[-64.13937338811165,-18.49214499070796],[-64.139373268623942,-18.492126917949758],[-64.139486919974203,-18.492126233885383],[-64.139486800474714,-18.492108161127874],[-64.139562568030883,-18.492107705047548],[-64.139562448523591,-18.492089632290472],[-64.139638216069599,-18.492089176180315],[-64.139638096554506,-18.492071103423683],[-64.139846457272796,-18.492069848965773],[-64.139846576809731,-18.492087921721087],[-64.139865518694364,-18.492087807667971],[-64.139903402463247,-18.492087579556063],[-64.139903522006279,-18.49210565231099],[-64.139922463892461,-18.492105538252073],[-64.139922583437624,-18.492123611006839],[-64.139941525325696,-18.492123496945911],[-64.139941644872962,-18.492141569700532],[-64.139960586762868,-18.492141455637586],[-64.139960706312266,-18.49215952839203],[-64.139979648204033,-18.49215941432707],[-64.139979767755548,-18.492177487081381],[-64.139998709649163,-18.49217737301441],[-64.139998829202796,-18.492195445768559],[-64.140017771098243,-18.49219533169957],[-64.140017890654008,-18.492213404453576],[-64.140036832551303,-18.492213290382576],[-64.140036952109185,-18.492231363136415],[-64.140055894008341,-18.492231249063401],[-64.140188487298488,-18.492230450499271],[-64.140188606872414,-18.492248523252101],[-64.140207548772423,-18.492248409163814],[-64.140283316371182,-18.492247952791722],[-64.140284153461906,-18.492374462056524],[-64.140303095375145,-18.492374347957927],[-64.140304769604683,-18.492627366480647],[-64.140323711545577,-18.492627252378487],[-64.140323831136413,-18.492645325129711],[-64.14030488919353,-18.492645439231989],[-64.140305128371651,-18.492681584734612],[-64.140324070318513,-18.492681470632089],[-64.140324309501167,-18.492717616134332],[-64.140305367550326,-18.492717730237089],[-64.140305606729569,-18.49275387573941],[-64.140286664774635,-18.492753989840512],[-64.140286784362473,-18.492772062591744],[-64.140305726319397,-18.492771948490521],[-64.140307280999622,-18.493006894251778],[-64.140326222982225,-18.493006780147105],[-64.140326701358006,-18.493079071148891],[-64.140345643348397,-18.493078957041853],[-64.14034683931736,-18.493259684542672],[-64.140365781327446,-18.493259570432542],[-64.140366020526869,-18.493295715932053],[-64.140384962540821,-18.493295601819796],[-64.140385082142728,-18.493313674569354],[-64.140404024158528,-18.493313560455082],[-64.140404263366705,-18.493349705953904],[-64.14038532134694,-18.493349820068413],[-64.140385440949245,-18.493367892817897],[-64.140404382971013,-18.493367778703266],[-64.140404622180014,-18.493403924201846],[-64.140423564205619,-18.493403810085081],[-64.140442506231068,-18.493403695966425],[-64.140442625839754,-18.493421768715439],[-64.140461567867021,-18.493421654594766],[-64.140461687477824,-18.493439727343624],[-64.140480629506982,-18.493439613220936],[-64.140480749119902,-18.493457685969641],[-64.140499691150893,-18.493457571844942],[-64.140499810765959,-18.493475644593467],[-64.140518752798798,-18.493475530466753],[-64.140519231268343,-18.493547821460123],[-64.140538173308968,-18.493547707331036],[-64.140538292928682,-18.493565780079152],[-64.140557234971169,-18.493565665948047],[-64.140557354593014,-18.493583738696035],[-64.140576296637349,-18.493583624562916],[-64.14061418072562,-18.493583396291001],[-64.140614300353562,-18.493601469038584],[-64.140633242399446,-18.493601354899667],[-64.140633481659705,-18.493637500394495],[-64.140652423709426,-18.493637386253447],[-64.140652782606807,-18.493691604495044],[-64.140671724662383,-18.49369149035174],[-64.140671844297103,-18.493709563098761],[-64.140690786354497,-18.493709448953442],[-64.140690905991335,-18.493727521700286],[-64.140709848050591,-18.493727407552953],[-64.140747732168705,-18.493727179252602],[-64.140747851811639,-18.49374525199908],[-64.140766793872473,-18.493745137845941],[-64.140785735933164,-18.493745023690913],[-64.140785855580219,-18.493763096437103],[-64.14080479764273,-18.49376298228006],[-64.140823739705141,-18.49376286812112],[-64.140823859356303,-18.493780940867044],[-64.140861743484649,-18.493780712543245],[-64.140861623829522,-18.493762639797559],[-64.140880565891521,-18.493762525632935],[-64.140880446234561,-18.493744452887345],[-64.140918330354125,-18.493744224552657],[-64.140918450015079,-18.493762297298009],[-64.140937392076651,-18.493762183127703],[-64.14093763140292,-18.493798328618077],[-64.14095657346833,-18.49379821444564],[-64.14095669313366,-18.493816287190633],[-64.140975635200888,-18.493816173016178],[-64.14097575486835,-18.493834245761043],[-64.140994696937454,-18.493834131584574],[-64.140994936276755,-18.493870277073952],[-64.141013878349696,-18.493870162895352],[-64.141013998021521,-18.493888235639844],[-64.141032940096324,-18.493888121459229],[-64.14103305977028,-18.493906194203586],[-64.141052001846916,-18.493906080020956],[-64.141052241199219,-18.493942225509336],[-64.141071183279664,-18.493942111324571],[-64.141071302958011,-18.493960184068591],[-64.141090245040303,-18.493960069881815],[-64.141090364720782,-18.493978142625657],[-64.14110930680495,-18.493978028436867],[-64.14112824888899,-18.493977914246184],[-64.141128368573561,-18.493995986989777],[-64.14114731065942,-18.493995872797079],[-64.141147430346123,-18.494013945540505],[-64.141166372433844,-18.494013831345789],[-64.141374735389618,-18.494012575078905],[-64.141374855100281,-18.494030647820871],[-64.141393797188343,-18.494030533603304],[-64.141431681363997,-18.494030305162482],[-64.141431801080756,-18.494048377904051],[-64.141450743170381,-18.494048263680682],[-64.141450862889272,-18.494066336422076],[-64.141469804980744,-18.494066222196693],[-64.141469924701752,-18.494084294937959],[-64.141488866795072,-18.494084180710558],[-64.141488986518198,-18.494102253451658],[-64.14150792861335,-18.494102139222246],[-64.141508048338608,-18.494120211963203],[-64.141526990435622,-18.494120097731777],[-64.141527110162997,-18.494138170472556],[-64.141546052261873,-18.494138056239112],[-64.141546171991365,-18.494156128979757],[-64.141565114092074,-18.494156014744302],[-64.141565233823698,-18.494174087484787],[-64.141584175926255,-18.494173973247314],[-64.141584295659996,-18.494192045987653],[-64.141603237764414,-18.494191931748169],[-64.141603357500287,-18.494210004488345],[-64.141622299606524,-18.494209890246847],[-64.141622778559366,-18.494282181206717],[-64.14164172067342,-18.494282066962846],[-64.141641840413953,-18.494300139702581],[-64.141622898297925,-18.494300253946573],[-64.141623856211311,-18.494444835864353],[-64.141604914079252,-18.494444950107408],[-64.141605033817058,-18.494463022847068],[-64.14162397595112,-18.494462908603897],[-64.141624215431122,-18.494499054082926],[-64.141605273293095,-18.494499168326335],[-64.141605991724504,-18.494607604763271],[-64.14158704957444,-18.494607719005504],[-64.141587289048701,-18.494643864484416],[-64.141568346894545,-18.494643978724991],[-64.141568466629892,-18.494662051464534],[-64.141530582317145,-18.49466227994024],[-64.141530821780336,-18.494698425419688],[-64.141511879619785,-18.494698539654941],[-64.141512358539856,-18.494770830613874],[-64.141493416371247,-18.494770944847708],[-64.141493895285606,-18.494843235806545],[-64.141512837462159,-18.494843121572234],[-64.141512957193072,-18.494861194311746],[-64.1415318993715,-18.49486108007542],[-64.141532138837718,-18.494897225554066],[-64.141551081019983,-18.494897111315606],[-64.141551440226309,-18.494951329532995],[-64.141532498038089,-18.494951443771818],[-64.141533336177105,-18.49507795294528],[-64.141552278379223,-18.495077838705626],[-64.141553475752275,-18.495258566092115],[-64.141534533530304,-18.495258680332963],[-64.141534653266376,-18.495276753071547],[-64.141553595490336,-18.495276638830578],[-64.141554313921631,-18.495385075260554],[-64.141535371685762,-18.49538518950224],[-64.14153597037236,-18.495475553193533],[-64.141517028126401,-18.495475667433919],[-64.141517507070233,-18.495547958386794],[-64.141536449324121,-18.495547844145925],[-64.141536808539399,-18.495602062359868],[-64.1415557507991,-18.49560194811675],[-64.141574693058672,-18.495601833871735],[-64.141574932544145,-18.49563797934702],[-64.141555990280622,-18.495638093592273],[-64.141556110021583,-18.495656166329994],[-64.141537167755914,-18.495656280573471],[-64.141537287495026,-18.495674353311273],[-64.14151834522724,-18.495674467552981],[-64.141518464964506,-18.495692540290865],[-64.141499522694616,-18.495692654530796],[-64.141499762165594,-18.495728800006681],[-64.141461877617417,-18.495729028481332],[-64.141461997349126,-18.495747101219475],[-64.141424112796443,-18.495747329686786],[-64.141424232524315,-18.495765402425128],[-64.1414052902458,-18.495765516656061],[-64.141405409971838,-18.495783589394488],[-64.141386467691163,-18.495783703623648],[-64.141386587415354,-18.495801776362146],[-64.141367645132576,-18.495801890589522],[-64.14136776485492,-18.495819963328124],[-64.14129199571444,-18.495820420219179],[-64.141292474573433,-18.495892711175102],[-64.141273532280024,-18.495892825393607],[-64.141273651993131,-18.495910898132635],[-64.141254709697606,-18.49591101234936],[-64.141255068831782,-18.495965230566547],[-64.14121718422841,-18.495965458995038],[-64.141217303936102,-18.495983531734275],[-64.14119836163222,-18.495983645945799],[-64.141198481338066,-18.496001718685115],[-64.141179539032052,-18.496001832894866],[-64.14117965873605,-18.496019905634277],[-64.141160716427919,-18.496020019842248],[-64.141160955832362,-18.496056165321164],[-64.141142013520138,-18.496056279527483],[-64.141142133220583,-18.496074352267023],[-64.141123190906214,-18.496074466471562],[-64.141123430303551,-18.496110611950773],[-64.141104487985061,-18.496110726153656],[-64.141104607681953,-18.496128798893309],[-64.141085665361345,-18.496128913094417],[-64.141085904751563,-18.496165058573894],[-64.141066962426862,-18.496165172773349],[-64.141067082120188,-18.496183245513148],[-64.141048139793355,-18.496183359710827],[-64.141048259484847,-18.496201432450718],[-64.141029317155869,-18.496201546646621],[-64.141029436845514,-18.496219619386576],[-64.141010494514418,-18.496219733580702],[-64.141010614202216,-18.496237806320767],[-64.140991671868989,-18.496237920513117],[-64.140991791554924,-18.49625599325325],[-64.140972849219622,-18.496256107443827],[-64.140973088587941,-18.496292252924231],[-64.14095414624849,-18.496292367113153],[-64.140954505296037,-18.496346585333868],[-64.140935562950503,-18.496346699521251],[-64.140935682631323,-18.49636477226154],[-64.140916740283643,-18.49636488644715],[-64.140916859962616,-18.496382959187503],[-64.140897917612833,-18.496383073371337],[-64.140898037289944,-18.496401146111797],[-64.140879094938043,-18.496401260293855],[-64.140879214613307,-18.496419333034389],[-64.14086027225926,-18.496419447214674],[-64.140860511606235,-18.496455592695888],[-64.140841569248096,-18.496455706874514],[-64.140841688919792,-18.496473779615169],[-64.140803804199123,-18.496474007966977],[-64.140803923866997,-18.49649208070786],[-64.140784981504467,-18.496492194881039],[-64.140785220836648,-18.496528340362929],[-64.140766278470011,-18.496528454534452],[-64.140766996457984,-18.496636890979953],[-64.140748054079268,-18.496637005150298],[-64.140748173742438,-18.496655077891219],[-64.140729231361618,-18.496655192059791],[-64.140729710007676,-18.49672748302357],[-64.140710767618799,-18.49672759719072],[-64.140711006938673,-18.496763742672652],[-64.140692064545675,-18.49676385683815],[-64.140692303862139,-18.49680000232016],[-64.140673361465005,-18.496800116484],[-64.140673481121468,-18.496818189225081],[-64.140654538722217,-18.496818303387148],[-64.140654778031575,-18.496854448869442],[-64.140635835628231,-18.496854563029853],[-64.140636074934164,-18.496890708512218],[-64.140617132526685,-18.496890822670974],[-64.140617491480654,-18.496945040894655],[-64.140598549067093,-18.496945155051872],[-64.140598788366475,-18.496981300534372],[-64.140617730784001,-18.496981186376917],[-64.140617850435873,-18.496999259117999],[-64.140636792855261,-18.496999144958533],[-64.140637032163397,-18.497035290440358],[-64.140618089740045,-18.497035404600069],[-64.140618209392329,-18.49705347734103],[-64.140599266966845,-18.497053591498961],[-64.140599386617296,-18.497071664240025],[-64.140580444189681,-18.497071778396183],[-64.140580922784878,-18.497144069360544],[-64.14056198034919,-18.497144183515289],[-64.140562219643655,-18.497180328997501],[-64.140581162083322,-18.497180214842526],[-64.14058164068183,-18.497252505806042],[-64.140600583129299,-18.497252391648694],[-64.140619525576625,-18.497252277489444],[-64.140619645230558,-18.497270350230011],[-64.140638587679732,-18.497270236068751],[-64.140639185961462,-18.497360599770388],[-64.140658128420398,-18.497360485606638],[-64.140677070879235,-18.49736037144099],[-64.140677310200829,-18.497396516920919],[-64.140658367738027,-18.497396631086804],[-64.140658487397047,-18.497414703826838],[-64.140639544932142,-18.497414817990947],[-64.140639664589315,-18.497432890731073],[-64.140601779655086,-18.497433119053852],[-64.140602138615506,-18.497487337274698],[-64.140621081088653,-18.4974872231139],[-64.140621679368721,-18.497577586814028],[-64.140640621851659,-18.497577472650736],[-64.140640741510069,-18.497595545390535],[-64.140659683994841,-18.497595431225232],[-64.140659803655367,-18.497613503964885],[-64.140678746142015,-18.497613389797564],[-64.140678865804674,-18.49763146253704],[-64.140697808293154,-18.497631348367705],[-64.14069792795793,-18.497649421107049],[-64.140716870448259,-18.497649306935703],[-64.140717109782216,-18.497685452414043],[-64.140698167287923,-18.497685566585631],[-64.140698286953125,-18.497703639324843],[-64.140660401960119,-18.497703867662569],[-64.140660521621498,-18.497721940402005],[-64.140603694125019,-18.497722282894742],[-64.140603813780572,-18.497740355634505],[-64.140565928778258,-18.49774058395376],[-64.14056604842996,-18.497758656693719],[-64.140547105926629,-18.497758770850623],[-64.140547225576498,-18.497776843590678],[-64.140528283071021,-18.497776957745806],[-64.140528402719042,-18.497795030485921],[-64.140509460211433,-18.497795144639273],[-64.140509579857607,-18.497813217379498],[-64.140490637347881,-18.497813331531074],[-64.140490756992193,-18.49783140427137],[-64.140452871968392,-18.497831632569078],[-64.140452991608868,-18.497849705309591],[-64.140396164066132,-18.4978500477423],[-64.140396283700781,-18.497868120483123],[-64.140377341184305,-18.497868234623688],[-64.14037746081712,-18.497886307364581],[-64.140358518298484,-18.49788642150337],[-64.140358637929438,-18.49790449424437],[-64.140320752887803,-18.497904722516502],[-64.140320872514934,-18.497922795257697],[-64.140282987468765,-18.497923023522493],[-64.140283107092074,-18.497941096263897],[-64.140264164566787,-18.49794121039357],[-64.140264403809823,-18.497977355876486],[-64.140245461280429,-18.497977470004503],[-64.140245580900171,-18.497995542746043],[-64.140226638368659,-18.497995656872284],[-64.14022699722274,-18.498049875097017],[-64.140208054685161,-18.498049989221723],[-64.140208413534523,-18.498104207446527],[-64.140189470990819,-18.498104321569691],[-64.14018971022044,-18.498140467052927],[-64.14013288257658,-18.498140809411776],[-64.140133002185635,-18.498158882153717],[-64.140095117085082,-18.49815911038371],[-64.140094997479991,-18.498141037641531],[-64.140076054931484,-18.498141151753565],[-64.140075815725694,-18.498105006268901],[-64.140056873181024,-18.498105120378799],[-64.140037930636225,-18.498105234486804],[-64.140037811037516,-18.498087161744163],[-64.139999925951443,-18.49808738995425],[-64.140000045546202,-18.498105462697133],[-64.13996216045561,-18.49810569089988],[-64.139962280046518,-18.498123763642941],[-64.139943337499062,-18.498123877741591],[-64.139943457088123,-18.498141950484751],[-64.139905571988763,-18.498142178676602],[-64.139905691573986,-18.498160251419982],[-64.139886749022111,-18.498160365513186],[-64.139886988189019,-18.498196511000053],[-64.139868045633051,-18.498196625091602],[-64.139867926051522,-18.498178552348058],[-64.139830040943124,-18.49817878052523],[-64.139830160520674,-18.498196853269011],[-64.139792275407743,-18.498197081438839],[-64.13979239498147,-18.498215154182798],[-64.13977345242283,-18.498215268264989],[-64.139773571994724,-18.498233341009051],[-64.139754629433938,-18.498233455089469],[-64.139754749003956,-18.498251527833613],[-64.139678978751533,-18.498251984136804],[-64.139678859189445,-18.49823391139218],[-64.139659916627977,-18.498234025463123],[-64.139660036188076,-18.498252098207864],[-64.139565323368757,-18.498252668534736],[-64.13956544291905,-18.498270741280038],[-64.139527557786366,-18.498270969397765],[-64.139527677332836,-18.49828904214327],[-64.139508734764334,-18.498289156199405],[-64.139508854308957,-18.498307228944977],[-64.139470969167505,-18.498307457051805],[-64.139471447331474,-18.498379748034758],[-64.139452504752597,-18.498379862085805],[-64.13945310245073,-18.498470225814298],[-64.139434159861807,-18.498470339864049],[-64.139433681710969,-18.498398048880855],[-64.139414739129833,-18.498398162928236],[-64.139414619594461,-18.498380090182216],[-64.139395677015159,-18.498380204227583],[-64.139395557481905,-18.498362131481439],[-64.139376614904464,-18.498362245524785],[-64.139376495373341,-18.498344172778463],[-64.139357552797748,-18.498344286819794],[-64.139357433268742,-18.498326214073323],[-64.13933849069501,-18.498326328112643],[-64.139338371168137,-18.498308255366016],[-64.139319428596238,-18.498308369403322],[-64.139319309071482,-18.498290296656556],[-64.139300366501431,-18.498290410691851],[-64.139300246978806,-18.498272337944915],[-64.139281304410602,-18.498272451978188],[-64.139281184890095,-18.498254379231099],[-64.139262242323738,-18.498254493262362],[-64.139262003287101,-18.498218347767832],[-64.13924306072461,-18.498218461796959],[-64.139242463145365,-18.498128098059439],[-64.139223520592637,-18.49812821208608],[-64.139223162052701,-18.498073993842798],[-64.1392042195058,-18.498074107867186],[-64.139204099994757,-18.498056035119223],[-64.139223042539669,-18.498055921094952],[-64.139222923026765,-18.498037848347103],[-64.139241865569559,-18.498037734321059],[-64.139241746054822,-18.498019661573274],[-64.139260688595456,-18.498019547545461],[-64.139260569078871,-18.498001474797746],[-64.139279511617417,-18.498001360768153],[-64.139279392098956,-18.497983288020528],[-64.139298334635384,-18.497983173989159],[-64.139298095594938,-18.497947028494075],[-64.139317038127245,-18.497946914461046],[-64.139316799083389,-18.497910768966033],[-64.139297856555032,-18.497910882998823],[-64.139297737035307,-18.497892810251141],[-64.139316679561645,-18.497892696218472],[-64.139316320997295,-18.497838477975602],[-64.139335263517552,-18.497838363941398],[-64.139335024471364,-18.497802218446203],[-64.139353966987485,-18.49780210441034],[-64.139353727937873,-18.497765958915256],[-64.139372670449916,-18.497765844877737],[-64.139372072818375,-18.497675481139993],[-64.139391015320342,-18.497675367101177],[-64.139390417682307,-18.497585003363149],[-64.139371475190273,-18.497585117401371],[-64.139371355665062,-18.497567044653529],[-64.139352413174876,-18.497567158689733],[-64.139333470684576,-18.497567272724048],[-64.139333351163472,-18.497549199975946],[-64.139314408675006,-18.497549314008243],[-64.139295466186383,-18.497549428038646],[-64.139295346669414,-18.497531355290285],[-64.139276404182638,-18.497531469318673],[-64.139276284667773,-18.497513396570131],[-64.139257342182859,-18.497513510596505],[-64.139238399697817,-18.497513624620982],[-64.139238280187058,-18.497495551872181],[-64.139219337703864,-18.497495665894643],[-64.139219218195237,-18.497477593145671],[-64.139200275713875,-18.497477707166123],[-64.139200156207366,-18.497459634417023],[-64.139181213727852,-18.497459748435464],[-64.139181094223474,-18.497441675686193],[-64.139162151745836,-18.497441789702616],[-64.13916203224359,-18.497423716953183],[-64.139143089767771,-18.497423830967591],[-64.139142970267628,-18.497405758218012],[-64.13912402779367,-18.497405872230406],[-64.139123908295659,-18.497387799480663],[-64.139104965823549,-18.497387913491043],[-64.139104846327655,-18.497369840741172],[-64.139085903857378,-18.497369954749534],[-64.13908578436363,-18.497351881999485],[-64.139066841895229,-18.497351996005836],[-64.139066722403584,-18.497333923255642],[-64.139047779937002,-18.497334037259979],[-64.139047660447503,-18.497315964509621],[-64.139028717982782,-18.497316078511943],[-64.139028598495386,-18.497298005761454],[-64.139009656032513,-18.497298119761762],[-64.139009536547235,-18.497280047011103],[-64.138990594086238,-18.497280161009396],[-64.138990474603091,-18.497262088258573],[-64.138971532143913,-18.497262202254856],[-64.138971412662897,-18.497244129503883],[-64.138952470205567,-18.497244243498152],[-64.138952350726669,-18.497226170747016],[-64.138933408271185,-18.49722628473927],[-64.138933169317781,-18.49719013923669],[-64.138914226866135,-18.497190253226808],[-64.138914107391628,-18.497172180475339],[-64.138895164941843,-18.497172294463443],[-64.138895045469468,-18.497154221711821],[-64.138876103021516,-18.49715433569791],[-64.138875983551259,-18.497136262946128],[-64.13885704110514,-18.497136376930207],[-64.138856921637,-18.497118304178294],[-64.138837979192743,-18.497118418160355],[-64.138837859726735,-18.497100345408263],[-64.13881891728434,-18.497100459388314],[-64.138818797820434,-18.497082386636066],[-64.138799855379901,-18.497082500614102],[-64.138780912939211,-18.497082614590241],[-64.138780793479427,-18.497064541837723],[-64.13876185104057,-18.497064655811847],[-64.138761731582917,-18.497046583059198],[-64.138742789145923,-18.497046697031305],[-64.138742669690387,-18.497028624278482],[-64.138723727255254,-18.497028738248577],[-64.138723607801836,-18.497010665495598],[-64.13870466536855,-18.497010779463679],[-64.13870454591725,-18.496992706710543],[-64.138685603485811,-18.496992820676613],[-64.138685484036642,-18.496974747923318],[-64.138666541607037,-18.496974861887374],[-64.13866642216,-18.49695678913395],[-64.138647479732242,-18.496956903095992],[-64.138647360287322,-18.496938830342391],[-64.13862841786144,-18.496938944302414],[-64.138628298418652,-18.496920871548671],[-64.138609355994589,-18.49692098550668],[-64.138609236553918,-18.496902912752766],[-64.138590294131703,-18.496903026708765],[-64.138590055254767,-18.496866881200635],[-64.138571112836374,-18.496866995154498],[-64.138552170417896,-18.496867109106468],[-64.138552050983577,-18.496849036352092],[-64.138533108566918,-18.496849150302047],[-64.138532869702715,-18.496813004792962],[-64.138513927289878,-18.496813118740786],[-64.138513807859965,-18.496795045986094],[-64.138494865448976,-18.496795159931903],[-64.138494746021195,-18.496777087177026],[-64.138475803612053,-18.496777201120821],[-64.138475684186403,-18.496759128365802],[-64.138456741779137,-18.496759242307583],[-64.138437799371701,-18.496759356247466],[-64.138437679950144,-18.496741283492167],[-64.138380852733036,-18.496741625300096],[-64.138361910327035,-18.496741739232281],[-64.138361790913564,-18.496723666476477],[-64.138342848509424,-18.496723780406651],[-64.138342609686859,-18.496687634894705],[-64.138323667286556,-18.496687748822744],[-64.138323547877462,-18.496669676066595],[-64.138304605479007,-18.49666978999262],[-64.138304486072045,-18.496651717236311],[-64.138285543675465,-18.496651831160321],[-64.13828542427062,-18.496633758403881],[-64.138266481875846,-18.496633872325877],[-64.138266362473132,-18.49661579956927],[-64.138285304865903,-18.496615685647392],[-64.138285066056923,-18.496579540134281],[-64.138304008445559,-18.496579426210747],[-64.138303889039278,-18.496561353454272],[-64.138322831425839,-18.496561239528962],[-64.138322592609711,-18.496525094016143],[-64.138303650227144,-18.496525207941215],[-64.138303411415549,-18.496489062428005],[-64.138322353794152,-18.49648894850317],[-64.138322234386578,-18.496470875746649],[-64.138341176763049,-18.496470761820042],[-64.138341057353628,-18.496452689063595],[-64.138322114979147,-18.496452802990085],[-64.138321995571843,-18.496434730233467],[-64.138303053199209,-18.496434844157942],[-64.138302933794037,-18.496416771401183],[-64.138283991423251,-18.496416885323647],[-64.138283513811871,-18.496344594295774],[-64.138264571448886,-18.496344708215865],[-64.138264452048361,-18.496326635458683],[-64.13828339440937,-18.496326521538712],[-64.138282797398929,-18.496236157752907],[-64.138263855047853,-18.496236271672284],[-64.138263735648167,-18.496218198914914],[-64.138244793298938,-18.496218312832273],[-64.138244673901383,-18.496200240074728],[-64.138225731554016,-18.496200353990076],[-64.138225373368101,-18.496146135716881],[-64.138206431026546,-18.496146249629973],[-64.138206311633496,-18.49612817687207],[-64.138187369293803,-18.496128290783151],[-64.138187249902899,-18.496110218025066],[-64.138149365227036,-18.496110445841307],[-64.13814948461399,-18.49612851859963],[-64.138092657593248,-18.496128860310133],[-64.13809289635563,-18.496165005827351],[-64.138036069321714,-18.496165347521519],[-64.138036188697157,-18.496183420280449],[-64.137979361656051,-18.496183761957919],[-64.137979242286562,-18.49616568919863],[-64.137960299941241,-18.496165803087212],[-64.137960419308754,-18.496183875846615],[-64.137752053479261,-18.496185128497263],[-64.137751934133604,-18.496167055736546],[-64.137732991786635,-18.496167169602387],[-64.137732872443095,-18.496149096841528],[-64.137713930097959,-18.496149210705358],[-64.137713810756551,-18.496131137944356],[-64.137694868413277,-18.496131251806172],[-64.137675926069875,-18.496131365666091],[-64.137675806732574,-18.496113292904791],[-64.137656864390991,-18.496113406762699],[-64.137637922049294,-18.49611352061871],[-64.1376378027161,-18.496095447857151],[-64.137618860376236,-18.496095561711147],[-64.137618621714239,-18.496059416187688],[-64.137637564050124,-18.496059302333929],[-64.137637325384716,-18.496023156810548],[-64.137675210048144,-18.496022929097819],[-64.137674374695692,-18.495896419766563],[-64.137655432377954,-18.495896533623043],[-64.137655313044434,-18.495878460861192],[-64.137579543780049,-18.495878916267682],[-64.137560601463619,-18.495879030114562],[-64.137560482140159,-18.495860957352058],[-64.137541539825563,-18.495861071196931],[-64.137541659147033,-18.495879143959552],[-64.137503774513476,-18.495879371643849],[-64.137503655195971,-18.495861298880985],[-64.137484712880962,-18.495861412720174],[-64.137484593565588,-18.495843339957162],[-64.137465651252427,-18.495843453794336],[-64.137465531939171,-18.495825381031164],[-64.137446589627871,-18.495825494866324],[-64.137446470316746,-18.495807422103024],[-64.137427528007279,-18.495807535936173],[-64.137427408698272,-18.495789463172688],[-64.137408466390667,-18.495789577003823],[-64.137408347083792,-18.495771504240192],[-64.13738940477802,-18.495771618069309],[-64.137389285473262,-18.495753545305522],[-64.137370343169337,-18.495753659132625],[-64.137370223866711,-18.495735586368689],[-64.137351281564648,-18.49573570019378],[-64.137351162264125,-18.495717627429709],[-64.137332219963909,-18.495717741252783],[-64.137332100665517,-18.495699668488534],[-64.137313158367164,-18.495699782309597],[-64.137313039070904,-18.495681709545199],[-64.137294096774369,-18.495681823364244],[-64.137293977480226,-18.495663750599689],[-64.137275035185553,-18.495663864416723],[-64.137274915893528,-18.495645791652031],[-64.137255973600702,-18.495645905467054],[-64.137255615731434,-18.495591687172357],[-64.137236673444448,-18.495591800985125],[-64.137236434869592,-18.495555655454933],[-64.137217492586416,-18.495555769265568],[-64.137217373301169,-18.495537696500286],[-64.13719843101984,-18.495537810308907],[-64.137198311736725,-18.495519737543479],[-64.137179369457257,-18.495519851350085],[-64.137179250176274,-18.495501778584497],[-64.13716030789864,-18.495501892389093],[-64.137160188619774,-18.49548381962337],[-64.137141246344001,-18.495483933425952],[-64.13714100779066,-18.495447787894125],[-64.13712206551871,-18.495447901694572],[-64.13712170769567,-18.495393683396234],[-64.137102765429546,-18.495393797194431],[-64.137102646157459,-18.495375724428115],[-64.137083703893197,-18.495375838224298],[-64.137083584623227,-18.49535776545784],[-64.137064642360826,-18.495357879252008],[-64.137064284557724,-18.495303660952072],[-64.137045342301121,-18.495303774743988],[-64.13704522303567,-18.495285701977139],[-64.137026280780901,-18.495285815767044],[-64.137026161517582,-18.495267743000053],[-64.137007219264675,-18.49526785678794],[-64.137007100003487,-18.495249784020785],[-64.136988157752427,-18.495249897806659],[-64.136987919234429,-18.49521375227204],[-64.13696897698722,-18.495213866055781],[-64.136968857730395,-18.495195793288278],[-64.136987799975614,-18.495195679504658],[-64.13698732294182,-18.495123388434823],[-64.136968380704531,-18.495123502217972],[-64.136968022936585,-18.495069283914876],[-64.136986965167893,-18.495069170132084],[-64.136986726652651,-18.495033024596733],[-64.136967784425295,-18.495033138379288],[-64.136967188149498,-18.494942774539727],[-64.136948245931919,-18.494942888319787],[-64.136948126679158,-18.494924815551641],[-64.136929184463426,-18.494924929329692],[-64.136929065212797,-18.4949068565614],[-64.136910122998913,-18.494906970337432],[-64.136909526757705,-18.494816606494872],[-64.136890584553626,-18.494816720268414],[-64.136889630590744,-18.494672138117487],[-64.136870688402396,-18.49467225188819],[-64.136869853705988,-18.494545742503469],[-64.136850911531397,-18.49454585627144],[-64.136850792291597,-18.494527783501926],[-64.136831850118867,-18.494527897267886],[-64.136831253931817,-18.49443753341923],[-64.136812311768864,-18.494437647182696],[-64.136812073298984,-18.494401501642759],[-64.136793131139896,-18.494401615404094],[-64.136791938818561,-18.494220887701054],[-64.13677299667917,-18.494221001459305],[-64.136772758220516,-18.494184855918025],[-64.136753816084976,-18.494184969674144],[-64.136753577630842,-18.494148824132509],[-64.136734635499124,-18.494148937886493],[-64.136734516274259,-18.494130865115491],[-64.13671557414439,-18.494130978867464],[-64.136715454921642,-18.494112906096312],[-64.136696512793634,-18.494113019846271],[-64.136696393573018,-18.494094947074959],[-64.136677451446829,-18.494095060822904],[-64.136676020833889,-18.493878187563094],[-64.136657078731403,-18.493878301307713],[-64.136656482658452,-18.493787937447369],[-64.136637540565758,-18.493788051189501],[-64.136637421353569,-18.493769978417205],[-64.136618479262737,-18.493770092157323],[-64.136618121632935,-18.493715873839871],[-64.1365991795479,-18.49371598757774],[-64.136599060340231,-18.493697914805065],[-64.136580118257044,-18.493698028540919],[-64.136579879846096,-18.493661882995241],[-64.136560937766745,-18.49366199672896],[-64.136560818563453,-18.493643923955943],[-64.136541876485964,-18.493644037687652],[-64.136541757284789,-18.493625964914472],[-64.136522815209176,-18.493626078644166],[-64.136522696010118,-18.493608005870843],[-64.136503753936324,-18.49360811959852],[-64.136503634739412,-18.493590046825034],[-64.136484692667452,-18.493590160550703],[-64.136484573472657,-18.493572087777085],[-64.136465631402558,-18.493572201500736],[-64.136446689332331,-18.493572315222497],[-64.136446570141644,-18.493554242448582],[-64.13642762807325,-18.493554356168328],[-64.136427508884694,-18.493536283394267],[-64.136408566818133,-18.493536397111999],[-64.136408447631695,-18.493518324337774],[-64.13638950556701,-18.493518438053492],[-64.136389386382689,-18.493500365279125],[-64.136370444319837,-18.493500478992829],[-64.136370325137634,-18.493482406218323],[-64.136351383076658,-18.493482519930016],[-64.136351263896586,-18.493464447155329],[-64.136332321837429,-18.493464560865011],[-64.136332083481676,-18.4934284153153],[-64.136313141426356,-18.493428529022847],[-64.136313022250661,-18.49341045624784],[-64.136275138143588,-18.493410683657011],[-64.136256196089874,-18.493410797358752],[-64.136255957750805,-18.493374651807887],[-64.1362370157009,-18.493374765507497],[-64.136236896533561,-18.493356692731883],[-64.136217954485502,-18.493356806429482],[-64.136217835320295,-18.493338733653726],[-64.136179951227746,-18.493338961042998],[-64.136161009181265,-18.493339074734795],[-64.136160770863142,-18.49330292918247],[-64.136141828820499,-18.493303042872132],[-64.136141709663647,-18.493284970095797],[-64.13600911537516,-18.493285765869551],[-64.135990173333383,-18.49328587954394],[-64.135990054192547,-18.493267806766607],[-64.135971112152617,-18.493267920438981],[-64.135970754736903,-18.493213702106448],[-64.135932870668569,-18.493213929444799],[-64.135913928634196,-18.493214043111131],[-64.135913809501858,-18.493195970333193],[-64.135894867469332,-18.493196083997514],[-64.135875925436665,-18.493196197659937],[-64.13587580630842,-18.493178124881716],[-64.135856864277613,-18.493178238542125],[-64.135856506899685,-18.493124020206924],[-64.135837564874691,-18.493124133865088],[-64.135837445750965,-18.49310606108649],[-64.135818503727833,-18.493106174742636],[-64.135818384606253,-18.493088101963888],[-64.13579944258494,-18.49308821561802],[-64.135799323465477,-18.493070142839137],[-64.135723555386875,-18.493070597436255],[-64.135704613366869,-18.493070711080794],[-64.135704494257467,-18.493052638301258],[-64.135685552239309,-18.49305275194379],[-64.135685433132025,-18.493034679164101],[-64.135609665065999,-18.493035133714798],[-64.135590723049148,-18.493035247347734],[-64.135590365757906,-18.492981029006696],[-64.135571423746882,-18.49298114263738],[-64.135552481735715,-18.492981256266173],[-64.135552362642883,-18.492963183485514],[-64.135533420633564,-18.492963297112293],[-64.135533301542836,-18.492945224331471],[-64.135514359535378,-18.49294533795624],[-64.135495417527764,-18.492945451579111],[-64.135495298441157,-18.492927378798026],[-64.135476356435419,-18.492927492418882],[-64.135476475520022,-18.492945565200085],[-64.135419649495958,-18.492945906051649],[-64.135419530417295,-18.492927833270091],[-64.135400588410988,-18.49292794688337],[-64.135400469334442,-18.492909874101674],[-64.135381527329997,-18.492909987712942],[-64.135381408255583,-18.492891914931061],[-64.135362466252971,-18.492892028540314],[-64.135362347180674,-18.492873955758295],[-64.13534340517991,-18.492874069365534],[-64.135324463179003,-18.49287418297088],[-64.135324344110813,-18.492856110188576],[-64.135305402111769,-18.492856223791907],[-64.13530516397978,-18.492820078226995],[-64.135286221984572,-18.492820191828194],[-64.135267279989193,-18.4928203054275],[-64.135267160927384,-18.492802232644735],[-64.135229276940208,-18.492802459837424],[-64.13521033494645,-18.492802573430925],[-64.135210215890723,-18.49278450064778],[-64.135191273898798,-18.492784614239266],[-64.135172331906716,-18.492784727828862],[-64.135172212855096,-18.492766655045436],[-64.135153270864862,-18.492766768633018],[-64.135153151815373,-18.492748695849457],[-64.135134209827015,-18.492748809435028],[-64.135133971732429,-18.492712663867525],[-64.135115029747865,-18.492712777450961],[-64.135114910702754,-18.492694704667034],[-64.135095968720066,-18.492694818248459],[-64.135095730634234,-18.4926586726803],[-64.135076788655368,-18.492658786259589],[-64.135057846676361,-18.492658899836986],[-64.135057727637616,-18.492640827052597],[-64.135038785660498,-18.492640940627979],[-64.135019843683196,-18.492641054201467],[-64.135019724648558,-18.492622981416815],[-64.135038666623871,-18.492622867843448],[-64.135038428551042,-18.492586722274279],[-64.135057370522233,-18.492586608699249],[-64.135057251484028,-18.492568535914724],[-64.13503830951484,-18.49256864948963],[-64.135038071442835,-18.492532503920238],[-64.13501912947747,-18.492532617493012],[-64.135018891409985,-18.492496471923264],[-64.134999949448442,-18.492496585493907],[-64.134999711385476,-18.492460439923761],[-64.13498076942777,-18.492460553492272],[-64.134961827469937,-18.492460667058889],[-64.134961708442646,-18.49244259427352],[-64.134942766486631,-18.492442707838123],[-64.134942528436412,-18.492406562267075],[-64.134923586484248,-18.49240667582955],[-64.134923467461334,-18.492388603043835],[-64.134904525511004,-18.492388716604292],[-64.134904406490207,-18.492370643818433],[-64.134885464541753,-18.492370757376879],[-64.134885226504537,-18.492334611804829],[-64.134866284559905,-18.492334725361143],[-64.134847342615132,-18.492334838915561],[-64.134847223600715,-18.492316766129232],[-64.134828281657789,-18.492316879681638],[-64.134828162645476,-18.492298806895164],[-64.134809220704398,-18.492298920445556],[-64.134808506645342,-18.492190483725249],[-64.134789564716058,-18.492190597273037],[-64.134770622786633,-18.492190710818928],[-64.13477050378124,-18.492172638031864],[-64.134751561853648,-18.492172751575744],[-64.134751442850387,-18.492154678788502],[-64.134732500924642,-18.492154792330368],[-64.134732381923499,-18.49213671954298],[-64.134713439999601,-18.492136833082835],[-64.134694498075589,-18.492136946620793],[-64.134694379078553,-18.492118873833125],[-64.134675437156375,-18.492118987369071],[-64.134674961177524,-18.492046696217617],[-64.134656019263161,-18.492046809751194],[-64.134655781278539,-18.492010664175027],[-64.134674723188937,-18.492010550641687],[-64.134674366207079,-18.491956332277493],[-64.134655424302622,-18.491956445810473],[-64.134655305310943,-18.491938373022229],[-64.134636363408319,-18.491938486553199],[-64.134635768461848,-18.491848122610858],[-64.134635649472955,-18.49183004982228],[-64.134616707582126,-18.491830163350642],[-64.134615993663601,-18.491721726617712],[-64.134634935542522,-18.491721613090064],[-64.134632912766421,-18.491414375675284],[-64.134613970921265,-18.491414489200913],[-64.134613613970856,-18.491360270832168],[-64.134632555810057,-18.491360157306893],[-64.134631722916652,-18.491233647779467],[-64.134650664741827,-18.491233534253134],[-64.134650307783616,-18.491179315884068],[-64.134669249602695,-18.491179202356196],[-64.13466913061491,-18.491161129566546],[-64.134688072431885,-18.491161016036894],[-64.134687834452762,-18.491124870457732],[-64.134706776265588,-18.491124756926425],[-64.134706538283041,-18.491088611347386],[-64.134725480091788,-18.491088497814424],[-64.134724052184225,-18.490871624338538],[-64.134705110399295,-18.490871737870076],[-64.134704991409876,-18.490853665080088],[-64.134667107843626,-18.490853892137245],[-64.134648166060288,-18.490854005662982],[-64.134648047076951,-18.490835932872585],[-64.13462910529546,-18.490836046396311],[-64.134610163513813,-18.490836159918139],[-64.134610044534597,-18.490818087127465]]]},"properties":{"FID":5,"Zona":"Yaguari","IDUH":6,"UH":"SC6 - Yag","AreaHa":30.8048}},{"type":"Feature","id":6,"geometry":{"type":"Polygon","coordinates":[[[-64.131889311274804,-18.49188263726883],[-64.131908253189337,-18.491882524013022],[-64.131908371892592,-18.491900596818621],[-64.131946255725197,-18.491900370301082],[-64.131946137017962,-18.491882297495724],[-64.131965078932083,-18.491882184234235],[-64.131964960222987,-18.491864111428985],[-64.131946018310856,-18.491864224690357],[-64.131945424777427,-18.491773860662892],[-64.132002250483637,-18.491773520874869],[-64.132002013059321,-18.491737375264339],[-64.132020954957113,-18.491737261998111],[-64.132020717529358,-18.491701116387681],[-64.132077543210102,-18.491700776578348],[-64.13207766192987,-18.491718849383222],[-64.132096603825133,-18.491718736109537],[-64.132115545720296,-18.491718622833957],[-64.132115664444157,-18.491736695638572],[-64.132134606341154,-18.491736582360975],[-64.132134725067147,-18.491754655165426],[-64.132153666966005,-18.491754541885822],[-64.132153785694115,-18.491772614690124],[-64.132172727594821,-18.491772501408505],[-64.132172846325062,-18.491790574212626],[-64.132191788227587,-18.491790460929],[-64.132192025692433,-18.491826606536943],[-64.132267793317126,-18.491826153382529],[-64.132267555836378,-18.491790007775528],[-64.132305439639978,-18.491789781187428],[-64.132305558384246,-18.491807853990714],[-64.132324500287822,-18.491807740693705],[-64.132324619034222,-18.491825813496828],[-64.132343560939645,-18.491825700197804],[-64.132343798436807,-18.491861845803712],[-64.132362740346053,-18.491861732502567],[-64.13236285909683,-18.491879805305324],[-64.132381801007924,-18.491879692002158],[-64.132381919760832,-18.49189776480479],[-64.132438745499257,-18.491897424883568],[-64.132438507981689,-18.491861279279004],[-64.132457449890268,-18.491861165968373],[-64.1324573311297,-18.49184309316615],[-64.132476273036147,-18.49184297985375],[-64.132476154273732,-18.491824907051601],[-64.132495096178062,-18.491824793737422],[-64.132494977413799,-18.491806720935369],[-64.132513919315997,-18.491806607619413],[-64.132513800549887,-18.491788534817431],[-64.132608510048925,-18.491787968209842],[-64.132608391273024,-18.491769895408446],[-64.132665216964824,-18.491769555421513],[-64.132665454528691,-18.491805701023587],[-64.132684396429667,-18.491805587690582],[-64.132741222131742,-18.491805247680208],[-64.1327411033418,-18.491787174879651],[-64.132778987138551,-18.491786948196832],[-64.132779105932457,-18.491805020997152],[-64.13279804783258,-18.491804907652782],[-64.132892757331263,-18.491804340902522],[-64.13289287613722,-18.491822413702085],[-64.132911818038536,-18.491822300346232],[-64.132911936846625,-18.491840373145653],[-64.132930878749775,-18.491840259787789],[-64.132949820652811,-18.491840146428025],[-64.132949939465007,-18.491858219227169],[-64.132968881369848,-18.491858105865393],[-64.13298782327459,-18.491857992501725],[-64.132987942090892,-18.49187606530057],[-64.133006883997467,-18.49187595193489],[-64.133007002815887,-18.491894024733611],[-64.133025944724324,-18.491893911365917],[-64.133026063544861,-18.491911984164478],[-64.133045005455145,-18.49191187079477],[-64.1330451242778,-18.491929943593181],[-64.133064066189917,-18.491929830221462],[-64.133064185014703,-18.491947903019696],[-64.133083126928682,-18.491947789645966],[-64.133083245755586,-18.491965862444058],[-64.133102187671426,-18.491965749068314],[-64.133102306500447,-18.49198382186627],[-64.133272783754563,-18.491982801398233],[-64.133272664907665,-18.491964728601346],[-64.133310548736432,-18.491964501810067],[-64.133310667587295,-18.49198257460672],[-64.133329609503477,-18.491982461208124],[-64.133329728356458,-18.492000534004617],[-64.133348670274486,-18.492000420604004],[-64.133348789129599,-18.492018493400334],[-64.133727627500818,-18.492016224987918],[-64.133727508606,-18.491998152193961],[-64.133746450521116,-18.491998038753568],[-64.133746331624451,-18.491979965959683],[-64.133784215450348,-18.49197973907345],[-64.133784096549846,-18.491961666279767],[-64.133821980371224,-18.491961439386198],[-64.133821861466885,-18.491943366592725],[-64.133859745283729,-18.491943139691813],[-64.133859626375553,-18.49192506689856],[-64.133973277810924,-18.491924386151069],[-64.133973396730994,-18.491942458943608],[-64.133992338638407,-18.491942345478943],[-64.134030222452779,-18.491942118543935],[-64.134030341378946,-18.491960191336101],[-64.134049283287936,-18.491960077865631],[-64.134068225196771,-18.491959964393267],[-64.134068344127058,-18.491978037185174],[-64.13408728603774,-18.491977923710799],[-64.13410622794828,-18.49197781023453],[-64.13410634688266,-18.49199588302616],[-64.134163172619438,-18.491995542585634],[-64.134163053679103,-18.49197746979436],[-64.134181995589074,-18.491977356310514],[-64.134181876646878,-18.491959283519321],[-64.13420081855476,-18.491959170033702],[-64.134200699610716,-18.491941097242606],[-64.134238583422089,-18.491940870265921],[-64.134238464474222,-18.491922797475041],[-64.134314232087362,-18.491922343499404],[-64.13431411313168,-18.491904270708943],[-64.134408822635109,-18.491903703197373],[-64.134408703669635,-18.491885630407474],[-64.1345223550573,-18.49188494933178],[-64.134522236080059,-18.491866876542556],[-64.134579061766075,-18.491866535979494],[-64.134578942783008,-18.491848463190614],[-64.134635768461848,-18.491848122610858],[-64.134636363408319,-18.491938486553199],[-64.134655305310943,-18.491938373022229],[-64.134655424302622,-18.491956445810473],[-64.134674366207079,-18.491956332277493],[-64.134674723188937,-18.492010550641687],[-64.134655781278539,-18.492010664175027],[-64.134656019263161,-18.492046809751194],[-64.134674961177524,-18.492046696217617],[-64.134675437156375,-18.492118987369071],[-64.134694379078553,-18.492118873833125],[-64.134694498075589,-18.492136946620793],[-64.134713439999601,-18.492136833082835],[-64.134732381923499,-18.49213671954298],[-64.134732500924642,-18.492154792330368],[-64.134751442850387,-18.492154678788502],[-64.134751561853648,-18.492172751575744],[-64.13477050378124,-18.492172638031864],[-64.134770622786633,-18.492190710818928],[-64.134789564716058,-18.492190597273037],[-64.134808506645342,-18.492190483725249],[-64.134809220704398,-18.492298920445556],[-64.134828162645476,-18.492298806895164],[-64.134828281657789,-18.492316879681638],[-64.134847223600715,-18.492316766129232],[-64.134847342615132,-18.492334838915561],[-64.134866284559905,-18.492334725361143],[-64.134885226504537,-18.492334611804829],[-64.134885464541753,-18.492370757376879],[-64.134904406490207,-18.492370643818433],[-64.134904525511004,-18.492388716604292],[-64.134923467461334,-18.492388603043835],[-64.134923586484248,-18.49240667582955],[-64.134942528436412,-18.492406562267075],[-64.134942766486631,-18.492442707838123],[-64.134961708442646,-18.49244259427352],[-64.134961827469937,-18.492460667058889],[-64.13498076942777,-18.492460553492272],[-64.134999711385476,-18.492460439923761],[-64.134999949448442,-18.492496585493907],[-64.135018891409985,-18.492496471923264],[-64.13501912947747,-18.492532617493012],[-64.135038071442835,-18.492532503920238],[-64.13503830951484,-18.49256864948963],[-64.135057251484028,-18.492568535914724],[-64.135057370522233,-18.492586608699249],[-64.135038428551042,-18.492586722274279],[-64.135038666623871,-18.492622867843448],[-64.135019724648558,-18.492622981416815],[-64.135019843683196,-18.492641054201467],[-64.135038785660498,-18.492640940627979],[-64.135057727637616,-18.492640827052597],[-64.135057846676361,-18.492658899836986],[-64.135076788655368,-18.492658786259589],[-64.135095730634234,-18.4926586726803],[-64.135095968720066,-18.492694818248459],[-64.135114910702754,-18.492694704667034],[-64.135115029747865,-18.492712777450961],[-64.135133971732429,-18.492712663867525],[-64.135134209827015,-18.492748809435028],[-64.135153151815373,-18.492748695849457],[-64.135153270864862,-18.492766768633018],[-64.135172212855096,-18.492766655045436],[-64.135172331906716,-18.492784727828862],[-64.135191273898798,-18.492784614239266],[-64.135210215890723,-18.49278450064778],[-64.13521033494645,-18.492802573430925],[-64.135229276940208,-18.492802459837424],[-64.135267160927384,-18.492802232644735],[-64.135267279989193,-18.4928203054275],[-64.135286221984572,-18.492820191828194],[-64.13530516397978,-18.492820078226995],[-64.135305402111769,-18.492856223791907],[-64.135324344110813,-18.492856110188576],[-64.135324463179003,-18.49287418297088],[-64.13534340517991,-18.492874069365534],[-64.135362347180674,-18.492873955758295],[-64.135362466252971,-18.492892028540314],[-64.135381408255583,-18.492891914931061],[-64.135381527329997,-18.492909987712942],[-64.135400469334442,-18.492909874101674],[-64.135400588410988,-18.49292794688337],[-64.135419530417295,-18.492927833270091],[-64.135419649495958,-18.492945906051649],[-64.135476475520022,-18.492945565200085],[-64.135476356435419,-18.492927492418882],[-64.135495298441157,-18.492927378798026],[-64.135495417527764,-18.492945451579111],[-64.135514359535378,-18.49294533795624],[-64.135533301542836,-18.492945224331471],[-64.135533420633564,-18.492963297112293],[-64.135552362642883,-18.492963183485514],[-64.135552481735715,-18.492981256266173],[-64.135571423746882,-18.49298114263738],[-64.135590365757906,-18.492981029006696],[-64.135590723049148,-18.493035247347734],[-64.135609665065999,-18.493035133714798],[-64.135685433132025,-18.493034679164101],[-64.135685552239309,-18.49305275194379],[-64.135704494257467,-18.493052638301258],[-64.135704613366869,-18.493070711080794],[-64.135723555386875,-18.493070597436255],[-64.135799323465477,-18.493070142839137],[-64.13579944258494,-18.49308821561802],[-64.135818384606253,-18.493088101963888],[-64.135818503727833,-18.493106174742636],[-64.135837445750965,-18.49310606108649],[-64.135837564874691,-18.493124133865088],[-64.135856506899685,-18.493124020206924],[-64.135856864277613,-18.493178238542125],[-64.13587580630842,-18.493178124881716],[-64.135875925436665,-18.493196197659937],[-64.135894867469332,-18.493196083997514],[-64.135913809501858,-18.493195970333193],[-64.135913928634196,-18.493214043111131],[-64.135932870668569,-18.493213929444799],[-64.135970754736903,-18.493213702106448],[-64.135971112152617,-18.493267920438981],[-64.135990054192547,-18.493267806766607],[-64.135990173333383,-18.49328587954394],[-64.13600911537516,-18.493285765869551],[-64.136141709663647,-18.493284970095797],[-64.136141828820499,-18.493303042872132],[-64.136160770863142,-18.49330292918247],[-64.136161009181265,-18.493339074734795],[-64.136179951227746,-18.493338961042998],[-64.136217835320295,-18.493338733653726],[-64.136217954485502,-18.493356806429482],[-64.136236896533561,-18.493356692731883],[-64.1362370157009,-18.493374765507497],[-64.136255957750805,-18.493374651807887],[-64.136256196089874,-18.493410797358752],[-64.136275138143588,-18.493410683657011],[-64.136313022250661,-18.49341045624784],[-64.136313141426356,-18.493428529022847],[-64.136332083481676,-18.4934284153153],[-64.136332321837429,-18.493464560865011],[-64.136351263896586,-18.493464447155329],[-64.136351383076658,-18.493482519930016],[-64.136370325137634,-18.493482406218323],[-64.136370444319837,-18.493500478992829],[-64.136389386382689,-18.493500365279125],[-64.13638950556701,-18.493518438053492],[-64.136408447631695,-18.493518324337774],[-64.136408566818133,-18.493536397111999],[-64.136427508884694,-18.493536283394267],[-64.13642762807325,-18.493554356168328],[-64.136446570141644,-18.493554242448582],[-64.136446689332331,-18.493572315222497],[-64.136465631402558,-18.493572201500736],[-64.136484573472657,-18.493572087777085],[-64.136484692667452,-18.493590160550703],[-64.136503634739412,-18.493590046825034],[-64.136503753936324,-18.49360811959852],[-64.136522696010118,-18.493608005870843],[-64.136522815209176,-18.493626078644166],[-64.136541757284789,-18.493625964914472],[-64.136541876485964,-18.493644037687652],[-64.136560818563453,-18.493643923955943],[-64.136560937766745,-18.49366199672896],[-64.136579879846096,-18.493661882995241],[-64.136580118257044,-18.493698028540919],[-64.136599060340231,-18.493697914805065],[-64.1365991795479,-18.49371598757774],[-64.136618121632935,-18.493715873839871],[-64.136618479262737,-18.493770092157323],[-64.136637421353569,-18.493769978417205],[-64.136637540565758,-18.493788051189501],[-64.136656482658452,-18.493787937447369],[-64.136657078731403,-18.493878301307713],[-64.136676020833889,-18.493878187563094],[-64.136677451446829,-18.494095060822904],[-64.136696393573018,-18.494094947074959],[-64.136696512793634,-18.494113019846271],[-64.136715454921642,-18.494112906096312],[-64.13671557414439,-18.494130978867464],[-64.136734516274259,-18.494130865115491],[-64.136734635499124,-18.494148937886493],[-64.136753577630842,-18.494148824132509],[-64.136753816084976,-18.494184969674144],[-64.136772758220516,-18.494184855918025],[-64.13677299667917,-18.494221001459305],[-64.136791938818561,-18.494220887701054],[-64.136793131139896,-18.494401615404094],[-64.136812073298984,-18.494401501642759],[-64.136812311768864,-18.494437647182696],[-64.136831253931817,-18.49443753341923],[-64.136831850118867,-18.494527897267886],[-64.136850792291597,-18.494527783501926],[-64.136850911531397,-18.49454585627144],[-64.136869853705988,-18.494545742503469],[-64.136870688402396,-18.49467225188819],[-64.136889630590744,-18.494672138117487],[-64.136890584553626,-18.494816720268414],[-64.136909526757705,-18.494816606494872],[-64.136910122998913,-18.494906970337432],[-64.136929065212797,-18.4949068565614],[-64.136929184463426,-18.494924929329692],[-64.136948126679158,-18.494924815551641],[-64.136948245931919,-18.494942888319787],[-64.136967188149498,-18.494942774539727],[-64.136967784425295,-18.495033138379288],[-64.136986726652651,-18.495033024596733],[-64.136986965167893,-18.495069170132084],[-64.136968022936585,-18.495069283914876],[-64.136968380704531,-18.495123502217972],[-64.13698732294182,-18.495123388434823],[-64.136987799975614,-18.495195679504658],[-64.136968857730395,-18.495195793288278],[-64.13696897698722,-18.495213866055781],[-64.136987919234429,-18.49521375227204],[-64.136988157752427,-18.495249897806659],[-64.137007100003487,-18.495249784020785],[-64.137007219264675,-18.49526785678794],[-64.137026161517582,-18.495267743000053],[-64.137026280780901,-18.495285815767044],[-64.13704522303567,-18.495285701977139],[-64.137045342301121,-18.495303774743988],[-64.137064284557724,-18.495303660952072],[-64.137064642360826,-18.495357879252008],[-64.137083584623227,-18.49535776545784],[-64.137083703893197,-18.495375838224298],[-64.137102646157459,-18.495375724428115],[-64.137102765429546,-18.495393797194431],[-64.13712170769567,-18.495393683396234],[-64.13712206551871,-18.495447901694572],[-64.13714100779066,-18.495447787894125],[-64.137141246344001,-18.495483933425952],[-64.137160188619774,-18.49548381962337],[-64.13716030789864,-18.495501892389093],[-64.137179250176274,-18.495501778584497],[-64.137179369457257,-18.495519851350085],[-64.137198311736725,-18.495519737543479],[-64.13719843101984,-18.495537810308907],[-64.137217373301169,-18.495537696500286],[-64.137217492586416,-18.495555769265568],[-64.137236434869592,-18.495555655454933],[-64.137236673444448,-18.495591800985125],[-64.137255615731434,-18.495591687172357],[-64.137255973600702,-18.495645905467054],[-64.137274915893528,-18.495645791652031],[-64.137275035185553,-18.495663864416723],[-64.137293977480226,-18.495663750599689],[-64.137294096774369,-18.495681823364244],[-64.137313039070904,-18.495681709545199],[-64.137313158367164,-18.495699782309597],[-64.137332100665517,-18.495699668488534],[-64.137332219963909,-18.495717741252783],[-64.137351162264125,-18.495717627429709],[-64.137351281564648,-18.49573570019378],[-64.137370223866711,-18.495735586368689],[-64.137370343169337,-18.495753659132625],[-64.137389285473262,-18.495753545305522],[-64.13738940477802,-18.495771618069309],[-64.137408347083792,-18.495771504240192],[-64.137408466390667,-18.495789577003823],[-64.137427408698272,-18.495789463172688],[-64.137427528007279,-18.495807535936173],[-64.137446470316746,-18.495807422103024],[-64.137446589627871,-18.495825494866324],[-64.137465531939171,-18.495825381031164],[-64.137465651252427,-18.495843453794336],[-64.137484593565588,-18.495843339957162],[-64.137484712880962,-18.495861412720174],[-64.137503655195971,-18.495861298880985],[-64.137503774513476,-18.495879371643849],[-64.137541659147033,-18.495879143959552],[-64.137541539825563,-18.495861071196931],[-64.137560482140159,-18.495860957352058],[-64.137560601463619,-18.495879030114562],[-64.137579543780049,-18.495878916267682],[-64.137655313044434,-18.495878460861192],[-64.137655432377954,-18.495896533623043],[-64.137674374695692,-18.495896419766563],[-64.137675210048144,-18.496022929097819],[-64.137637325384716,-18.496023156810548],[-64.137637564050124,-18.496059302333929],[-64.137618621714239,-18.496059416187688],[-64.137618860376236,-18.496095561711147],[-64.1376378027161,-18.496095447857151],[-64.137637922049294,-18.49611352061871],[-64.137656864390991,-18.496113406762699],[-64.137675806732574,-18.496113292904791],[-64.137675926069875,-18.496131365666091],[-64.137694868413277,-18.496131251806172],[-64.137713810756551,-18.496131137944356],[-64.137713930097959,-18.496149210705358],[-64.137714049439509,-18.496167283466338],[-64.137695107092256,-18.496167397328392],[-64.137695226431958,-18.496185470089465],[-64.137676284082602,-18.496185583949742],[-64.137676403420443,-18.49620365671089],[-64.137638518717296,-18.496203884425999],[-64.137638638051314,-18.496221957187359],[-64.13756286863547,-18.496222412595316],[-64.137562749309396,-18.496204339833479],[-64.137543806957055,-18.496204453680615],[-64.137543687633126,-18.49618638091863],[-64.137524745282633,-18.496186494763752],[-64.13750580293204,-18.496186608606973],[-64.137505683612204,-18.49616853584471],[-64.13748674126343,-18.49616864968592],[-64.137486621945726,-18.496150576923512],[-64.137467679598799,-18.496150690762708],[-64.137467560283213,-18.496132618000161],[-64.137448617938134,-18.496132731837342],[-64.137448498624664,-18.496114659074614],[-64.137429556281447,-18.496114772909785],[-64.137429436970095,-18.496096700146914],[-64.137372609945587,-18.496097041640692],[-64.13735366760379,-18.496097155468163],[-64.137353548300538,-18.496079082704771],[-64.137334605960604,-18.496079196530225],[-64.137334486659455,-18.496061123766705],[-64.137296601983152,-18.496061351411694],[-64.137277659644795,-18.496061465231346],[-64.137277540349743,-18.496043392467417],[-64.137258598013233,-18.496043506285059],[-64.137258478720312,-18.496025433520963],[-64.13710694003916,-18.496026343992906],[-64.137107059316193,-18.496044416757954],[-64.137088116978433,-18.496044530558539],[-64.137088355528945,-18.496080676088731],[-64.137050470845097,-18.496080903684692],[-64.137050590116587,-18.496098976449989],[-64.136955878394616,-18.496099545407329],[-64.136955759133045,-18.496081472641436],[-64.136936816790225,-18.496081586427103],[-64.1369366975308,-18.496063513661081],[-64.136917755189813,-18.49606362744473],[-64.136917635932491,-18.496045554678542],[-64.136898693593395,-18.496045668460177],[-64.136898574338204,-18.496027595693821],[-64.136879632000927,-18.496027709473445],[-64.136879512747853,-18.496009636706944],[-64.136860570412423,-18.496009750484557],[-64.136860689663507,-18.496027823251172],[-64.136822804988256,-18.496028050800945],[-64.136822924235503,-18.49604612356778],[-64.13676609721567,-18.496046464878582],[-64.136765977974363,-18.496028392111395],[-64.136747035636134,-18.496028505877753],[-64.136728093297748,-18.496028619642217],[-64.136727974060577,-18.496010546874764],[-64.136709031724052,-18.496010660637218],[-64.136708912488999,-18.495992587869605],[-64.136652085484542,-18.495992929145231],[-64.136633143149467,-18.495993042899983],[-64.136633023922485,-18.495974970131879],[-64.136614081589244,-18.49597508388462],[-64.136613962364393,-18.495957011116339],[-64.136595020032985,-18.495957124867061],[-64.13659513925586,-18.49597519763546],[-64.136519369920975,-18.49597565261989],[-64.136519489136035,-18.495993725388708],[-64.136443719791004,-18.495994180343292],[-64.136443600583888,-18.495976107574002],[-64.136405715914506,-18.495976335039686],[-64.136386773579602,-18.495976448769689],[-64.136386654378583,-18.495958375999979],[-64.136310885045589,-18.495958830900559],[-64.136311004238664,-18.495976903670744],[-64.136273119567377,-18.495977131109903],[-64.136273000378281,-18.49595905833948],[-64.136121461703468,-18.49595996801937],[-64.13612158087669,-18.495978040790746],[-64.136083696202661,-18.495978268192008],[-64.136083815372047,-18.495996340963561],[-64.13604593069347,-18.495996568357484],[-64.136046049859019,-18.496014641129261],[-64.136027107517563,-18.496014754823499],[-64.136027226681264,-18.49603282759535],[-64.135951457306035,-18.496033282353828],[-64.13595157646192,-18.496051355126131],[-64.135894749423116,-18.496051696175449],[-64.135894868573203,-18.496069768948065],[-64.135856983875996,-18.496069996305039],[-64.135856864729888,-18.496051923532189],[-64.135800037689023,-18.496052264553082],[-64.135800156829163,-18.496070337326291],[-64.135686502731801,-18.49607101931764],[-64.135686383603584,-18.496052946543717],[-64.135667441255535,-18.49605306020219],[-64.135667322129436,-18.4960349874281],[-64.135629437436876,-18.496035214739123],[-64.135610495090376,-18.496035328391795],[-64.135610375970373,-18.496017255617325],[-64.135591433625763,-18.496017369267982],[-64.135591314507877,-18.495999296493348],[-64.135553429822153,-18.495999523788743],[-64.135553668050136,-18.496035669338436],[-64.135440013965876,-18.496036351180553],[-64.135439894863751,-18.496018278405014],[-64.135420952517876,-18.496018392038621],[-64.135420833417854,-18.496000319262919],[-64.135326121696409,-18.496000887401916],[-64.135326240786497,-18.496018960178208],[-64.135231529051666,-18.49601952827043],[-64.135212586704284,-18.496019641883191],[-64.135212348548066,-18.495983496329163],[-64.135117636828994,-18.495984064363348],[-64.135098694484753,-18.495984177964502],[-64.13509857541878,-18.49596610518671],[-64.135079633076387,-18.495966218785849],[-64.135079514012531,-18.495948146007912],[-64.13504162933134,-18.495948373200267],[-64.135022686990524,-18.495948486793605],[-64.135022567932765,-18.495930414015266],[-64.134984683254729,-18.495930641196015],[-64.13496574091549,-18.495930754783547],[-64.134965621863827,-18.495912682004825],[-64.134927737188903,-18.495912909173974],[-64.134908794851242,-18.495913022755701],[-64.134908675805676,-18.495894949976609],[-64.13488973346989,-18.495895063556322],[-64.134889614426427,-18.495876990777049],[-64.134870672092475,-18.495877104354751],[-64.134870553051144,-18.495859031575328],[-64.134851610719025,-18.495859145151016],[-64.134851491679825,-18.495841072371434],[-64.134832549349554,-18.495841185945107],[-64.134832311275531,-18.495805040385623],[-64.134813368949111,-18.495805153957171],[-64.134813249914288,-18.495787081177252],[-64.134794307589729,-18.495787194746779],[-64.134794188557024,-18.495769121966699],[-64.134775246234298,-18.495769235534215],[-64.134775127203724,-18.49575116275399],[-64.134756184882832,-18.495751276319492],[-64.13475606585439,-18.495733203539128],[-64.134737123535345,-18.495733317102616],[-64.134737004509034,-18.495715244322074],[-64.134718062191851,-18.495715357883551],[-64.134717943167658,-18.49569728510286],[-64.134699000852308,-18.495697398662323],[-64.13468005853683,-18.495697512219888],[-64.134679939516744,-18.495679439438923],[-64.134660997203113,-18.495679552994478],[-64.13466087818513,-18.495661480213375],[-64.134641935873347,-18.495661593766918],[-64.13462299356145,-18.495661707318561],[-64.134622874547603,-18.495643634537171],[-64.134414509129329,-18.495644883478899],[-64.134395566817744,-18.495644997007687],[-64.134395447827856,-18.495626924224833],[-64.134376505518119,-18.495627037751607],[-64.134376386530349,-18.495608964968604],[-64.134357444222488,-18.495609078493366],[-64.13433850191447,-18.495609192016232],[-64.134338382930821,-18.495591119232955],[-64.134319440624637,-18.495591232753807],[-64.134300498318339,-18.495591346272764],[-64.134300379338782,-18.495573273489232],[-64.134281437034346,-18.495573387006178],[-64.13426249472974,-18.495573500521228],[-64.13426213780383,-18.495519282169646],[-64.134243195505064,-18.495519395682447],[-64.134243076532002,-18.49550132289842],[-64.134205191938022,-18.495501549918096],[-64.134186249640834,-18.495501663425092],[-64.134186130673882,-18.495483590640657],[-64.134167188378541,-18.495483704145638],[-64.134167069413706,-18.495465631361039],[-64.134148127120199,-18.49546574486401],[-64.134148008157496,-18.495447672079266],[-64.134129065865835,-18.495447785580222],[-64.13412894690525,-18.495429712795318],[-64.134110004615479,-18.495429826294256],[-64.134109885657011,-18.49541175350922],[-64.134090943369046,-18.495411867006151],[-64.134072001080966,-18.495411980501185],[-64.134071882126605,-18.495393907715854],[-64.134052939840373,-18.49539402120887],[-64.13405282088813,-18.495375948423394],[-64.134033878603745,-18.495376061914403],[-64.134033759653633,-18.49535798912876],[-64.133995875088431,-18.495358216104854],[-64.133976932805595,-18.495358329590054],[-64.133976813861594,-18.495340256804038],[-64.133938929299504,-18.495340483768523],[-64.133919987018288,-18.495340597247921],[-64.133919868080355,-18.495322524461521],[-64.133900925800958,-18.495322637938912],[-64.133881983521434,-18.495322751414403],[-64.133881864587622,-18.495304678627711],[-64.133862922309945,-18.495304792101191],[-64.13386280337825,-18.49528671931435],[-64.133843861102434,-18.495286832785816],[-64.133824918826463,-18.495286946255383],[-64.133824799898875,-18.495268873468266],[-64.133805857624751,-18.495268986935823],[-64.133805738699309,-18.495250914148571],[-64.133767854154613,-18.495251141077766],[-64.13374891188208,-18.495251254539518],[-64.13374879296272,-18.49523318175186],[-64.133729850692006,-18.495233295211602],[-64.133710908421179,-18.495233408669449],[-64.133710789505926,-18.495215335881507],[-64.133672904967824,-18.495215562791277],[-64.13365396269856,-18.495215676243319],[-64.133653843789403,-18.495197603454994],[-64.133559132450955,-18.495198170686194],[-64.13354019018287,-18.495198284126751],[-64.133540071285765,-18.495180211337683],[-64.133483244486612,-18.495180551647628],[-64.133483363377763,-18.495198624437052],[-64.133426536571392,-18.495198964730299],[-64.133426417686209,-18.495180891940517],[-64.133293821813822,-18.495181685890948],[-64.133274879545795,-18.495181799304863],[-64.133274760676628,-18.495163726514114],[-64.133198991611096,-18.495164180150336],[-64.133180049344361,-18.495164293554659],[-64.133179930485255,-18.495146220763253],[-64.133160988220368,-18.495146334165558],[-64.133160869363394,-18.495128261374013],[-64.133141927100368,-18.495128374774303],[-64.133141808245526,-18.495110301982592],[-64.133122865984333,-18.495110415380871],[-64.133122747131608,-18.495092342589036],[-64.133103804872277,-18.495092455985301],[-64.133103686021656,-18.495074383193291],[-64.133084743764172,-18.495074496587545],[-64.133084624915682,-18.495056423795372],[-64.13306568266006,-18.495056537187608],[-64.133065563813702,-18.495038464395293],[-64.133046621559913,-18.495038577785518],[-64.133046502715672,-18.495020504993043],[-64.133027560463717,-18.495020618381254],[-64.133027441621607,-18.495002545588648],[-64.133008499371513,-18.495002658974844],[-64.133008380531521,-18.49498458618206],[-64.132989438283275,-18.494984699566245],[-64.132989200607682,-18.49494855398034],[-64.132970258363287,-18.494948667362394],[-64.132969901856868,-18.494894448982933],[-64.13295095961827,-18.494894562362735],[-64.132950840785057,-18.494876489569393],[-64.132931898548321,-18.49487660294718],[-64.132931660886271,-18.494840457360159],[-64.132912718653358,-18.494840570735814],[-64.132912480995842,-18.494804425148399],[-64.132893538766766,-18.494804538521926],[-64.132874596537562,-18.494804651893556],[-64.132874477712988,-18.49478657909955],[-64.132855535485618,-18.49478669246917],[-64.132855416663162,-18.494768619675021],[-64.132836474437653,-18.494768733042623],[-64.1328363556173,-18.494750660248343],[-64.132817413393653,-18.49475077361393],[-64.132817294575432,-18.494732700819469],[-64.132798352353632,-18.494732814183045],[-64.132798233537528,-18.494714741388435],[-64.132779291317576,-18.494714854750001],[-64.132779172503589,-18.494696781955227],[-64.132760230285484,-18.494696895314778],[-64.13276011147363,-18.49467882251988],[-64.132741169257372,-18.494678935877417],[-64.132740931638054,-18.494642790287227],[-64.132721989425619,-18.494642903642635],[-64.132721870618141,-18.494624830847378],[-64.132702928407582,-18.494624944200773],[-64.132702690797032,-18.494588798609914],[-64.132683748590281,-18.494588911961177],[-64.132683629787195,-18.494570839165569],[-64.132664687582292,-18.494570952514813],[-64.13264574537726,-18.494571065862168],[-64.132645626578267,-18.494552993066289],[-64.132626684375111,-18.494553106411633],[-64.132626565578249,-18.494535033615591],[-64.132607623376913,-18.494535146958921],[-64.132607504582182,-18.49451707416274],[-64.132588562382679,-18.494517187504051],[-64.13258844359008,-18.494499114707732],[-64.132569501392439,-18.494499228047033],[-64.132569382601943,-18.494481155250536],[-64.132550440406149,-18.494481268587823],[-64.132550084041469,-18.494427050197793],[-64.13253114185153,-18.49442716353283],[-64.132531023065567,-18.494409090735953],[-64.132512080877433,-18.49440920406898],[-64.132511962093588,-18.494391131271954],[-64.132493019907315,-18.494391244602966],[-64.132492901125588,-18.49437317180578],[-64.132473958941148,-18.494373285134781],[-64.132473840161552,-18.494355212337446],[-64.132454897978974,-18.494355325664429],[-64.13245477920151,-18.49433725286697],[-64.132435837020807,-18.494337366191942],[-64.132435718245446,-18.494319293394295],[-64.132454660424159,-18.494319180069439],[-64.132454304092974,-18.494264961676684],[-64.132435361920201,-18.494265075001181],[-64.132434886821812,-18.494192783809844],[-64.132415944656827,-18.494192897131967],[-64.132415825884564,-18.494174824333946],[-64.132396883721412,-18.494174937654062],[-64.132396646181263,-18.494138792057637],[-64.13230193538341,-18.494139358628608],[-64.132282993223427,-18.494139471937117],[-64.13228287446546,-18.494121399138137],[-64.132263932307353,-18.494121512444632],[-64.132263694795824,-18.494085366846363],[-64.132244752641512,-18.49408548015073],[-64.132244515134488,-18.494049334552056],[-64.132225572984026,-18.494049447854291],[-64.13222545423271,-18.494031375054774],[-64.13214968563743,-18.494031828244289],[-64.132149804380816,-18.494049901044278],[-64.132130862229658,-18.494050014337041],[-64.132130980971198,-18.494068087137098],[-64.132112038817922,-18.494068200428085],[-64.13211227629742,-18.494104346028347],[-64.132093334140052,-18.494104459317676],[-64.132093452878024,-18.494122532117849],[-64.132036626399099,-18.494122871974817],[-64.132036507667081,-18.494104799174288],[-64.132017565509173,-18.494104912456034],[-64.132017446779287,-18.494086839655331],[-64.131998504623212,-18.494086952935067],[-64.131998385895443,-18.494068880134204],[-64.131922617277723,-18.494069333233725],[-64.131922735997534,-18.494087406035064],[-64.131903793840777,-18.494087519305324],[-64.131903675122942,-18.494069446503868],[-64.131884732968018,-18.494069559772118],[-64.1318846142523,-18.494051486970516],[-64.131865672099238,-18.494051600236755],[-64.131865434672193,-18.49401545463321],[-64.131846492522968,-18.494015567897318],[-64.131827550373615,-18.494015681159524],[-64.131827431664277,-18.493997608357457],[-64.131808489516743,-18.493997721617653],[-64.131789547369095,-18.493997834875955],[-64.131789191253787,-18.493943616468837],[-64.131770249111952,-18.49394372972489],[-64.131770130409109,-18.493925656922347],[-64.131751188269135,-18.493925770176386],[-64.131751069568423,-18.493907697373665],[-64.131732127430283,-18.493907810625689],[-64.131732008731689,-18.493889737822823],[-64.131561529500189,-18.493890757004735],[-64.131561648180906,-18.493908829808667],[-64.131542706041401,-18.493908943041745],[-64.131542824720285,-18.493927015845774],[-64.131523882578648,-18.493927129077075],[-64.131524001255684,-18.493945201881157],[-64.131277753376281,-18.493946673717236],[-64.131277634725066,-18.493928600911612],[-64.131258692581525,-18.493928714116393],[-64.131239750437857,-18.493928827319277],[-64.131239631790748,-18.493910754513358],[-64.131220689648927,-18.493910867714227],[-64.131201747506964,-18.493910980913206],[-64.131201628863963,-18.493892908107021],[-64.131182686723832,-18.49389302130399],[-64.131182568082963,-18.493874948497641],[-64.131087857390256,-18.49387551445345],[-64.131087976021206,-18.493893587260388],[-64.131069033880252,-18.493893700445984],[-64.131069152509355,-18.493911773252997],[-64.130917615361071,-18.493912678670508],[-64.130917496747855,-18.493894605862547],[-64.130784901749806,-18.493895398002575],[-64.130765959606677,-18.493895511157856],[-64.130765841009492,-18.493877438348907],[-64.13070901458525,-18.493877777803032],[-64.130690072443571,-18.493877890950618],[-64.130689953854457,-18.493859818141189],[-64.130671011714611,-18.49385993128676],[-64.130652069574637,-18.493860044430438],[-64.13065195098963,-18.493841971620718],[-64.130633008851504,-18.493842084762381],[-64.130633127434521,-18.493860157572222],[-64.130614185294291,-18.493860270712108],[-64.130614303875461,-18.493878343522013],[-64.130368056013978,-18.493879814169702],[-64.130368174569469,-18.493897886981138],[-64.130330290277072,-18.493898113206445],[-64.13033040882874,-18.493916186018073],[-64.13031146668034,-18.493916299128003],[-64.130311585230146,-18.493934371939723],[-64.130292643079642,-18.493934485047873],[-64.130292761627601,-18.49395255785965],[-64.130273819474979,-18.493952670966028],[-64.130273938021091,-18.493970743777901],[-64.130254995866323,-18.493970856882505],[-64.130255114410588,-18.493988929694478],[-64.130236172253703,-18.493989042797299],[-64.130236409338664,-18.494025188421357],[-64.130217467177673,-18.494025301522527],[-64.130217822800176,-18.494079519958682],[-64.130198880633102,-18.494079633058309],[-64.130199117711484,-18.494115778682492],[-64.13006652251029,-18.494116570328487],[-64.13006699661311,-18.494188861579723],[-64.130048054433004,-18.494188974664901],[-64.130048172957075,-18.494207047477726],[-64.130029230774852,-18.494207160561128],[-64.130029349297075,-18.494225233374056],[-64.130010407112749,-18.494225346455682],[-64.130010525633111,-18.494243419268688],[-64.129991583446639,-18.494243532348541],[-64.129991701965153,-18.494261605161636],[-64.129972759776578,-18.494261718239709],[-64.129972641260053,-18.494243645426497],[-64.129953699073326,-18.494243758502559],[-64.129953817587861,-18.494261831315889],[-64.129934875399002,-18.494261944390175],[-64.129934993911689,-18.494280017203586],[-64.129916051720727,-18.494280130276092],[-64.129916170231567,-18.494298203089567],[-64.129745690488789,-18.49429922065795],[-64.129726748294459,-18.494299333711634],[-64.129726629803486,-18.494281260896976],[-64.129745571995812,-18.494281147843413],[-64.129744742548851,-18.494154638140536],[-64.129725800370394,-18.494154751193268],[-64.129725563390764,-18.494118605563333],[-64.129706621216144,-18.494118718613937],[-64.129706384241018,-18.494082572983604],[-64.129687442070235,-18.49408268603208],[-64.129686494191063,-18.493938103508444],[-64.129667552036054,-18.493938216554078],[-64.1296673150716,-18.493902070922569],[-64.12968625722263,-18.493901957877174],[-64.129685664803958,-18.493811593798402],[-64.129666722662847,-18.493811706843207],[-64.129666485700298,-18.493775561211223],[-64.12964754356301,-18.493775674253897],[-64.129647069647504,-18.493703382989018],[-64.129666011776848,-18.493703269946817],[-64.129665893296334,-18.493685197130628],[-64.129684835423546,-18.493685084086653],[-64.129684598458937,-18.493648938454395],[-64.129703540582057,-18.493648825408762],[-64.129703422097975,-18.493630752592697],[-64.129722364218964,-18.493630639545284],[-64.129722245733035,-18.493612566729322],[-64.12974118785192,-18.493612453680136],[-64.12974106936413,-18.493594380864234],[-64.129760011480855,-18.493594267813279],[-64.129759892991245,-18.493576194997463],[-64.129778835105867,-18.493576081944724],[-64.129778716614396,-18.493558009128989],[-64.129797658726901,-18.493557896074474],[-64.129797540233582,-18.493539823258828],[-64.129816482343955,-18.493539710202537],[-64.129816363848775,-18.493521637386994],[-64.129835305957045,-18.493521524328926],[-64.129835187460017,-18.49350345151344],[-64.129854129566141,-18.493503338453596],[-64.129853655571466,-18.49343104719182],[-64.129872597669532,-18.493430934130551],[-64.129872479169208,-18.493412861315125],[-64.129891421265143,-18.493412748252084],[-64.129891302762985,-18.49339467543674],[-64.130004955323827,-18.493393997019407],[-64.130004836809889,-18.493375924204749],[-64.130023778900878,-18.493375811128683],[-64.130023423353919,-18.493321592684858],[-64.130099191692779,-18.493321140363058],[-64.130099310216238,-18.493339213177233],[-64.13011825230258,-18.493339100091926],[-64.130118370828157,-18.493357172905956],[-64.130137312916361,-18.493357059818642],[-64.130137431444069,-18.49337513263249],[-64.130232141892961,-18.493374567166896],[-64.130231904817833,-18.493338421540319],[-64.130250846903238,-18.493338308441754],[-64.130250728363904,-18.493320235628524],[-64.130269670447177,-18.493320122528182],[-64.130269551905997,-18.49330204971503],[-64.130326378149036,-18.493301710402992],[-64.130326259602015,-18.493283637590181],[-64.130345201680768,-18.4932835244825],[-64.130345083131914,-18.49326545166976],[-64.130364025208536,-18.493265338560303],[-64.13036390665782,-18.493247265747637],[-64.130382848732339,-18.4932471526364],[-64.13038273017979,-18.493229079823823],[-64.130439556396567,-18.493228740479104],[-64.13043967495507,-18.493246813291321],[-64.130458617029035,-18.493246700172506],[-64.130458498468528,-18.493228627360409],[-64.130515324683657,-18.493228287992952],[-64.130515206117337,-18.493210215181161],[-64.13049626404775,-18.493210328305423],[-64.130495434101235,-18.493083818621148],[-64.130514376156924,-18.493083705497718],[-64.1305133090748,-18.492921050187878],[-64.130532251112456,-18.492920937063619],[-64.130532013980627,-18.49288479143905],[-64.130550956014204,-18.492884678313128],[-64.130550481744251,-18.492812387064077],[-64.130569423769757,-18.492812273936735],[-64.130569068062755,-18.492758055499923],[-64.130550126043218,-18.49275816862691],[-64.130549770343407,-18.492703950189416],[-64.130568712357004,-18.492703837062781],[-64.130568119516795,-18.492613473000208],[-64.130681771535848,-18.492612794204188],[-64.130681652956298,-18.492594721392265],[-64.13070059495702,-18.492594608253086],[-64.130700476375623,-18.492576535441252],[-64.130719418374198,-18.492576422300292],[-64.130719299790954,-18.492558349488537],[-64.130738241787427,-18.492558236345804],[-64.130738123202349,-18.492540163534141],[-64.13075706519669,-18.492540050389628],[-64.13075694660975,-18.492521977578065],[-64.130775888601974,-18.492521864431779],[-64.130775770013187,-18.492503791620273],[-64.13083259598308,-18.4925034521704],[-64.130832477388452,-18.492485379359223],[-64.130851419376171,-18.492485266205598],[-64.13085130077971,-18.492467193394493],[-64.130870242765297,-18.492467080239088],[-64.130870124166989,-18.492449007428096],[-64.130889066150431,-18.492448894270915],[-64.130888947550289,-18.492430821459987],[-64.130907889531628,-18.492430708301033],[-64.130907770929625,-18.492412635490176],[-64.130926712908845,-18.492412522329445],[-64.130926831512838,-18.492430595140181],[-64.130945773493906,-18.492430481977433],[-64.130964715474803,-18.492430368812794],[-64.130964834082889,-18.49244844162325],[-64.13098377606569,-18.492448328456597],[-64.130983657455602,-18.492430255646262],[-64.131021541416771,-18.49243002930751],[-64.13102142280286,-18.492411956497364],[-64.131078248737623,-18.492411616975385],[-64.131078130117899,-18.492393544165569],[-64.131097072093908,-18.492393430987907],[-64.131096953472323,-18.492375358178169],[-64.13113483741995,-18.492375131817393],[-64.131134481544095,-18.49232091338871],[-64.131153423511734,-18.492320800205832],[-64.131153304884734,-18.492302727396307],[-64.131172246850255,-18.492302614211656],[-64.131172128221422,-18.492284541402238],[-64.13119107018484,-18.492284428215815],[-64.131190951554146,-18.492266355406464],[-64.131209893515432,-18.492266242218264],[-64.13120977488289,-18.492248169408985],[-64.131228716842031,-18.492248056219008],[-64.131228598207642,-18.492229983409825],[-64.131247540164679,-18.492229870218072],[-64.131247302892348,-18.492193724599844],[-64.131266244845278,-18.492193611406432],[-64.131266126207336,-18.492175538597369],[-64.131285068158135,-18.492175425402181],[-64.131284830878684,-18.492139279784201],[-64.13130377282539,-18.492139166587354],[-64.131303654183881,-18.492121093778433],[-64.131379421961356,-18.492120640972583],[-64.131379303312045,-18.492102568164114],[-64.131417187195979,-18.492102341750062],[-64.131417305849254,-18.49212041455829],[-64.131436247793019,-18.492120301348304],[-64.131436366448426,-18.492138374156394],[-64.131455308394038,-18.492138260944394],[-64.131493192284807,-18.492138034514713],[-64.131493310946325,-18.492156107322423],[-64.131512252893501,-18.492155994104618],[-64.131512371557122,-18.492174066912167],[-64.131569197403806,-18.492173727247039],[-64.131569078734231,-18.492155654439845],[-64.131588020680837,-18.492155541214466],[-64.131587664666966,-18.49210132279304],[-64.131625548547916,-18.492101096337308],[-64.13162542987294,-18.49208302353032],[-64.131663313749343,-18.492082797067248],[-64.131663432428311,-18.492100869873997],[-64.131682374368296,-18.492100756639505],[-64.131682493049368,-18.492118829446071],[-64.131701434991214,-18.492118716209561],[-64.131739318874494,-18.49211848973086],[-64.131739437561677,-18.492136562537059],[-64.131758379505072,-18.492136449294748],[-64.131758260815914,-18.492118376488669],[-64.13177720275722,-18.492118263244581],[-64.131776727993994,-18.492045972020389],[-64.131795669927214,-18.492045858774883],[-64.131795551234774,-18.492027785968876],[-64.131814493165876,-18.492027672721594],[-64.131814374471574,-18.492009599915665],[-64.131833316400531,-18.492009486666603],[-64.131833197704381,-18.491991413860742],[-64.131852139631235,-18.491991300609907],[-64.131852020933238,-18.491973227804127],[-64.131833079008373,-18.491973341054845],[-64.131832960312508,-18.491955268248926],[-64.131851902235383,-18.49195515499833],[-64.131851664840099,-18.491919009386624],[-64.131870606758866,-18.491918896134369],[-64.131870488059434,-18.491900823328578],[-64.131889429976084,-18.491900710074546],[-64.131889311274804,-18.49188263726883]]]},"properties":{"FID":6,"Zona":"Yaguari","IDUH":7,"UH":"SC7 - Yag","AreaHa":21.0688}},{"type":"Feature","id":7,"geometry":{"type":"Polygon","coordinates":[[[-64.12344155723774,-18.491987179099009],[-64.123460499219036,-18.491987066687752],[-64.123498383181186,-18.49198684185955],[-64.12349850100334,-18.492004914717427],[-64.123517442986198,-18.492004802300364],[-64.12351756081047,-18.492022875158103],[-64.12353650279519,-18.49202276273903],[-64.123536620621579,-18.492040835596629],[-64.123782866436315,-18.492039373974773],[-64.123782748584119,-18.492021301118701],[-64.123801690566921,-18.492021188673114],[-64.123801572712892,-18.492003115817138],[-64.123820514693577,-18.492003003369764],[-64.123820396837672,-18.491984930513887],[-64.123839338816225,-18.49198481806474],[-64.123839220958487,-18.49196674520892],[-64.123858162934937,-18.491966632758],[-64.123858045075352,-18.491948559902269],[-64.124104290730997,-18.491947097869392],[-64.124104408616404,-18.491965170723592],[-64.124331712301995,-18.491963820869206],[-64.124331594392771,-18.49194574801642],[-64.124369478334472,-18.491945523014401],[-64.124369360421412,-18.491927450161807],[-64.124842909597433,-18.491924637000174],[-64.124843027560132,-18.491942709849827],[-64.124861969527402,-18.491942597298618],[-64.124862087492232,-18.491960670148107],[-64.124881029461321,-18.491960557594886],[-64.124956797336424,-18.491960107363052],[-64.124956915311301,-18.491978180211923],[-64.124975857281697,-18.491978067649114],[-64.124976093235844,-18.492014213346486],[-64.124995035210105,-18.492014100781542],[-64.125051861132022,-18.492013763075352],[-64.125051979117245,-18.492031835923534],[-64.125070921092941,-18.492031723350895],[-64.125071157067751,-18.49206786904691],[-64.125090099047284,-18.492067756472139],[-64.125241634878577,-18.492066855805799],[-64.125241516873231,-18.492048782958879],[-64.125696124267236,-18.492046080235227],[-64.125696242320231,-18.492064153079323],[-64.125715184295274,-18.492064040442038],[-64.125715302350386,-18.492082113285967],[-64.125734244327276,-18.492082000646672],[-64.125885780137452,-18.492081099464109],[-64.125885898210569,-18.492099172306961],[-64.125904840188213,-18.492099059650499],[-64.125905076338853,-18.49213520533586],[-64.125886134357231,-18.492135317992563],[-64.125886724726257,-18.492225682205923],[-64.125905666717813,-18.492225569548637],[-64.125905784794014,-18.492243642391067],[-64.125924726787389,-18.49224352973177],[-64.125924844865708,-18.492261602574075],[-64.125943786860958,-18.49226148991276],[-64.125943904941394,-18.492279562754902],[-64.125962846938492,-18.492279450091576],[-64.12596296502106,-18.492297522933576],[-64.125981907020005,-18.49229741026824],[-64.12598202510469,-18.492315483110076],[-64.126000967105483,-18.492315370442721],[-64.1260010851923,-18.492333443284391],[-64.126020027194912,-18.492333330615029],[-64.126020145283846,-18.492351403456567],[-64.126039087288348,-18.492351290785194],[-64.126039205379385,-18.492369363626572],[-64.12605814738572,-18.492369250953182],[-64.126058265478903,-18.492387323794414],[-64.1260772074871,-18.492387211119016],[-64.126096149495126,-18.492387098441721],[-64.126096267592402,-18.492405171282662],[-64.126115209602304,-18.49240505860336],[-64.126115091503038,-18.492386985762536],[-64.12615297551848,-18.492386760398475],[-64.12615309362171,-18.492404833239064],[-64.126228861658859,-18.492404382487738],[-64.126228743547685,-18.492386309647625],[-64.126266627561478,-18.492386084260829],[-64.126266745676617,-18.492404157100708],[-64.126247803667809,-18.492404269795173],[-64.126248276121828,-18.492476561154877],[-64.126267218138594,-18.492476448459946],[-64.126267690602717,-18.492548739818599],[-64.12628663262727,-18.492548627121298],[-64.126286868864113,-18.492584772800164],[-64.126305810892518,-18.492584660100732],[-64.126381579004715,-18.492584209284072],[-64.126381697133283,-18.492602282122878],[-64.126400639162995,-18.492602169413857],[-64.126419581192565,-18.492602056702946],[-64.126419699325211,-18.492620129541475],[-64.126438641356643,-18.49262001682855],[-64.126438759491421,-18.492638089666929],[-64.126457701524672,-18.49263797695199],[-64.126476643557794,-18.492637864235157],[-64.126476761696694,-18.492655937073245],[-64.126495703731678,-18.492655824354401],[-64.126495821872695,-18.492673897192358],[-64.126514763909512,-18.492673784471499],[-64.126533705946187,-18.492673671748747],[-64.126533824091311,-18.492691744586423],[-64.126552766129862,-18.492691631861661],[-64.126553002424487,-18.492727777536668],[-64.126534060381985,-18.492727890261669],[-64.126534296673171,-18.492764035936791],[-64.126553238719666,-18.492763923211552],[-64.126553475015385,-18.492800068886297],[-64.126572417065702,-18.49279995615893],[-64.126610301165925,-18.492799730698511],[-64.126610183012033,-18.492781657861507],[-64.12659124096399,-18.492781770592543],[-64.126591122812215,-18.492763697755397],[-64.126610064858284,-18.492763585024477],[-64.12660982855121,-18.492727439350301],[-64.126628770593157,-18.492727326617722],[-64.126628652437816,-18.492709253780717],[-64.126647594477674,-18.492709141046362],[-64.1266474763205,-18.492691068209417],[-64.126666418358212,-18.492690955473286],[-64.12666630019919,-18.492672882636434],[-64.126685242234785,-18.492672769898522],[-64.126685124073916,-18.492654697061742],[-64.126741950173923,-18.492654358837008],[-64.126741832007241,-18.492636286000572],[-64.126798658100057,-18.492635947759133],[-64.126798539927549,-18.492617874922992],[-64.126817481956238,-18.492617762172177],[-64.12681724560764,-18.492581616500029],[-64.126836187632236,-18.492581503747559],[-64.126835951280214,-18.492545358075528],[-64.126873835321035,-18.492545132565372],[-64.126873717141251,-18.492527059729525],[-64.126892659159438,-18.492526946971722],[-64.126892540977835,-18.492508874135964],[-64.126968309041374,-18.492508423086278],[-64.126968427230935,-18.49252649592156],[-64.126987369248482,-18.492526383154285],[-64.126987251056917,-18.492508310319121],[-64.127006193072333,-18.492508197550066],[-64.127006074878935,-18.492490124714976],[-64.127043958905389,-18.492489899171421],[-64.127043840708154,-18.492471826336558],[-64.127062782719165,-18.492471713562054],[-64.127062664520082,-18.492453640727259],[-64.127081606528989,-18.492453527950978],[-64.127081488328074,-18.492435455116258],[-64.127100430334849,-18.492435342338204],[-64.127100312132072,-18.492417269503569],[-64.127119254136744,-18.492417156723739],[-64.127119135932105,-18.492399083889183],[-64.127194903941472,-18.492398632751392],[-64.127194785729031,-18.49238055991729],[-64.127213727729043,-18.492380447128223],[-64.127213609514754,-18.492362374294185],[-64.127232551512634,-18.492362261503345],[-64.127232433296498,-18.492344188669396],[-64.127365027264034,-18.492343399081278],[-64.127364909034128,-18.49232532624811],[-64.127535386964695,-18.492324310928055],[-64.127535505212464,-18.492342383760153],[-64.127554447206066,-18.492342270937225],[-64.127611273186005,-18.492341932457069],[-64.127611746210206,-18.492414223783207],[-64.127630688211198,-18.492414110952229],[-64.127630806469568,-18.49243218378356],[-64.127649748472408,-18.492432070950567],[-64.127649866732909,-18.492450143781749],[-64.127668808737582,-18.492450030946745],[-64.127668927000201,-18.492468103777767],[-64.127687869006735,-18.492467990940749],[-64.127687987271486,-18.492486063771601],[-64.127706929279867,-18.492485950932572],[-64.12770728408087,-18.492540169424629],[-64.127726226095078,-18.492540056583348],[-64.127783052136863,-18.492539718048146],[-64.127783170412073,-18.492557790878269],[-64.12780211242773,-18.492557678029296],[-64.127802230705058,-18.492575750859277],[-64.127821172722562,-18.49257563800829],[-64.127821291002022,-18.492593710838133],[-64.127840233021345,-18.492593597985135],[-64.127840351302908,-18.492611670814814],[-64.127859293324107,-18.492611557959801],[-64.127859411607815,-18.492629630789335],[-64.127878353630862,-18.492629517932308],[-64.127878471916688,-18.492647590761667],[-64.127897413941582,-18.492647477902629],[-64.127897532229525,-18.492665550731857],[-64.127916474256267,-18.492665437870805],[-64.127916592546342,-18.492683510699873],[-64.127935534574902,-18.49268339783681],[-64.127935652867095,-18.492701470665729],[-64.127954594897531,-18.492701357800655],[-64.127992478958006,-18.492701132064823],[-64.127992597256295,-18.49271920489333],[-64.128011539288295,-18.492719092022451],[-64.128011657588686,-18.492737164850819],[-64.128087425723336,-18.492736713347899],[-64.128087307414987,-18.492718640520003],[-64.128125191477508,-18.492718414757409],[-64.128125309789823,-18.49273648758507],[-64.12814425182286,-18.492736374700812],[-64.128238961986042,-18.492735810251116],[-64.128239080310408,-18.492753883078045],[-64.12825802234461,-18.492753770182304],[-64.128352732513633,-18.492753205675182],[-64.12835285085005,-18.492771278501355],[-64.128371792885403,-18.492771165594128],[-64.128371911223937,-18.492789238420158],[-64.128390853261166,-18.492789125510921],[-64.128409795298268,-18.49278901259979],[-64.128409913640922,-18.492807085425518],[-64.128580391986446,-18.492806069139007],[-64.128580273625928,-18.492787996314338],[-64.128599215661666,-18.49278788338426],[-64.128599097299301,-18.492769810559651],[-64.128618039332906,-18.492769697627793],[-64.128617920968679,-18.492751624803272],[-64.128674747062718,-18.492751285996697],[-64.128674628692679,-18.492733213172485],[-64.128731454779526,-18.492732874349215],[-64.128731336403675,-18.492714801525338],[-64.128807104509619,-18.492714349734921],[-64.128806986125952,-18.492696276911499],[-64.128825928150121,-18.492696163959277],[-64.128825809764606,-18.492678091135904],[-64.128844751786659,-18.492677978181909],[-64.128844633399297,-18.492659905358629],[-64.128863575419217,-18.492659792402854],[-64.12886333864094,-18.492623646756439],[-64.128882280656725,-18.492623533799005],[-64.128882162265811,-18.492605460975849],[-64.128901104279493,-18.492605348016642],[-64.12890098588673,-18.492587275193575],[-64.128938869909732,-18.492587049269712],[-64.128938988306473,-18.492605122092545],[-64.129014756358757,-18.492604670221606],[-64.129014637954086,-18.492586597399253],[-64.129033579964812,-18.492586484426901],[-64.129033461558294,-18.492568411604619],[-64.129052403566902,-18.492568298630491],[-64.129051929934192,-18.492496007341533],[-64.129070871934744,-18.49249589436598],[-64.129070753524928,-18.492477821543762],[-64.129146521517796,-18.492477369623096],[-64.129146403100179,-18.492459296801336],[-64.129165345096069,-18.492459183816553],[-64.129165226676591,-18.492441110994861],[-64.129335704615599,-18.492440094047605],[-64.129335586178399,-18.492422021226933],[-64.129373470159379,-18.492421795218053],[-64.129373588600558,-18.492439868038488],[-64.129392530592838,-18.492439755031089],[-64.129391819935904,-18.4923313181087],[-64.129410761916091,-18.492331205100115],[-64.129410643471772,-18.492313132279705],[-64.12942958544987,-18.492313019269343],[-64.129429467003689,-18.492294946449039],[-64.129467350955522,-18.492294720422869],[-64.129467469405668,-18.492312793242938],[-64.129562179292734,-18.492312228143764],[-64.129562060832654,-18.492294155324291],[-64.129581002807654,-18.492294042298894],[-64.129580528960787,-18.492221751021034],[-64.129599470927715,-18.492221637994213],[-64.129599352464354,-18.492203565174801],[-64.129580410499401,-18.492203678201502],[-64.129580292038156,-18.492185605381909],[-64.129599234001134,-18.492185492355329],[-64.129599115538028,-18.492167419535825],[-64.129618057498888,-18.492167306507465],[-64.129617939033949,-18.492149233688039],[-64.129636880992678,-18.492149120657903],[-64.129636407126341,-18.492076829380363],[-64.129617465175556,-18.492076942410026],[-64.129598523224615,-18.492077055437793],[-64.129598286300222,-18.492040909798344],[-64.12961722824717,-18.492040796770812],[-64.129617109783183,-18.492022723951148],[-64.129654993672716,-18.492022497890638],[-64.12965475673721,-18.491986352251658],[-64.130166189085003,-18.491983299699474],[-64.130166070563845,-18.491965226883138],[-64.130222896368167,-18.491964887625777],[-64.130222777841183,-18.491946814809776],[-64.130241719773707,-18.491946701720316],[-64.13024160124489,-18.491928628904375],[-64.130317368965621,-18.491928176528077],[-64.130317487502396,-18.491946249343549],[-64.130336429434223,-18.491946136244621],[-64.130336547973101,-18.491964209059912],[-64.130374431840323,-18.491963982856134],[-64.130374313297466,-18.491945910041078],[-64.13054479067533,-18.491944892031377],[-64.13054490923605,-18.491962964845371],[-64.130715386620722,-18.491961946681155],[-64.130715268042124,-18.491943873868227],[-64.130809977685558,-18.491943308155729],[-64.13080985909717,-18.491925235343334],[-64.130847742949626,-18.49192500904531],[-64.130847624357415,-18.491906936233125],[-64.131093869359162,-18.491905465112811],[-64.131093987977195,-18.491923537923459],[-64.131112929901434,-18.491923424746979],[-64.131131871825545,-18.491923311568602],[-64.13113199044767,-18.491941384378983],[-64.131150932373615,-18.491941271198595],[-64.131207758150651,-18.491940931646067],[-64.131207876780863,-18.491959004455918],[-64.131226818708257,-18.491958891267835],[-64.131226937340585,-18.491976964077544],[-64.131245879269827,-18.491976850887447],[-64.131321646985398,-18.491976398108125],[-64.131321765627817,-18.491994470917213],[-64.131340707558351,-18.49199435771753],[-64.131340588913972,-18.491976284908549],[-64.131359530842403,-18.491976171707087],[-64.131359412196161,-18.491958098898209],[-64.131378354122461,-18.49195798569497],[-64.131378235474386,-18.491939912886185],[-64.13139717739854,-18.491939799681173],[-64.131397296048604,-18.491957872489838],[-64.131492005677359,-18.491957306435758],[-64.131491887017361,-18.491939233627683],[-64.131567654709968,-18.491938780750793],[-64.131567536042169,-18.491920707943134],[-64.13160541988367,-18.491920481493562],[-64.131605301212034,-18.491902408686112],[-64.131624243130602,-18.491902295458601],[-64.131624124457105,-18.491884222651226],[-64.131662008289837,-18.491883996190758],[-64.131662126967299,-18.491902068997895],[-64.131718952721343,-18.491901729292636],[-64.13171883403794,-18.491883656485854],[-64.131813543615351,-18.491883090273117],[-64.131813424922157,-18.491865017466921],[-64.131870250660981,-18.491864677716904],[-64.131870369360144,-18.491882750522741],[-64.131889311274804,-18.49188263726883],[-64.131889429976084,-18.491900710074546],[-64.131870488059434,-18.491900823328578],[-64.131870606758866,-18.491918896134369],[-64.131851664840099,-18.491919009386624],[-64.131851902235383,-18.49195515499833],[-64.131832960312508,-18.491955268248926],[-64.131833079008373,-18.491973341054845],[-64.131852020933238,-18.491973227804127],[-64.131852139631235,-18.491991300609907],[-64.131833197704381,-18.491991413860742],[-64.131833316400531,-18.492009486666603],[-64.131814374471574,-18.492009599915665],[-64.131814493165876,-18.492027672721594],[-64.131795551234774,-18.492027785968876],[-64.131795669927214,-18.492045858774883],[-64.131776727993994,-18.492045972020389],[-64.13177720275722,-18.492118263244581],[-64.131758260815914,-18.492118376488669],[-64.131758379505072,-18.492136449294748],[-64.131739437561677,-18.492136562537059],[-64.131739318874494,-18.49211848973086],[-64.131701434991214,-18.492118716209561],[-64.131682493049368,-18.492118829446071],[-64.131682374368296,-18.492100756639505],[-64.131663432428311,-18.492100869873997],[-64.131663313749343,-18.492082797067248],[-64.13162542987294,-18.49208302353032],[-64.131625548547916,-18.492101096337308],[-64.131587664666966,-18.49210132279304],[-64.131588020680837,-18.492155541214466],[-64.131569078734231,-18.492155654439845],[-64.131569197403806,-18.492173727247039],[-64.131512371557122,-18.492174066912167],[-64.131512252893501,-18.492155994104618],[-64.131493310946325,-18.492156107322423],[-64.131493192284807,-18.492138034514713],[-64.131455308394038,-18.492138260944394],[-64.131436366448426,-18.492138374156394],[-64.131436247793019,-18.492120301348304],[-64.131417305849254,-18.49212041455829],[-64.131417187195979,-18.492102341750062],[-64.131379303312045,-18.492102568164114],[-64.131379421961356,-18.492120640972583],[-64.131303654183881,-18.492121093778433],[-64.13130377282539,-18.492139166587354],[-64.131284830878684,-18.492139279784201],[-64.131285068158135,-18.492175425402181],[-64.131266126207336,-18.492175538597369],[-64.131266244845278,-18.492193611406432],[-64.131247302892348,-18.492193724599844],[-64.131247540164679,-18.492229870218072],[-64.131228598207642,-18.492229983409825],[-64.131228716842031,-18.492248056219008],[-64.13120977488289,-18.492248169408985],[-64.131209893515432,-18.492266242218264],[-64.131190951554146,-18.492266355406464],[-64.13119107018484,-18.492284428215815],[-64.131172128221422,-18.492284541402238],[-64.131172246850255,-18.492302614211656],[-64.131153304884734,-18.492302727396307],[-64.131153423511734,-18.492320800205832],[-64.131134481544095,-18.49232091338871],[-64.13113483741995,-18.492375131817393],[-64.131096953472323,-18.492375358178169],[-64.131097072093908,-18.492393430987907],[-64.131078130117899,-18.492393544165569],[-64.131078248737623,-18.492411616975385],[-64.13102142280286,-18.492411956497364],[-64.131021541416771,-18.49243002930751],[-64.130983657455602,-18.492430255646262],[-64.13098377606569,-18.492448328456597],[-64.130964834082889,-18.49244844162325],[-64.130964715474803,-18.492430368812794],[-64.130945773493906,-18.492430481977433],[-64.130926831512838,-18.492430595140181],[-64.130926712908845,-18.492412522329445],[-64.130907770929625,-18.492412635490176],[-64.130907889531628,-18.492430708301033],[-64.130888947550289,-18.492430821459987],[-64.130889066150431,-18.492448894270915],[-64.130870124166989,-18.492449007428096],[-64.130870242765297,-18.492467080239088],[-64.13085130077971,-18.492467193394493],[-64.130851419376171,-18.492485266205598],[-64.130832477388452,-18.492485379359223],[-64.13083259598308,-18.4925034521704],[-64.130775770013187,-18.492503791620273],[-64.130775888601974,-18.492521864431779],[-64.13075694660975,-18.492521977578065],[-64.13075706519669,-18.492540050389628],[-64.130738123202349,-18.492540163534141],[-64.130738241787427,-18.492558236345804],[-64.130719299790954,-18.492558349488537],[-64.130719418374198,-18.492576422300292],[-64.130700476375623,-18.492576535441252],[-64.13070059495702,-18.492594608253086],[-64.130681652956298,-18.492594721392265],[-64.130681771535848,-18.492612794204188],[-64.130568119516795,-18.492613473000208],[-64.130568712357004,-18.492703837062781],[-64.130549770343407,-18.492703950189416],[-64.130550126043218,-18.49275816862691],[-64.130569068062755,-18.492758055499923],[-64.130569423769757,-18.492812273936735],[-64.130550481744251,-18.492812387064077],[-64.130550956014204,-18.492884678313128],[-64.130532013980627,-18.49288479143905],[-64.130532251112456,-18.492920937063619],[-64.1305133090748,-18.492921050187878],[-64.130514376156924,-18.493083705497718],[-64.130495434101235,-18.493083818621148],[-64.13049626404775,-18.493210328305423],[-64.130515206117337,-18.493210215181161],[-64.130515324683657,-18.493228287992952],[-64.130458498468528,-18.493228627360409],[-64.130458617029035,-18.493246700172506],[-64.13043967495507,-18.493246813291321],[-64.130439556396567,-18.493228740479104],[-64.13038273017979,-18.493229079823823],[-64.130382848732339,-18.4932471526364],[-64.13036390665782,-18.493247265747637],[-64.130364025208536,-18.493265338560303],[-64.130345083131914,-18.49326545166976],[-64.130345201680768,-18.4932835244825],[-64.130326259602015,-18.493283637590181],[-64.130326378149036,-18.493301710402992],[-64.130269551905997,-18.49330204971503],[-64.130269670447177,-18.493320122528182],[-64.130250728363904,-18.493320235628524],[-64.130250846903238,-18.493338308441754],[-64.130231904817833,-18.493338421540319],[-64.130232141892961,-18.493374567166896],[-64.130137431444069,-18.49337513263249],[-64.130137312916361,-18.493357059818642],[-64.130118370828157,-18.493357172905956],[-64.13011825230258,-18.493339100091926],[-64.130099310216238,-18.493339213177233],[-64.130099191692779,-18.493321140363058],[-64.130023423353919,-18.493321592684858],[-64.130023778900878,-18.493375811128683],[-64.130004836809889,-18.493375924204749],[-64.130004955323827,-18.493393997019407],[-64.129891302762985,-18.49339467543674],[-64.129891421265143,-18.493412748252084],[-64.129872479169208,-18.493412861315125],[-64.129872597669532,-18.493430934130551],[-64.129853655571466,-18.49343104719182],[-64.129854129566141,-18.493503338453596],[-64.129835187460017,-18.49350345151344],[-64.129835305957045,-18.493521524328926],[-64.129816363848775,-18.493521637386994],[-64.129816482343955,-18.493539710202537],[-64.129797540233582,-18.493539823258828],[-64.129797658726901,-18.493557896074474],[-64.129778716614396,-18.493558009128989],[-64.129778835105867,-18.493576081944724],[-64.129759892991245,-18.493576194997463],[-64.129760011480855,-18.493594267813279],[-64.12974106936413,-18.493594380864234],[-64.12974118785192,-18.493612453680136],[-64.129722245733035,-18.493612566729322],[-64.129722364218964,-18.493630639545284],[-64.129703422097975,-18.493630752592697],[-64.129703540582057,-18.493648825408762],[-64.129684598458937,-18.493648938454395],[-64.129684835423546,-18.493685084086653],[-64.129665893296334,-18.493685197130628],[-64.129666011776848,-18.493703269946817],[-64.129647069647504,-18.493703382989018],[-64.12964754356301,-18.493775674253897],[-64.129666485700298,-18.493775561211223],[-64.129666722662847,-18.493811706843207],[-64.129685664803958,-18.493811593798402],[-64.12968625722263,-18.493901957877174],[-64.1296673150716,-18.493902070922569],[-64.129667552036054,-18.493938216554078],[-64.129686494191063,-18.493938103508444],[-64.129687442070235,-18.49408268603208],[-64.129706384241018,-18.494082572983604],[-64.129706621216144,-18.494118718613937],[-64.129725563390764,-18.494118605563333],[-64.129725800370394,-18.494154751193268],[-64.129744742548851,-18.494154638140536],[-64.129745571995812,-18.494281147843413],[-64.129726629803486,-18.494281260896976],[-64.129726748294459,-18.494299333711634],[-64.129745690488789,-18.49429922065795],[-64.129916170231567,-18.494298203089567],[-64.12991628874255,-18.494316275903028],[-64.129726866785575,-18.494317406526275],[-64.129726985276832,-18.494335479340883],[-64.129745927475142,-18.494335366286965],[-64.12974651994341,-18.494425730358859],[-64.129765462151482,-18.494425617302458],[-64.129765580647543,-18.494443690116618],[-64.129784522857477,-18.494443577058203],[-64.129784641355641,-18.494461649872186],[-64.129803583567437,-18.494461536811755],[-64.129803702067747,-18.494479609625614],[-64.129822644281376,-18.494479496563173],[-64.129822762783789,-18.494497569376868],[-64.129841704999279,-18.494497456312416],[-64.129898531644912,-18.494497117107684],[-64.129898650155411,-18.494515189920872],[-64.129917592372337,-18.494515076848721],[-64.129936534589106,-18.494514963774677],[-64.129936653103712,-18.494533036587573],[-64.129955595322357,-18.494532923511514],[-64.129955713839095,-18.494550996324275],[-64.129974656059588,-18.494550883246202],[-64.129974774578429,-18.494568956058821],[-64.129993716800769,-18.494568842978733],[-64.129993835321741,-18.494586915791192],[-64.130012777545929,-18.49458680270909],[-64.130012896069019,-18.4946048755214],[-64.130031838295039,-18.494604762437287],[-64.130031956820261,-18.49462283524942],[-64.130050899048157,-18.494622722163292],[-64.130051017575482,-18.494640794975297],[-64.130069959805226,-18.494640681887162],[-64.130070078334683,-18.494658754699],[-64.130089020566274,-18.494658641608847],[-64.130089139097862,-18.494676714420546],[-64.130108081331286,-18.494676601328383],[-64.130108199865006,-18.494694674139915],[-64.130127142100264,-18.49469456104574],[-64.130127260636087,-18.494712633857102],[-64.13014620287322,-18.49471252076091],[-64.130146321411161,-18.494730593572147],[-64.130165263650156,-18.494730480473944],[-64.130165382190228,-18.494748553285017],[-64.130184324431056,-18.494748440184804],[-64.130184442973245,-18.494766512995731],[-64.130203385215907,-18.494766399893503],[-64.130222327458469,-18.494766286789378],[-64.130222446004765,-18.494784359600008],[-64.130241388249161,-18.494784246493875],[-64.130241506797589,-18.494802319304366],[-64.130317275781707,-18.494801866860403],[-64.130317157225335,-18.494783794050385],[-64.130336099469062,-18.494783680934773],[-64.130335980910829,-18.494765608124855],[-64.130354923152424,-18.494765495007471],[-64.13035516027297,-18.494801640627053],[-64.130374102518374,-18.494801527507537],[-64.130430929253819,-18.494801188137618],[-64.130431047822242,-18.494819260946901],[-64.130449990069096,-18.49481914781969],[-64.13045010863965,-18.494837220628821],[-64.130469050888323,-18.494837107499592],[-64.130469169460994,-18.494855180308562],[-64.130488111711557,-18.494855067177319],[-64.130488230286346,-18.494873139986115],[-64.130507172538756,-18.494873026852865],[-64.130526114791024,-18.494872913717717],[-64.130526233369935,-18.494890986526265],[-64.130545175624022,-18.494890873389103],[-64.130545531367488,-18.494945091814163],[-64.13056447362743,-18.494944978674752],[-64.130564592210845,-18.494963051482916],[-64.130583534472649,-18.494962938341494],[-64.130583653058167,-18.494981011149513],[-64.130602595321818,-18.494980898006077],[-64.130621537585327,-18.494980784860743],[-64.130621774764748,-18.495016930476201],[-64.130640717032065,-18.495016817328736],[-64.130659659299269,-18.495016704179378],[-64.130659777893158,-18.495034776986795],[-64.130678720162209,-18.495034663835423],[-64.130678838758229,-18.495052736642709],[-64.130697781029113,-18.495052623489325],[-64.13069801822553,-18.495088769103553],[-64.130716960500266,-18.495088655948038],[-64.130717079100648,-18.495106728754973],[-64.130736021377217,-18.495106615597447],[-64.130754963653658,-18.49510650243802],[-64.130755200862808,-18.49514264805131],[-64.130774143143086,-18.495142534889755],[-64.130775922258877,-18.495413626983208],[-64.130794864568813,-18.495413513817979],[-64.130795101790554,-18.4954496594296],[-64.130814044104298,-18.495449546262247],[-64.130814162717343,-18.495467619067895],[-64.130833105032977,-18.495467505898525],[-64.130833342263472,-18.495503651509477],[-64.130852284582915,-18.495503538337974],[-64.130853114907879,-18.495630047974313],[-64.130872057241092,-18.495629934800089],[-64.130872175861469,-18.495648007605027],[-64.130891118196544,-18.495647894428789],[-64.130891236819039,-18.495665967233581],[-64.130910179155947,-18.495665854055328],[-64.130910297780574,-18.495683926859957],[-64.130929240119329,-18.495683813679694],[-64.130929358746087,-18.495701886484152],[-64.130948301086704,-18.495701773301874],[-64.130948538344583,-18.495737918910486],[-64.130967480689023,-18.495737805726076],[-64.130967599320158,-18.495755878530215],[-64.130986541666431,-18.495755765343791],[-64.130986778933078,-18.495791910951699],[-64.131005721283216,-18.495791797763143],[-64.131005839918728,-18.495809870566941],[-64.131024782270714,-18.495809757376374],[-64.131024900908358,-18.495827830180012],[-64.131043843262191,-18.495827716987431],[-64.131043961901938,-18.495845789790916],[-64.131062904257632,-18.495845676596325],[-64.131063022899511,-18.495863749399636],[-64.13108196525701,-18.49586363620303],[-64.13108208390102,-18.495881709006209],[-64.131101026260396,-18.495881595807592],[-64.131101144906523,-18.495899668610612],[-64.13112008726776,-18.495899555409981],[-64.131120205916005,-18.495917628212855],[-64.131139148279075,-18.495917515010209],[-64.131139266929452,-18.495935587812905],[-64.131158209294384,-18.495935474608245],[-64.131158327946878,-18.495953547410807],[-64.131177270313628,-18.495953434204136],[-64.131177388968254,-18.495971507006548],[-64.131196331336881,-18.495971393797863],[-64.131196449993624,-18.495989466600115],[-64.131215392364084,-18.495989353389415],[-64.131215511022958,-18.496007426191525],[-64.13123445339528,-18.496007312978815],[-64.131234572056272,-18.496025385780744],[-64.131253514430412,-18.496025272566019],[-64.131253633093522,-18.496043345367816],[-64.131272575469552,-18.496043232151077],[-64.131272931465645,-18.496097450555897],[-64.131291873847502,-18.496097337336909],[-64.131291992515116,-18.496115410138305],[-64.131310934898821,-18.496115296917303],[-64.131311172238455,-18.496151442519796],[-64.131330114625982,-18.496151329296662],[-64.131330470642425,-18.496205547699766],[-64.13134941303575,-18.496205434474383],[-64.131349531710157,-18.496223507275239],[-64.131368474105358,-18.496223394047842],[-64.131368592781882,-18.496241466848534],[-64.131387535178931,-18.496241353619123],[-64.131387653857587,-18.496259426419673],[-64.131406596256483,-18.496259313188247],[-64.131407664388391,-18.496421968390468],[-64.131426606804993,-18.496421855156083],[-64.131426725488978,-18.496439927956018],[-64.131445667907471,-18.496439814719619],[-64.131445786593588,-18.496457887519426],[-64.131464729013913,-18.496457774281016],[-64.131466034592066,-18.496656575075178],[-64.131447092149898,-18.496656688314893],[-64.131446380026219,-18.49654825151789],[-64.131427437595832,-18.496548364754997],[-64.131427200226327,-18.496512219155488],[-64.131408257799777,-18.496512332390466],[-64.131408139117227,-18.496494259590538],[-64.131389196692524,-18.496494372823502],[-64.131389078012091,-18.49647630002341],[-64.131370135589222,-18.49647641325436],[-64.131370016910921,-18.496458340454122],[-64.131351074489899,-18.496458453683058],[-64.13135083713766,-18.496422308082252],[-64.131331894720518,-18.496422421309056],[-64.131331776046594,-18.496404348508467],[-64.131312833631256,-18.49640446173326],[-64.131312714959464,-18.496386388932528],[-64.131293772545973,-18.496386502155307],[-64.131293653876298,-18.496368429354412],[-64.13127471146467,-18.496368542575176],[-64.131273999461371,-18.496260105768425],[-64.131255057061509,-18.496260218986581],[-64.131254819732149,-18.496224073383804],[-64.131235877336152,-18.496224186599832],[-64.131235758673668,-18.496206113798262],[-64.13121681627949,-18.49620622701228],[-64.131216460298802,-18.496152008607044],[-64.131197517910451,-18.496152121818806],[-64.131197399252471,-18.496134049016874],[-64.131178456865968,-18.496134162226625],[-64.131178338210134,-18.496116089424529],[-64.131159395825492,-18.496116202632265],[-64.131159277171776,-18.496098129830038],[-64.131140334788967,-18.496098243035764],[-64.131140216137382,-18.49608017023337],[-64.13112127375642,-18.496080283437081],[-64.131121155106939,-18.49606221063452],[-64.131102212727839,-18.49606232383622],[-64.131102094080475,-18.496044251033513],[-64.131083151703223,-18.4960443642332],[-64.13108303305799,-18.496026291430336],[-64.131064090682614,-18.496026404628005],[-64.131063972039485,-18.49600833182501],[-64.131045029665941,-18.496008445020667],[-64.131044911024958,-18.495990372217495],[-64.131025968653248,-18.495990485411141],[-64.131025850014382,-18.495972412607824],[-64.131006907644519,-18.495972525799456],[-64.131006789007785,-18.495954452995974],[-64.130987846639769,-18.495954566185592],[-64.130987728005152,-18.495936493381969],[-64.130968785639013,-18.495936606569572],[-64.130968667006513,-18.495918533765813],[-64.130949724642207,-18.495918646951402],[-64.130949606011825,-18.495900574147466],[-64.130930663649366,-18.495900687331044],[-64.130930307765013,-18.495846468918685],[-64.13091136540838,-18.495846582100015],[-64.130911246782517,-18.495828509295698],[-64.130892304427746,-18.495828622475017],[-64.130892185804015,-18.495810549670551],[-64.130873243451077,-18.495810662847852],[-64.130873124829463,-18.495792590043227],[-64.130854182478373,-18.49579270321852],[-64.130854063858877,-18.495774630413745],[-64.130835121509648,-18.49577474358702],[-64.130835002892269,-18.495756670782111],[-64.130816060544888,-18.495756783953379],[-64.13081594192964,-18.495738711148292],[-64.130796999584106,-18.495738824317542],[-64.130796880970991,-18.495720751512309],[-64.13077793862729,-18.495720864679548],[-64.130777820016291,-18.495702791874159],[-64.130758877674452,-18.49570290503938],[-64.130758759065571,-18.495684832233856],[-64.13073981672558,-18.495684945397066],[-64.13073969811883,-18.495666872591372],[-64.1307207557807,-18.495666985752575],[-64.130720637176069,-18.495648912946717],[-64.130701694839772,-18.495649026105902],[-64.130701576237257,-18.495630953299905],[-64.130682633902808,-18.495631066457072],[-64.130682515302425,-18.495612993650916],[-64.130663572969837,-18.495613106806076],[-64.130663454371572,-18.495595033999784],[-64.130644512040817,-18.495595147152926],[-64.130644393444669,-18.495577074346457],[-64.13062545111579,-18.495577187497592],[-64.130625332521774,-18.495559114690977],[-64.130606390194714,-18.495559227840094],[-64.130606271602829,-18.495541155033319],[-64.130587329277617,-18.495541268180425],[-64.13058721068785,-18.495523195373522],[-64.130568268364485,-18.495523308518614],[-64.130568149776849,-18.495505235711541],[-64.130549207455346,-18.495505348854621],[-64.130549088869813,-18.495487276047381],[-64.130530146550171,-18.495487389188447],[-64.13053002796677,-18.495469316381065],[-64.130511085648962,-18.495469429520121],[-64.130510967067693,-18.495451356712579],[-64.130492024751732,-18.49545146984962],[-64.130491906172566,-18.495433397041943],[-64.130472963858452,-18.495433510176969],[-64.130472845281432,-18.495415437369118],[-64.13045390296918,-18.49541555050213],[-64.130453784394263,-18.495397477694137],[-64.130434842083858,-18.495397590825139],[-64.130434723511073,-18.495379518016982],[-64.130415781202501,-18.495379631145969],[-64.130415662631833,-18.49536155833767],[-64.130396720325123,-18.495361671464643],[-64.130396601756573,-18.495343598656202],[-64.130339774841602,-18.4953439380254],[-64.130320832536327,-18.495344051144677],[-64.130320713975863,-18.495325978335703],[-64.13030177167245,-18.49532609145297],[-64.130282829368909,-18.49532620456834],[-64.130282710812551,-18.495308131759103],[-64.130244826208994,-18.495308357983923],[-64.130225883907016,-18.495308471093491],[-64.130225409706767,-18.495236179854768],[-64.130206467412592,-18.495236292961966],[-64.13020634886486,-18.495218220152072],[-64.130187406572546,-18.495218333257256],[-64.130187050936129,-18.495164114827045],[-64.130168108649627,-18.49516422792998],[-64.13016739739237,-18.49505579106787],[-64.130186339666977,-18.495055677965645],[-64.130186102578335,-18.495019532344905],[-64.130167160307721,-18.495019645446899],[-64.130167041765603,-18.49500157263634],[-64.130148099496822,-18.49500168573632],[-64.130147980956835,-18.494983612925623],[-64.130129038689901,-18.494983726023587],[-64.130128920152032,-18.494965653212724],[-64.130109977886974,-18.494965766308674],[-64.130109859351222,-18.494947693497668],[-64.130090917087998,-18.494947806591608],[-64.130090798554363,-18.494929733780467],[-64.130071856293,-18.494929846872388],[-64.130071737761483,-18.494911774061066],[-64.130052795501953,-18.49491188715098],[-64.130052676972568,-18.494893814339513],[-64.1300337347149,-18.494893927427412],[-64.130033616187632,-18.494875854615785],[-64.130014673931825,-18.49487596770167],[-64.130014555406689,-18.494857894889915],[-64.129995613152715,-18.494858007973786],[-64.129995494629682,-18.494839935161863],[-64.129976552377556,-18.49484004824372],[-64.129976433856669,-18.494821975431634],[-64.129957491606376,-18.494822088511476],[-64.129957373087606,-18.494804015699234],[-64.129938430839175,-18.494804128777069],[-64.129938312322523,-18.494786055964681],[-64.129919370075967,-18.494786169040502],[-64.129919251561432,-18.494768096227979],[-64.12990030931671,-18.494768209301789],[-64.129900190804292,-18.494750136489088],[-64.129881248561404,-18.494750249560884],[-64.129881130051132,-18.494732176748034],[-64.129843245568935,-18.494732402885703],[-64.12984348258172,-18.494768548511843],[-64.129805598091025,-18.494768774642406],[-64.129805479588541,-18.494750701829112],[-64.129786537344984,-18.494750814891432],[-64.129786418844617,-18.494732742077993],[-64.129767476602893,-18.494732855138302],[-64.129767358104672,-18.494714782324699],[-64.129748415864825,-18.494714895382998],[-64.129748297368707,-18.494696822569271],[-64.129729355130706,-18.494696935625552],[-64.129729236636706,-18.494678862811654],[-64.129710294400539,-18.494678975865924],[-64.129710057416943,-18.494642830237773],[-64.129634288486812,-18.494643282434957],[-64.129634406970595,-18.494661355249516],[-64.129615464735721,-18.494661468294193],[-64.129615583217671,-18.494679541108848],[-64.129407218603362,-18.494680784476554],[-64.12940745552396,-18.494716930108314],[-64.129388513281498,-18.49471704313061],[-64.129388631740014,-18.494735115946575],[-64.129274978270487,-18.494735794041272],[-64.12927485982388,-18.494717721224596],[-64.129236975336937,-18.494717947240765],[-64.129218033093238,-18.494718060246012],[-64.129217914652727,-18.494699987428977],[-64.12919897241089,-18.494700100432208],[-64.129198853972511,-18.494682027614996],[-64.129123085011742,-18.4946824796085],[-64.129104142771212,-18.494682592602139],[-64.12910402434288,-18.494664519784294],[-64.129085082104183,-18.494664632775919],[-64.129084963677983,-18.494646559957932],[-64.129009194729832,-18.494647011905016],[-64.129009313148089,-18.494665084723476],[-64.128971428669232,-18.494665310685885],[-64.128971547083651,-18.494683383504562],[-64.128914720358352,-18.494683722434321],[-64.128914601949887,-18.494665649615289],[-64.128819890748289,-18.494666214459738],[-64.128820009146821,-18.494684287279359],[-64.12859270222522,-18.494685642714192],[-64.128592820600062,-18.494703715535184],[-64.128554936107236,-18.494703941414702],[-64.128554817736358,-18.494685868593475],[-64.12853587549175,-18.494685981530271],[-64.128535757123004,-18.49466790870888],[-64.128516814880228,-18.494668021643665],[-64.128516696513586,-18.494649948822133],[-64.128497754272658,-18.494650061754907],[-64.128497635908147,-18.494631988933211],[-64.128478693669067,-18.494632101863971],[-64.128459751429844,-18.494632214792837],[-64.128459514709178,-18.494596069148898],[-64.128440572473821,-18.494596182075629],[-64.128440454115676,-18.494578109253482],[-64.128421511882138,-18.494578222178198],[-64.128421393526125,-18.494560149355891],[-64.128137260036553,-18.494561842997573],[-64.12813737836278,-18.494579915821653],[-64.128118436127068,-18.494580028716062],[-64.128118554451447,-18.494598101540216],[-64.128099612213632,-18.494598214432848],[-64.128100085504585,-18.49467050572958],[-64.128081143258655,-18.494670618620788],[-64.128081261579752,-18.494688691445013],[-64.128062319331704,-18.494688804334444],[-64.128062437650954,-18.494706877158741],[-64.128043495400789,-18.494706990046392],[-64.128043613718177,-18.494725062870756],[-64.128024671465894,-18.494725175756631],[-64.12802514472888,-18.494797467054276],[-64.128006202468541,-18.49479757993873],[-64.128006320782646,-18.494815652763169],[-64.127949493994777,-18.494815991405524],[-64.127949375686626,-18.494797918580726],[-64.127930433425732,-18.494798031457602],[-64.127930551731893,-18.494816104282513],[-64.127911609468853,-18.494816217157613],[-64.127911727773167,-18.49483428998262],[-64.127892785508024,-18.49483440285594],[-64.127892903810476,-18.494852475681029],[-64.127873961543202,-18.494852588552575],[-64.127874079843806,-18.494870661377735],[-64.1278551375744,-18.494870774247506],[-64.127855255873172,-18.494888847072733],[-64.127817371330011,-18.494889072806821],[-64.127817489624945,-18.494907145632276],[-64.127798547351162,-18.494907258496596],[-64.127798665644235,-18.494925331322126],[-64.127779723368334,-18.49492544418467],[-64.12777984165956,-18.494943517010292],[-64.127760899381556,-18.494943629871059],[-64.127760781092306,-18.49492555704532],[-64.127741838816135,-18.494925669904074],[-64.127741720529016,-18.494907597078193],[-64.127590182330593,-18.494908499879081],[-64.127571240055204,-18.494908612720664],[-64.12757112178609,-18.494890539893674],[-64.127514294964982,-18.494890878406707],[-64.127514413228127,-18.494908951234049],[-64.127381817293568,-18.494909741032298],[-64.127382408541891,-18.495000105172572],[-64.127306639393709,-18.495000556446534],[-64.127306757635836,-18.495018629274952],[-64.127287815346449,-18.495018742088824],[-64.127287933586729,-18.495036814917338],[-64.127231106711847,-18.495037153347937],[-64.1272312249463,-18.495055226176746],[-64.127212282652408,-18.495055338983271],[-64.127212400885028,-18.495073411812182],[-64.127193458589005,-18.495073524616934],[-64.127193576819764,-18.495091597445924],[-64.127060980729979,-18.495092387026958],[-64.127061098946967,-18.495110459856747],[-64.127004272043322,-18.495110798220555],[-64.127004390254498,-18.495128871050653],[-64.126947563343691,-18.495129209397756],[-64.126947681549041,-18.495147282228153],[-64.126928739243183,-18.49514739500685],[-64.126928857446686,-18.495165467837364],[-64.12685308821392,-18.495165918933676],[-64.126853206409621,-18.495183991764609],[-64.126815321788442,-18.495184217301635],[-64.126815439980305,-18.495202290132777],[-64.126777555354636,-18.495202515662459],[-64.126777673542662,-18.49522058849378],[-64.126758731227625,-18.495220701255896],[-64.126758613041588,-18.495202628424458],[-64.126626016846458,-18.495203417705394],[-64.126626135018583,-18.495221490537659],[-64.126588250386206,-18.495221716029679],[-64.126588132218032,-18.495203643197179],[-64.12656918990362,-18.495203755940231],[-64.126569071737578,-18.49518568310755],[-64.126550129425013,-18.495185795848588],[-64.126550247589066,-18.495203868681386],[-64.126436593698955,-18.49520454508853],[-64.126436475546811,-18.495186472255028],[-64.126417533233294,-18.495186584982804],[-64.126398590919635,-18.495186697708682],[-64.126398472771598,-18.495168624874918],[-64.12626587658616,-18.495169413902197],[-64.126246934273411,-18.495169526612802],[-64.126246816141389,-18.495151453778046],[-64.126227873830473,-18.495151566486637],[-64.126227991960519,-18.49516963932151],[-64.126190107334338,-18.495169864733246],[-64.126189989208285,-18.495151791898138],[-64.126038450713963,-18.495152693468341],[-64.126019508401583,-18.495152806156089],[-64.126019390293521,-18.495134733319915],[-64.126000447982975,-18.495134846005648],[-64.125981505672286,-18.495134958689494],[-64.125981387568345,-18.495116885853029],[-64.125962445259503,-18.495116998534858],[-64.12596232715768,-18.49509892569823],[-64.125943384850686,-18.495099038378047],[-64.125924442543578,-18.495099151055967],[-64.125924324445876,-18.49508107821908],[-64.125905382140601,-18.495081190894989],[-64.125905264045016,-18.495063118057939],[-64.125886321741575,-18.495063230731837],[-64.125886203648108,-18.495045157894658],[-64.125829376742985,-18.495045495904623],[-64.125810434440993,-18.495045608570827],[-64.125810316355611,-18.495027535733112],[-64.125791374055467,-18.495027648397301],[-64.125791255972217,-18.495009575559447],[-64.125734429076957,-18.495009913540287],[-64.125715486778262,-18.495010026196777],[-64.125715368703069,-18.494991953358408],[-64.125677484109247,-18.49499217866547],[-64.12567760218046,-18.49501025150407],[-64.125658659881381,-18.495010364154879],[-64.125658541812157,-18.494992291316159],[-64.125639599514898,-18.49499240396495],[-64.125639717582146,-18.495010476803788],[-64.125620775282755,-18.495010589450807],[-64.12562065721751,-18.494992516611848],[-64.125601714919981,-18.494992629256853],[-64.125601596856839,-18.494974556417748],[-64.125544769969423,-18.494974894341038],[-64.125525827673329,-18.494975006978347],[-64.125525709618287,-18.494956934138752],[-64.12543099814576,-18.49495749729628],[-64.125412055850859,-18.4949576099221],[-64.125411937807854,-18.494939537081741],[-64.125355110928254,-18.49493987494748],[-64.125336168634774,-18.494939987565605],[-64.125336050599856,-18.494921914724745],[-64.125298166016492,-18.494922139955076],[-64.125298284047432,-18.494940212796166],[-64.125260399459535,-18.494940438019153],[-64.125260517486652,-18.494958510860457],[-64.12522263289425,-18.494958736076097],[-64.125222750917544,-18.494976808917574],[-64.125184866320595,-18.494977034125874],[-64.125184984340038,-18.494995106967568],[-64.125109215136632,-18.4949955573619],[-64.125109097125119,-18.494977484519737],[-64.125090154825912,-18.494977597113465],[-64.12509003681653,-18.494959524271163],[-64.125071094519157,-18.494959636862877],[-64.125070976511907,-18.494941564020394],[-64.125052034216395,-18.4949416766101],[-64.125051916211277,-18.494923603767472],[-64.125032973917598,-18.494923716355164],[-64.125032855914583,-18.494905643512375],[-64.125013913622766,-18.494905756098056],[-64.125013795621882,-18.494887683255143],[-64.124994853331913,-18.494887795838807],[-64.124994735333146,-18.494869722995727],[-64.124975793045053,-18.494869835577379],[-64.124975675048404,-18.494851762734132],[-64.124956732762129,-18.494851875313774],[-64.124956614767598,-18.494833802470374],[-64.124937672483185,-18.494833915048005],[-64.124937554490771,-18.494815842204464],[-64.124918612208219,-18.494815954780076],[-64.124918494217937,-18.4947978819364],[-64.124899551937219,-18.494797994510005],[-64.124898490048651,-18.494635338914104],[-64.124917432311491,-18.494635226341558],[-64.124917196333783,-18.494599080653419],[-64.124936138592517,-18.494598968079217],[-64.124936020601879,-18.49458089523521],[-64.124954962858496,-18.494580782659227],[-64.12495437289742,-18.494490418439291],[-64.124935430650737,-18.494490531014684],[-64.124935312660924,-18.494472458170488],[-64.124916370416074,-18.494472570743866],[-64.124916252428378,-18.494454497899497],[-64.124897310185389,-18.494454610470864],[-64.124897074214374,-18.494418464781784],[-64.124878131975237,-18.49441857735102],[-64.124878013991918,-18.494400504506313],[-64.124859071754614,-18.494400617073538],[-64.124858953773412,-18.494382544228699],[-64.12484001153797,-18.49438265679391],[-64.124839893558885,-18.49436458394889],[-64.12482095132529,-18.49436469651209],[-64.124820715371513,-18.49432855082172],[-64.124801773141755,-18.494328663382785],[-64.124801655167062,-18.494310590537449],[-64.124782712939151,-18.494310703096506],[-64.124782594966575,-18.494292630251],[-64.124763652740498,-18.494292742808042],[-64.124763534770054,-18.49427466996238],[-64.124630939197687,-18.494275457807809],[-64.124611996972533,-18.494275570349579],[-64.124611761063804,-18.494239424656264],[-64.124554934399399,-18.494239762269498],[-64.12453599217767,-18.494239874803451],[-64.124535874231455,-18.494221801956289],[-64.124516932011559,-18.494221914488232],[-64.124516696123493,-18.494185768793535],[-64.124497753907448,-18.494185881323347],[-64.124497635965611,-18.494167808475819],[-64.12445975153706,-18.494168033529526],[-64.124440809322607,-18.494168146053536],[-64.124440691386852,-18.494150073205645],[-64.124421749174232,-18.494150185727644],[-64.124421631240594,-18.494132112879583],[-64.124402689029822,-18.494132225399571],[-64.124402453166951,-18.494096079703109],[-64.124383510960016,-18.494096192220965],[-64.124383157172687,-18.49404197367566],[-64.124364214971592,-18.494042086191268],[-64.124363979118016,-18.494005940493977],[-64.12434503692073,-18.494006053007453],[-64.124326094723301,-18.494006165519039],[-64.124325976800705,-18.493988092670111],[-64.124307034605124,-18.493988205179683],[-64.124306916684645,-18.493970132330617],[-64.124287974490912,-18.493970244838177],[-64.12428785657255,-18.493952171988933],[-64.124268914380693,-18.49395228449448],[-64.124268796464449,-18.493934211645094],[-64.124249854274424,-18.493934324148629],[-64.124249736360298,-18.49391625129908],[-64.124230794172135,-18.493916363800601],[-64.12421185198383,-18.493916476300228],[-64.12421173407381,-18.493898403450437],[-64.124192791887339,-18.49389851594805],[-64.124192673979451,-18.493880443098085],[-64.124154789610117,-18.493880668087396],[-64.124155143322284,-18.493934886637877],[-64.124136201131449,-18.493934999130047],[-64.124136319033781,-18.493953071980254],[-64.124117376840815,-18.493953184470644],[-64.124117494741313,-18.493971257320943],[-64.124098552546258,-18.493971369809557],[-64.124098670444894,-18.493989442659917],[-64.124079728247693,-18.493989555146751],[-64.124079846144483,-18.494007627997206],[-64.12406090394515,-18.494007740482264],[-64.124061021840106,-18.494025813332819],[-64.124042079638656,-18.494025925816096],[-64.124042197531736,-18.494043998666719],[-64.124023255328169,-18.494044111148227],[-64.124023373219416,-18.494062183998938],[-64.123985488807918,-18.494062408956498],[-64.12398537092065,-18.494044336105549],[-64.123909602103936,-18.494044785997463],[-64.12390971998326,-18.494062858848881],[-64.123890777776751,-18.494062971317241],[-64.12389101353186,-18.494099117020191],[-64.123872071321244,-18.494099229486888],[-64.123872189197002,-18.494117302338427],[-64.123834304771407,-18.494117527266379],[-64.123834422643341,-18.494135600118128],[-64.123777595997964,-18.494135937496196],[-64.123777478131984,-18.494117864644096],[-64.123758535918583,-18.494117977099549],[-64.123739593705039,-18.494118089553101],[-64.12373947584318,-18.494100016700742],[-64.123701591419632,-18.494100241601931],[-64.123682649207652,-18.494100354049685],[-64.123682531351889,-18.494082281196921],[-64.123663589141785,-18.494082393642664],[-64.123663471288125,-18.494064320789775],[-64.123644529079868,-18.494064433233504],[-64.123644411228327,-18.494046360380441],[-64.123625469021903,-18.494046472822156],[-64.123625351172493,-18.494028399968947],[-64.123435929120674,-18.49402952428073],[-64.123436046950232,-18.494047597135118],[-64.123417104742316,-18.494047709555996],[-64.123417222570012,-18.494065782410473],[-64.123322511518509,-18.49406634448702],[-64.123322629336414,-18.494084417342023],[-64.123227918271553,-18.494084979371792],[-64.123228036079666,-18.494103052227381],[-64.123171209433153,-18.494103389422857],[-64.123171091630994,-18.49408531656692],[-64.123152149417209,-18.494085428961505],[-64.123152031617167,-18.49406735610544],[-64.123095204980956,-18.494067693277479],[-64.123095322775029,-18.494085766133892],[-64.122962727271883,-18.494086552803161],[-64.1229628450522,-18.494104625660391],[-64.122906018399988,-18.494104962776294],[-64.122906136174478,-18.49412303563383],[-64.122849309515104,-18.494123372733036],[-64.122849427283768,-18.494141445590895],[-64.122792600617217,-18.494141782673402],[-64.122792718380069,-18.494159855531574],[-64.122773776155626,-18.494159967888738],[-64.122773893916616,-18.494178040746977],[-64.122754951690055,-18.494178153102364],[-64.122755187208483,-18.494214298819013],[-64.122736244977801,-18.494214411172738],[-64.122736127220506,-18.494196338314318],[-64.122679300533633,-18.494196675363778],[-64.122660358304401,-18.494196787709811],[-64.122660240555177,-18.494178714850875],[-64.122641298327792,-18.494178827194894],[-64.122622356100294,-18.494178939537015],[-64.122622002865356,-18.494124720959331],[-64.122603060643655,-18.494124833299207],[-64.122602707415894,-18.494070614720854],[-64.12262164963164,-18.49407050238133],[-64.122621531887333,-18.494052429521918],[-64.122640474100933,-18.494052317180618],[-64.122640238608767,-18.494016171461922],[-64.122659180818289,-18.494016059118962],[-64.122659063070415,-18.493997986259686],[-64.122678005277805,-18.49399787391495],[-64.122677887528084,-18.493979801055772],[-64.122696829733357,-18.493979688709256],[-64.122696476479078,-18.493925470131796],[-64.12271541867824,-18.493925357783741],[-64.122714476656881,-18.493780774909958],[-64.122695534473607,-18.493780887257078],[-64.122695416723545,-18.49376281439757],[-64.122714358904815,-18.493762702050571],[-64.12271412340111,-18.493726556331719],[-64.122733065578316,-18.493726443983061],[-64.122732947824673,-18.493708371123681],[-64.122751889999748,-18.493708258773246],[-64.122751418978623,-18.493635967335884],[-64.122770361145626,-18.493635854984024],[-64.1227702433887,-18.493617782124712],[-64.122751301223687,-18.493617894476454],[-64.122750830205263,-18.493545603038392],[-64.122769772362332,-18.493545490687119],[-64.122769536849972,-18.4935093449681],[-64.122788479002935,-18.493509232615168],[-64.122788007971891,-18.493436941177197],[-64.122769065826873,-18.493437053529657],[-64.122768948071439,-18.493418980669961],[-64.122750005928268,-18.493419093020414],[-64.122748946153322,-18.49325643728049],[-64.122767888278631,-18.493256324931099],[-64.122767652770591,-18.493220179210972],[-64.122786594891792,-18.493220066859919],[-64.122786477136003,-18.493201993999914],[-64.122805419255059,-18.493201881647089],[-64.122805301497408,-18.493183808787162],[-64.122786359380342,-18.493183921139874],[-64.122786241624823,-18.493165848279798],[-64.122805183739914,-18.493165735927207],[-64.122805065982547,-18.49314766306723],[-64.12282400809552,-18.493147550712859],[-64.122823890336292,-18.493129477852946],[-64.122842832447162,-18.493129365496799],[-64.122842714686087,-18.493111292636968],[-64.122861656794825,-18.49311118027904],[-64.122861539031902,-18.493093107419295],[-64.122880481138537,-18.493092995059591],[-64.122879892316035,-18.493002630760937],[-64.122898834412567,-18.493002518399926],[-64.122898716646489,-18.492984445540223],[-64.122917658740931,-18.492984333177436],[-64.122917540972992,-18.49296626031779],[-64.122936483065303,-18.492966147953229],[-64.122936011987008,-18.492893856514808],[-64.122954954071247,-18.492893744148823],[-64.122954836300025,-18.492875671289234],[-64.122973778382118,-18.492875558921469],[-64.122973660609048,-18.492857486061975],[-64.122992602689038,-18.492857373692434],[-64.122992013815818,-18.492767009395003],[-64.122973071745747,-18.492767121763958],[-64.122972953973488,-18.492749048904251],[-64.122991896041569,-18.492748936535413],[-64.122991660493483,-18.492712790816139],[-64.123010602557471,-18.492712678445645],[-64.123010484781645,-18.49269460558607],[-64.123029426843502,-18.492694493213797],[-64.123029309065828,-18.492676420354293],[-64.123067193185136,-18.4926761956043],[-64.123067075403625,-18.49265812274502],[-64.123104959518429,-18.492657897987687],[-64.123105077303904,-18.492675970846729],[-64.12312401936309,-18.492675858465105],[-64.123123901575624,-18.492657785606173],[-64.123161785689589,-18.492657560837472],[-64.123161667898302,-18.492639487978725],[-64.12318060995311,-18.492639375591647],[-64.123180374366953,-18.49260322987428],[-64.123199316417654,-18.492603117485551],[-64.1231991986228,-18.492585044626935],[-64.123218140671369,-18.492584932236426],[-64.123218022874667,-18.492566859377909],[-64.123236964921105,-18.49256674698562],[-64.123236847122556,-18.492548674127168],[-64.12325578916689,-18.492548561733102],[-64.123255671366465,-18.492530488874735],[-64.123274613408682,-18.492530376478893],[-64.123274142200472,-18.492458085045548],[-64.123293084234604,-18.492457972648282],[-64.12329273082392,-18.492403754073266],[-64.123311672851955,-18.492403641674457],[-64.12331143724154,-18.492367495957826],[-64.123330379265468,-18.492367383557358],[-64.123330143651614,-18.492331237840833],[-64.123349085671435,-18.492331125438707],[-64.123348378821248,-18.492222688288972],[-64.123367320829033,-18.492222575885656],[-64.123367203019157,-18.492204503027363],[-64.123386145024824,-18.49220439062227],[-64.12338520253482,-18.492059807755602],[-64.123404144524429,-18.49205969534956],[-64.12340402671181,-18.492041622491172],[-64.12342296869933,-18.49204151008335],[-64.123422850884864,-18.492023437225047],[-64.123441792870253,-18.492023324815449],[-64.12344155723774,-18.491987179099009]]]},"properties":{"FID":7,"Zona":"Yaguari","IDUH":8,"UH":"SC8 - Yag","AreaHa":21.316400000000002}},{"type":"Feature","id":8,"geometry":{"type":"Polygon","coordinates":[[[-64.112626597276162,-18.492195639956133],[-64.112626713959727,-18.492213712880929],[-64.112645656036079,-18.492213601550343],[-64.112683540188357,-18.492213378883488],[-64.112683423498851,-18.492195305959044],[-64.112740249720289,-18.492194971944901],[-64.112740133024943,-18.492176899020777],[-64.112759075096506,-18.492176787679057],[-64.112759308491306,-18.492212933527046],[-64.11277825056672,-18.492212822183198],[-64.112797192641963,-18.492212710837457],[-64.112797542747074,-18.492266929608451],[-64.112778600665862,-18.492267040954545],[-64.112779300867814,-18.492375478496317],[-64.112798242960935,-18.492375367149528],[-64.112798709772861,-18.492447658842853],[-64.112817651873797,-18.492447547493704],[-64.11281776857912,-18.492465620416841],[-64.112836710681918,-18.492465509065678],[-64.112836827389344,-18.492483581988644],[-64.112855769493976,-18.49248347063547],[-64.112855652784575,-18.492465397712625],[-64.112950363295852,-18.492464840918927],[-64.112950246576659,-18.492446767996604],[-64.113007072875831,-18.492446433897999],[-64.113007306326281,-18.492482579741889],[-64.113026248429733,-18.492482468371666],[-64.11302636515714,-18.492500541293452],[-64.113045307262425,-18.492500429921218],[-64.113045423991963,-18.492518502842845],[-64.113083308206086,-18.492518280092462],[-64.113083191472583,-18.492500207171069],[-64.113177901995641,-18.492499650262538],[-64.113178018739063,-18.492517723183347],[-64.113196960845272,-18.49251761179584],[-64.113197427828297,-18.492589903478265],[-64.113216369942293,-18.492589792088399],[-64.113216486690376,-18.4926078650088],[-64.113235428806206,-18.492607753616923],[-64.113254370921936,-18.492607642223152],[-64.113254487674112,-18.492625715143291],[-64.11327342979169,-18.492625603747509],[-64.113292371909125,-18.492625492349831],[-64.113293072448869,-18.492733929868482],[-64.113312014578099,-18.49273381846821],[-64.113312248096392,-18.492769964307257],[-64.113331190229417,-18.492769852904861],[-64.113331306990759,-18.492787925824221],[-64.113350249125673,-18.49278781441981],[-64.113350599416435,-18.492842033177293],[-64.113369541557162,-18.492841921770641],[-64.113370242154261,-18.492950359283984],[-64.113351300001625,-18.492950470691341],[-64.113351883826311,-18.493040835285399],[-64.1133329416636,-18.49304094669144],[-64.11333305842696,-18.493059019610246],[-64.11331411626216,-18.493059131014508],[-64.113314349785298,-18.493095276852294],[-64.113295407616377,-18.493095388254901],[-64.113295991416663,-18.4931857528493],[-64.113314933595518,-18.493185641446114],[-64.113315050357954,-18.493203714364778],[-64.113333992538657,-18.493203602959582],[-64.113334576362831,-18.493293967551764],[-64.113353518553325,-18.493293856144092],[-64.113353635320564,-18.49331192906229],[-64.113372577512905,-18.493311817652607],[-64.113391519705132,-18.493311706241027],[-64.113391636476464,-18.493329779158984],[-64.113410578670511,-18.493329667745392],[-64.11341069544396,-18.493347740663186],[-64.113429637639882,-18.493347629247587],[-64.113429754415449,-18.493365702165235],[-64.113448696613219,-18.493365590747626],[-64.113448813390917,-18.493383663665114],[-64.113467755590534,-18.49338355224549],[-64.113486697790023,-18.493383440823973],[-64.113486814571814,-18.49340151374118],[-64.113505756773137,-18.493401402317652],[-64.113524698974345,-18.493401290892226],[-64.113524932546284,-18.493437436726104],[-64.113543874751315,-18.493437325298554],[-64.113543991539487,-18.493455398215328],[-64.113562933746366,-18.493455286785768],[-64.113563050536655,-18.493473359702367],[-64.113581992745395,-18.493473248270792],[-64.113600934953993,-18.493473136837324],[-64.1136011685429,-18.493509282669994],[-64.113620110755335,-18.493509171234397],[-64.11362092833464,-18.493635681646772],[-64.113601986108307,-18.493635793083183],[-64.113602336495489,-18.49369001183118],[-64.113583394263088,-18.493690123266045],[-64.113583627851256,-18.49372626909809],[-64.113564685614705,-18.493726380531296],[-64.113564802406998,-18.493744453447391],[-64.113583744645538,-18.493744342014072],[-64.113584211824019,-18.493816633677596],[-64.113603154070333,-18.493816522241914],[-64.113603270867273,-18.493834595157601],[-64.113622213115463,-18.493834483719905],[-64.11362232991452,-18.493852556635431],[-64.113641272164571,-18.493852445195728],[-64.113679156664205,-18.493852222310633],[-64.113679273469373,-18.493870295225783],[-64.113698215720987,-18.493870183780274],[-64.113773984726095,-18.493869737979303],[-64.11377410154131,-18.493887810893813],[-64.113793043794246,-18.493887699438716],[-64.113793160611593,-18.493905772353099],[-64.113812102866362,-18.49390566089599],[-64.113812219685826,-18.49392373381021],[-64.113831161942457,-18.493923622351094],[-64.113831278764039,-18.493941695265171],[-64.113850221022503,-18.493941583804041],[-64.113850337846202,-18.493959656717958],[-64.113869280106542,-18.493959545254818],[-64.113869513758317,-18.493995691082308],[-64.113888456022494,-18.493995579617035],[-64.11388857285057,-18.494013652530615],[-64.113907515116594,-18.494013541063335],[-64.113907631946788,-18.49403161397677],[-64.113926574214659,-18.494031502507479],[-64.11392669104697,-18.494049575420735],[-64.113945633316689,-18.494049463949434],[-64.113964575586266,-18.494049352476235],[-64.113964692422698,-18.49406742538924],[-64.113983634694137,-18.494067313914034],[-64.113983751532686,-18.4940853868269],[-64.114002693805972,-18.494085275349679],[-64.114040578352132,-18.494085052389554],[-64.114040695196763,-18.494103125302026],[-64.114059637471641,-18.494103013819004],[-64.114059754318404,-18.494121086731329],[-64.114078696595129,-18.494120975246297],[-64.114078813443996,-18.494139048158448],[-64.114097755722568,-18.494138936671401],[-64.114097872573566,-18.494157009583429],[-64.114116814853986,-18.494156898094378],[-64.114116931707088,-18.494174971006238],[-64.114135873989369,-18.494174859515173],[-64.114135990844616,-18.494192932426888],[-64.114154933128745,-18.494192820933815],[-64.114173875412732,-18.494192709438838],[-64.114173992272086,-18.494210782350283],[-64.114192934557934,-18.494210670853299],[-64.114193051419392,-18.494228743764573],[-64.114211993707059,-18.494228632265582],[-64.114212110570648,-18.494246705176728],[-64.114231052860205,-18.494246593675722],[-64.114231169725898,-18.494264666586709],[-64.114250112017302,-18.494264555083692],[-64.11425022888514,-18.494282627994536],[-64.114269171178378,-18.494282516489505],[-64.11426928804832,-18.494300589400179],[-64.114288230343405,-18.494300477893137],[-64.114288347215464,-18.494318550803673],[-64.114307289512425,-18.494318439294624],[-64.114307406386615,-18.494336512205006],[-64.114326348685424,-18.494336400693943],[-64.114326465561717,-18.494354473604179],[-64.114345407862388,-18.494354362091105],[-64.114345875376898,-18.494426653731193],[-64.11436481768537,-18.494426542215759],[-64.114364934566311,-18.494444615125584],[-64.114383876876602,-18.494444503608136],[-64.114383993759674,-18.494462576517783],[-64.114402936071841,-18.494462464998325],[-64.114459763007503,-18.494462130428584],[-64.114460230572917,-18.494534422065055],[-64.114479172892487,-18.494534310537553],[-64.114479289786175,-18.494552383446443],[-64.114498232107593,-18.494552271916927],[-64.114498349003384,-18.494570344825693],[-64.114517291326649,-18.494570233294169],[-64.114517408224572,-18.494588306202775],[-64.114536350549699,-18.494588194669237],[-64.114536467449724,-18.494606267577694],[-64.114555409776685,-18.494606156042146],[-64.114555526678842,-18.494624228950428],[-64.114574469007664,-18.494624117412869],[-64.114574585911939,-18.49464219032102],[-64.114593528242608,-18.494642078781443],[-64.114612470573164,-18.494641967239978],[-64.114612587481531,-18.49466004014787],[-64.114631529813934,-18.494659928604392],[-64.114631646724447,-18.494678001512124],[-64.114650589058655,-18.494677889966635],[-64.114650705971286,-18.494695962874218],[-64.114669648307384,-18.494695851326714],[-64.114669765222132,-18.494713924234123],[-64.114688707560063,-18.494713812684612],[-64.114688824476943,-18.494731885591893],[-64.114707766816736,-18.494731774040371],[-64.114707883735718,-18.494749846947489],[-64.114726826077344,-18.494749735393956],[-64.114726942998459,-18.494767808300931],[-64.114745885341947,-18.494767696745388],[-64.114746353035684,-18.494839988372437],[-64.114765295386988,-18.494839876814527],[-64.114765412312735,-18.494857949721098],[-64.114746469959456,-18.494858061279121],[-64.114746937655866,-18.494930352905477],[-64.114765880017103,-18.494930241346989],[-64.114765996943532,-18.494948314253371],[-64.114784939306617,-18.494948202692868],[-64.114803881669573,-18.494948091130471],[-64.114803998600109,-18.494966164036565],[-64.114822940964885,-18.494966052472162],[-64.114993422241994,-18.494965048307218],[-64.114993539192525,-18.494983121212137],[-64.115012481557969,-18.494983009628665],[-64.115012598510617,-18.495001082533427],[-64.115031540877908,-18.495000970947942],[-64.115031774787568,-18.495037116757121],[-64.115050717158709,-18.495037005169507],[-64.115050834115735,-18.495055078073928],[-64.11506977648871,-18.495054966484307],[-64.115069893447853,-18.495073039388583],[-64.115088835822675,-18.495072927796947],[-64.115126720571922,-18.495072704607992],[-64.115126837537161,-18.495090777511873],[-64.115145779913576,-18.495090665914439],[-64.115183664665977,-18.495090442713881],[-64.115183781637299,-18.495108515617392],[-64.11520272401529,-18.49510840401415],[-64.115202840988744,-18.495126476917484],[-64.115221783368582,-18.495126365312235],[-64.115221900344153,-18.495144438215437],[-64.115240842725854,-18.495144326608177],[-64.115278727488814,-18.495144103387968],[-64.115278844470481,-18.495162176290783],[-64.115335671619889,-18.495161841445913],[-64.115335554632253,-18.49514376854345],[-64.115506036055365,-18.495142763907577],[-64.115505919049994,-18.495124691006122],[-64.115524861427673,-18.495124579370557],[-64.115524978435005,-18.495142652271891],[-64.115543920814545,-18.495142540634312],[-64.115562863193958,-18.495142428994843],[-64.115562980205397,-18.495160501895899],[-64.115581922586657,-18.495160390254416],[-64.115619807348736,-18.495160166965768],[-64.115620041383949,-18.495196312767085],[-64.115638983768775,-18.495196201119686],[-64.115639100788584,-18.495214274020157],[-64.115658043175259,-18.49521416237074],[-64.115658160197171,-18.495232235271086],[-64.115677102585693,-18.495232123619662],[-64.115677219609722,-18.495250196519841],[-64.115715104390333,-18.495249973211074],[-64.11571498736231,-18.495231900311126],[-64.115866526463435,-18.495231007001202],[-64.115866643507331,-18.495249079900216],[-64.115885585896365,-18.495248968227834],[-64.115904528285256,-18.495248856553552],[-64.115904645333259,-18.495266929452306],[-64.115961472505049,-18.49526659441775],[-64.115961238397261,-18.495230448620916],[-64.116093835098951,-18.495229666808935],[-64.116093952166679,-18.495247739706549],[-64.116112894554078,-18.495247628011427],[-64.116131836941321,-18.495247516314411],[-64.11613195401317,-18.495265589211765],[-64.116150896402289,-18.495265477512735],[-64.116169838791265,-18.495265365811811],[-64.116170307095857,-18.495337657399901],[-64.116189249492663,-18.495337545696614],[-64.116208191889285,-18.495337433991434],[-64.11620830896976,-18.495355506888139],[-64.116227251368258,-18.495355395180944],[-64.116227368450836,-18.495373468077478],[-64.116246310851196,-18.495373356368273],[-64.116246662105695,-18.495427575057374],[-64.116265604511881,-18.495427463345926],[-64.116265838686189,-18.495463609138223],[-64.116284781096212,-18.495463497424645],[-64.116341608325442,-18.495463162272546],[-64.116341725420753,-18.495481235168192],[-64.116360667832211,-18.495481123446918],[-64.11658797675922,-18.495479782643844],[-64.116588093880466,-18.495497855537927],[-64.11660703629218,-18.495497743791905],[-64.116720690759507,-18.495497073275974],[-64.116720807894794,-18.495515146169215],[-64.116796577544918,-18.495514699120232],[-64.116796460401687,-18.49549662622746],[-64.116815402811881,-18.495496514460598],[-64.1168155199571,-18.495514587353249],[-64.116853404781082,-18.495514363813601],[-64.116853287631884,-18.495496290921182],[-64.116910114860886,-18.495495955597846],[-64.116910232016039,-18.495514028489914],[-64.116929174427426,-18.495513916711563],[-64.116929291584697,-18.495531989603457],[-64.116948233997931,-18.495531877823094],[-64.116948351157333,-18.495549950714857],[-64.116967293572415,-18.49554983893248],[-64.117080948060078,-18.495549168198441],[-64.117081065233506,-18.495567241089343],[-64.11710000764964,-18.495567129293587],[-64.117100124825186,-18.495585202184344],[-64.117119067243166,-18.49558509038658],[-64.117138009661005,-18.495584978586916],[-64.117138126840672,-18.495603051477399],[-64.117157069260372,-18.495602939675724],[-64.117156952078716,-18.495584866785361],[-64.117232721748195,-18.495584419560185],[-64.117232838937781,-18.495602492450079],[-64.117251781356785,-18.495602380638928],[-64.117251898548488,-18.495620453528655],[-64.117270840969354,-18.495620341715497],[-64.117270958163189,-18.495638414605097],[-64.117289900585916,-18.495638302789928],[-64.117290017781855,-18.495656375679363],[-64.117346845055152,-18.49565604022213],[-64.117346727853246,-18.495637967333042],[-64.117365670275433,-18.495637855510289],[-64.117365787479329,-18.495655928399259],[-64.117498384444701,-18.495655145586131],[-64.117498267226907,-18.495637072697981],[-64.117517209647986,-18.495636960860068],[-64.117516975208829,-18.4956008150839],[-64.118085247659778,-18.495597459072535],[-64.118085364938864,-18.495615531957114],[-64.118104307353775,-18.495615420060581],[-64.118104541916324,-18.495651565829441],[-64.118085599497434,-18.495651677726208],[-64.118085834056558,-18.49568782349515],[-64.118104776479427,-18.495687711598148],[-64.118104893761171,-18.495705784482453],[-64.118123836185873,-18.495705672583444],[-64.118123953469734,-18.495723745467593],[-64.118142895896312,-18.495723633566573],[-64.118143013182305,-18.495741706450577],[-64.118161955610731,-18.495741594547543],[-64.118180898039014,-18.495741482642611],[-64.1181810153291,-18.495759555526341],[-64.118199957759245,-18.495759443619399],[-64.118200075051462,-18.495777516502962],[-64.118219017483426,-18.495777404594008],[-64.118219134777775,-18.495795477477436],[-64.118238077211615,-18.495795365566469],[-64.118238194508066,-18.495813438449744],[-64.118257136943768,-18.495813326536766],[-64.118257254242337,-18.495831399419892],[-64.118276196679886,-18.495831287504902],[-64.118276313980587,-18.495849360387854],[-64.118295256419955,-18.495849248470851],[-64.118295373722773,-18.495867321353668],[-64.118314316164017,-18.495867209434653],[-64.118314433468967,-18.495885282317325],[-64.118333375912059,-18.495885170396299],[-64.118333493219126,-18.495903243278814],[-64.118352435664079,-18.495903131355774],[-64.118352552973263,-18.49592120423814],[-64.11837149542005,-18.49592109231309],[-64.118371612731352,-18.495939165195281],[-64.118390555179985,-18.495939053268216],[-64.118447382525105,-18.495938717475664],[-64.118447499844493,-18.495956790357376],[-64.11846644229459,-18.495956678422619],[-64.118561154542959,-18.4959561187204],[-64.118561271874398,-18.49597419160137],[-64.118580214325675,-18.495974079655124],[-64.118580331659217,-18.495992152535948],[-64.118599274112341,-18.495992040587691],[-64.118618216565324,-18.495991928637537],[-64.118618451240792,-18.496028074398573],[-64.118599508783845,-18.496028186348958],[-64.118599626119803,-18.496046259229558],[-64.118618568578725,-18.496046147279056],[-64.118618803255018,-18.496082293039908],[-64.118637745717791,-18.496082181087274],[-64.118637980398574,-18.496118326847732],[-64.118656922865171,-18.49611821489297],[-64.118675865331653,-18.496118102936318],[-64.118676334710742,-18.496190394455887],[-64.11869527718504,-18.496190282496865],[-64.118695629226721,-18.496244501135845],[-64.118714571706832,-18.496244389174578],[-64.118714806405961,-18.496280534933462],[-64.118733748889881,-18.496280422970063],[-64.118752691373686,-18.496280311004774],[-64.118752808727422,-18.496298383883946],[-64.118771751213075,-18.496298271916647],[-64.118771868568928,-18.496316344795652],[-64.118790811056442,-18.496316232826338],[-64.118791163130766,-18.496370451462809],[-64.118810105624121,-18.496370339491246],[-64.118810575066391,-18.496442631005564],[-64.118791632565106,-18.496442742977592],[-64.118791749924043,-18.49646081585621],[-64.118810692427289,-18.496460703884065],[-64.118811161872287,-18.49653299539769],[-64.118830104383335,-18.496532883423178],[-64.118830808566798,-18.496641320691857],[-64.118849751089655,-18.496641208714752],[-64.11884986845601,-18.496659281592631],[-64.118868810980715,-18.496659169613512],[-64.118868928349215,-18.496677242491216],[-64.118887870875767,-18.49667713051009],[-64.118887988246371,-18.496695203387652],[-64.118906930774784,-18.496695091404511],[-64.118907165520383,-18.496731237159327],[-64.118926108052591,-18.496731125174055],[-64.118927164432392,-18.496893781067829],[-64.118946106982349,-18.496893669079608],[-64.118946224360542,-18.49691174195641],[-64.118965166912389,-18.496911629966181],[-64.118965284292713,-18.496929702842802],[-64.118984226846379,-18.496929590850559],[-64.118984696376941,-18.497001882356322],[-64.119003638938409,-18.497001770361713],[-64.11900375632338,-18.497019843237929],[-64.119022698886724,-18.497019731241309],[-64.119022816273812,-18.497037804117397],[-64.119041758838989,-18.497037692118766],[-64.119041876228195,-18.497055764994691],[-64.119060818795248,-18.497055652994046],[-64.119060936186571,-18.497073725869829],[-64.119079878755471,-18.497073613867173],[-64.119080113542495,-18.497109759618368],[-64.119099056115203,-18.497109647613584],[-64.119099173510918,-18.497127720489026],[-64.119118116085502,-18.497127608482227],[-64.119118350881294,-18.497163754232762],[-64.119137293459701,-18.497163642223835],[-64.119138115263127,-18.497290152348754],[-64.119157057855332,-18.497290040337106],[-64.119157175258337,-18.49730811321184],[-64.119176117852348,-18.497308001198185],[-64.119176235257498,-18.49732607407277],[-64.119195177853385,-18.497325962057104],[-64.119195295260639,-18.497344034931515],[-64.119214237858387,-18.497343922913835],[-64.119214355267772,-18.497361995788122],[-64.119233297867353,-18.497361883768427],[-64.119233415278856,-18.497379956642547],[-64.119252357880299,-18.497379844620845],[-64.119271300481572,-18.497379732597246],[-64.119271535312933,-18.497415878344928],[-64.119290477918085,-18.497415766319197],[-64.119290712753951,-18.497451912066488],[-64.119271770144834,-18.49745202409245],[-64.119271887560998,-18.497470096966158],[-64.119290830172091,-18.497469984940079],[-64.119291065008767,-18.497506130687157],[-64.11931000762371,-18.49750601865895],[-64.119310125044251,-18.49752409153233],[-64.119329067661027,-18.497523979502109],[-64.119329185083686,-18.497542052375326],[-64.119348127702295,-18.497541940343094],[-64.119386012939174,-18.497541716272945],[-64.119386130367914,-18.497559789145786],[-64.119405072988144,-18.497559677107752],[-64.119480843467642,-18.497559228936659],[-64.119480960906458,-18.497577301808871],[-64.119499903527995,-18.497577189761241],[-64.119500020968914,-18.497595262633286],[-64.119518963592284,-18.497595150583646],[-64.119519081035349,-18.497613223455563],[-64.119538023660567,-18.497613111403911],[-64.119538141105735,-18.497631184275662],[-64.119557083732815,-18.497631072221996],[-64.119557201180115,-18.497649145093611],[-64.11953825855106,-18.497649257147394],[-64.119538610887801,-18.497703475762332],[-64.119557553522824,-18.497703363708197],[-64.119557670970664,-18.49772143657966],[-64.119576613607535,-18.497721324523514],[-64.119576731057492,-18.497739397394831],[-64.119595673696239,-18.497739285336674],[-64.119595791148313,-18.497757358207814],[-64.119614733788865,-18.497757246147643],[-64.119615086151882,-18.49781146476057],[-64.119596143505362,-18.497811576821089],[-64.119596260957991,-18.49782964969209],[-64.1196152036065,-18.49782953763145],[-64.119615321061247,-18.497847610502316],[-64.119634263711617,-18.497847498439665],[-64.119634381168481,-18.497865571310381],[-64.119653323820714,-18.49786545924572],[-64.119653558738818,-18.497901604986808],[-64.119634616082621,-18.497901717051707],[-64.119634733539897,-18.497919789922296],[-64.119615790881582,-18.497919901985416],[-64.119616378160046,-18.498010266338504],[-64.11959743549167,-18.498010378400313],[-64.11959767040004,-18.498046524141543],[-64.119578727727557,-18.498046636201693],[-64.119578962632488,-18.498082781943001],[-64.119560019955884,-18.498082894001492],[-64.119560137406566,-18.498100966872215],[-64.119541194727844,-18.498101078928926],[-64.119542016872501,-18.498227589023834],[-64.119560959565121,-18.498227476966303],[-64.119561077016883,-18.498245549836728],[-64.119580019711378,-18.498245437777182],[-64.119580254619279,-18.498281583517738],[-64.119599197317584,-18.498281471456064],[-64.119599314773737,-18.498299544326159],[-64.119618257473888,-18.498299432262474],[-64.119618374932159,-18.498317505132434],[-64.119637317634172,-18.498317393066738],[-64.119656260336043,-18.498317280999142],[-64.119656377798421,-18.498335353868807],[-64.119675320502154,-18.498335241799204],[-64.119675437966649,-18.498353314668734],[-64.119694380672229,-18.498353202597119],[-64.119694498138841,-18.498371275466493],[-64.119713440846255,-18.498371163392864],[-64.119713675783871,-18.498407309131277],[-64.119732618495149,-18.498407197055517],[-64.119732853437256,-18.498443342793539],[-64.119713910722012,-18.498443454869538],[-64.119714028191297,-18.498461527738616],[-64.11973297090853,-18.498461415662504],[-64.119733088379931,-18.498479488531441],[-64.119752031099011,-18.498479376453318],[-64.119752266046191,-18.498515522190829],[-64.119771208769109,-18.498515410110574],[-64.119771443720808,-18.498551555847726],[-64.119790386447534,-18.498551443765344],[-64.11980932917416,-18.498551331681064],[-64.119809446654187,-18.498569404549354],[-64.119828389382647,-18.498569292463063],[-64.119828506864792,-18.498587365331176],[-64.119847449595113,-18.498587253242871],[-64.11984756707939,-18.498605326110859],[-64.119866509811558,-18.498605214020547],[-64.119866627297952,-18.498623286888368],[-64.11988557003194,-18.498623174796041],[-64.119904512765842,-18.498623062701817],[-64.119904630256329,-18.498641135569386],[-64.119923572992064,-18.498641023473152],[-64.119923690484683,-18.498659096340539],[-64.119942633222266,-18.49865898424229],[-64.119942985706899,-18.498713202843952],[-64.119961928450309,-18.498713090743458],[-64.119962045947446,-18.498731163610493],[-64.119980988692689,-18.498731051507988],[-64.119981106191943,-18.498749124374847],[-64.120000048939062,-18.498749012270327],[-64.120000166440434,-18.498767085137064],[-64.1200191091894,-18.498766973030531],[-64.120019226692889,-18.498785045897101],[-64.120038169443717,-18.498784933788556],[-64.120038286949324,-18.498803006654985],[-64.12005722970197,-18.498802894544433],[-64.120057347209723,-18.498820967410694],[-64.120076289964231,-18.498820855298128],[-64.120114175472864,-18.498820631067307],[-64.120114292986699,-18.498838703933167],[-64.120133235742799,-18.498838591814796],[-64.120152178498742,-18.49883847969453],[-64.120152296016684,-18.498856552560152],[-64.120171238774489,-18.498856440437876],[-64.12019018153218,-18.4988563283137],[-64.120190416576406,-18.498892474044357],[-64.120209359337935,-18.498892361918053],[-64.120209476862229,-18.498910434783191],[-64.120228419625576,-18.498910322654872],[-64.120228537152016,-18.498928395519879],[-64.120247479917225,-18.498928283389549],[-64.120247597445768,-18.498946356254404],[-64.12022865467857,-18.498946468384844],[-64.12022877220528,-18.498964541249787],[-64.120247714974468,-18.498964429119223],[-64.120342428818361,-18.498963868437979],[-64.120342546357122,-18.498981941302169],[-64.120361489127475,-18.498981829160115],[-64.120361606668354,-18.498999902024142],[-64.120380549440569,-18.498999789880077],[-64.120380666983564,-18.499017862743969],[-64.120399609757627,-18.499017750597893],[-64.120399727302754,-18.499035823461625],[-64.120418670078635,-18.499035711313539],[-64.120437612854431,-18.499035599163552],[-64.120437730403665,-18.499053672027028],[-64.12045667318128,-18.49905355987503],[-64.120456790732632,-18.499071632738325],[-64.120475733512123,-18.499071520584316],[-64.120475851065592,-18.499089593447476],[-64.120494793846902,-18.499089481291456],[-64.120532679409166,-18.499089256973726],[-64.120532796968732,-18.499107329836505],[-64.120551739751633,-18.49910721767468],[-64.120552092437109,-18.499161436262426],[-64.120571035225851,-18.499161324098353],[-64.120571740612377,-18.499269761272217],[-64.120590683412871,-18.49926964910555],[-64.120647511813601,-18.499269312594166],[-64.120647746959435,-18.499305458317572],[-64.120666689763368,-18.499305346143085],[-64.120666807338452,-18.4993234190046],[-64.120685750144261,-18.499323306828099],[-64.120685867721477,-18.499341379689483],[-64.120704810529119,-18.499341267510971],[-64.120723753336648,-18.499341155330566],[-64.120723870917971,-18.499359228191672],[-64.120742813727333,-18.499359116009252],[-64.120742931310787,-18.499377188870216],[-64.120761874121982,-18.499377076685786],[-64.120894473796682,-18.499376291341697],[-64.120894591396151,-18.499394364201677],[-64.120913534208285,-18.499394252001967],[-64.120914122217627,-18.499484616300737],[-64.120933065039523,-18.499484504098547],[-64.120989893504444,-18.499484167480595],[-64.120990128725026,-18.499520313198936],[-64.121009071550375,-18.499520200988922],[-64.121009189162848,-18.499538273847925],[-64.12102813199003,-18.499538161635904],[-64.121028367219381,-18.499574307353541],[-64.1210473100504,-18.499574195139388],[-64.12108519571207,-18.499573970705402],[-64.121085430953869,-18.499610116422215],[-64.121104373788455,-18.499610004202143],[-64.121104491411529,-18.499628077060386],[-64.121123434247977,-18.499627964838304],[-64.121161319920489,-18.499627740388448],[-64.121161437549659,-18.499645813246275],[-64.121180380387685,-18.499645701018387],[-64.121180498019001,-18.499663773876076],[-64.121199440858859,-18.499663661646178],[-64.121199558492293,-18.499681734503724],[-64.121218501334013,-18.499681622271812],[-64.121218854241079,-18.499735840843865],[-64.121237797088625,-18.499735728609704],[-64.121237914726564,-18.499753801466873],[-64.121256857575986,-18.499753689230701],[-64.121275800425238,-18.499753576992635],[-64.121275918067283,-18.499771649849528],[-64.121294860918411,-18.499771537609448],[-64.121313803769397,-18.499771425367474],[-64.121314039061858,-18.499807571080694],[-64.121332981916666,-18.499807458836589],[-64.121333217213646,-18.499843604549415],[-64.121314274354845,-18.499843716793755],[-64.121314509648386,-18.499879862506699],[-64.121333452511166,-18.499879750262121],[-64.121333570160118,-18.499897823118403],[-64.121352513024732,-18.49989771087181],[-64.121352630675815,-18.499915783727957],[-64.121371573542277,-18.499915671479354],[-64.1214473450068,-18.499915222466001],[-64.121447462667945,-18.499933295321529],[-64.121466405535713,-18.499933183063334],[-64.121466523198976,-18.499951255918713],[-64.121485466068606,-18.499951143658507],[-64.121504408938108,-18.499951031396403],[-64.121504526605491,-18.499969104251502],[-64.121523469476841,-18.499968991987387],[-64.12154241234802,-18.499968879721376],[-64.121542647691143,-18.500005025430987],[-64.121561590566188,-18.500004913162851],[-64.121561825913815,-18.500041058872103],[-64.121694426063129,-18.50004027294041],[-64.121694308375353,-18.500022200086615],[-64.121713251251279,-18.500022087803195],[-64.121713015872132,-18.499985942095748],[-64.121731958743979,-18.499985829810672],[-64.121731841052622,-18.499967756957034],[-64.121826555399849,-18.499967195503785],[-64.12182690850409,-18.500021414062878],[-64.121845851379106,-18.500021301766186],[-64.121846204490552,-18.500075520324607],[-64.121865147371366,-18.500075408025669],[-64.121865382783653,-18.500111553730886],[-64.121884325668319,-18.500111441429819],[-64.121884796502457,-18.500183732839343],[-64.121903739394895,-18.50018362053591],[-64.121904092527885,-18.500237839092321],[-64.121923035426178,-18.500237726786644],[-64.121923270852818,-18.500273872490521],[-64.121942213754949,-18.500273760182715],[-64.121942331470464,-18.500291833034488],[-64.121961274374456,-18.500291720724668],[-64.121961392092075,-18.50030979357626],[-64.1219803349979,-18.500309681264429],[-64.121980688157564,-18.500363899818719],[-64.121999631069215,-18.500363787504636],[-64.121999748791367,-18.500381860355873],[-64.122018691704881,-18.500381748039779],[-64.122018927153547,-18.500417893741904],[-64.122037870070898,-18.500417781423678],[-64.122038105524098,-18.500453927125445],[-64.122057048445271,-18.500453814805088],[-64.122075991366302,-18.500453702482837],[-64.12207610909708,-18.500471775333413],[-64.122095052019972,-18.500471663009147],[-64.122113994942751,-18.500471550682988],[-64.122114112677622,-18.500489623533309],[-64.122133055602234,-18.500489511205139],[-64.122133173339236,-18.500507584055313],[-64.122152116265681,-18.500507471725133],[-64.122152234004815,-18.500525544575147],[-64.122171176933122,-18.500525432242949],[-64.122171294674374,-18.500543505092821],[-64.122190237604528,-18.500543392758612],[-64.122190355347911,-18.500561465608303],[-64.122209298279927,-18.500561353272083],[-64.122209416025413,-18.500579426121647],[-64.122228358959276,-18.500579313783412],[-64.122228594454654,-18.500615459482194],[-64.12224753739234,-18.500615347141828],[-64.122247655142218,-18.500633419991026],[-64.122266598081765,-18.500633307648648],[-64.122266951338162,-18.50068752619574],[-64.122285894283536,-18.500687413851114],[-64.122286012037932,-18.500705486699967],[-64.122304954985168,-18.500705374353327],[-64.122305190498309,-18.50074152005066],[-64.122324133449368,-18.500741407701891],[-64.122324486726086,-18.500795626247289],[-64.122343429682971,-18.500795513896271],[-64.122345902695898,-18.501175043702688],[-64.12232695969729,-18.501175156056174],[-64.122327195221487,-18.501211301751454],[-64.122308252218787,-18.501211414103278],[-64.122308723260844,-18.501283705493872],[-64.122289780250043,-18.501283817844271],[-64.122290486805298,-18.501392254929797],[-64.122271543782432,-18.501392367279006],[-64.122271779297961,-18.501428512974151],[-64.122290722324777,-18.501428400624707],[-64.122290957844825,-18.501464546319461],[-64.122309900875493,-18.501464433967886],[-64.122310018637705,-18.501482506815094],[-64.122328961670206,-18.501482394461508],[-64.12232907943455,-18.501500467308574],[-64.122348022468913,-18.501500354952977],[-64.12234814023536,-18.50151842779988],[-64.122367083271598,-18.501518315442269],[-64.122367318808884,-18.501554461135726],[-64.122386261848931,-18.501554348775986],[-64.12238649739075,-18.501590494469088],[-64.122405440434648,-18.501590382107214],[-64.122424383478375,-18.501590269743446],[-64.122424501253462,-18.501608342589712],[-64.122443444299066,-18.501608230223933],[-64.122500273435094,-18.501607893115214],[-64.122500391218253,-18.501625965960969],[-64.122519334265277,-18.501625853587488],[-64.122519452050568,-18.501643926433069],[-64.122538395099482,-18.501643814057577],[-64.122538630674427,-18.501679959748444],[-64.122557573727164,-18.50167984737082],[-64.122558162676867,-18.501770211596778],[-64.12257710573941,-18.501770099216671],[-64.122577576909563,-18.501842390596313],[-64.122596519979879,-18.501842278213839],[-64.122596755569745,-18.501878423903214],[-64.12257781249545,-18.501878536285922],[-64.122577930288585,-18.501896609130672],[-64.12259687336487,-18.501896496747847],[-64.122596991160151,-18.501914569592461],[-64.122578048081863,-18.5019146819754],[-64.122578519256365,-18.501986973353929],[-64.122597462342583,-18.501986860970515],[-64.122598051323678,-18.502077225192291],[-64.122579108227526,-18.502077337576296],[-64.122579579406903,-18.502149628953553],[-64.122560636302637,-18.50214974133613],[-64.122560754095844,-18.502167814180474],[-64.122579697202085,-18.502167701797781],[-64.122580168384175,-18.502239993174339],[-64.122561225269976,-18.502240105557497],[-64.122561696446297,-18.502312396933949],[-64.122580639568426,-18.502312284550321],[-64.122580757364844,-18.502330357394236],[-64.12259970048882,-18.502330245008594],[-64.122618643612668,-18.502330132621051],[-64.122618761413193,-18.502348205464692],[-64.122637704538889,-18.502348093075138],[-64.122637822341531,-18.502366165918634],[-64.122656765469088,-18.502366053527066],[-64.122656883273848,-18.502384126370387],[-64.122675826403253,-18.502384013976805],[-64.12267594421013,-18.502402086819995],[-64.122694887341382,-18.502401974424401],[-64.122695005150391,-18.502420047267432],[-64.12271394828349,-18.502419934869824],[-64.122714419528819,-18.502492226241113],[-64.122733362669749,-18.502492113841143],[-64.122733716111114,-18.502546332368883],[-64.12275265925787,-18.502546219966664],[-64.122753012706426,-18.502600438493758],[-64.12277195585898,-18.50260032608929],[-64.122772191495997,-18.502636471773585],[-64.122791134652417,-18.502636359366981],[-64.122791370293953,-18.502672505050921],[-64.12281031345421,-18.502672392642193],[-64.122810549100251,-18.502708538325741],[-64.122829492264358,-18.502708425914879],[-64.122829610089568,-18.502726498756488],[-64.122848553255508,-18.502726386343614],[-64.122848788910318,-18.502762532026509],[-64.122867732080081,-18.502762419611503],[-64.122867849909682,-18.502780492452768],[-64.122886793081307,-18.502780380035752],[-64.122887028744898,-18.50281652571794],[-64.122905971920346,-18.502816413298792],[-64.122906207588457,-18.502852558980617],[-64.122925150767756,-18.502852446559338],[-64.122925268603993,-18.502870519400059],[-64.122944211785153,-18.502870406976768],[-64.122944565300656,-18.502924625498423],[-64.122963508487601,-18.502924513072887],[-64.122964097692744,-18.503014877274357],[-64.122983040889522,-18.503014764846334],[-64.122983394420203,-18.503068983366425],[-64.123002337622793,-18.503068870936154],[-64.12300269116065,-18.503123089455578],[-64.123021634369081,-18.503122977023057],[-64.123022459309425,-18.503249486899684],[-64.123041402531598,-18.503249374464446],[-64.123041756085442,-18.503303592982107],[-64.12306069931347,-18.50330348054462],[-64.123060935020689,-18.503339626222665],[-64.123079878252554,-18.503339513783047],[-64.12308093895966,-18.503502169331409],[-64.123061995709918,-18.503502281772086],[-64.123062113564956,-18.503520354610743],[-64.123043170313096,-18.50352046704964],[-64.123043288166272,-18.503538539888353],[-64.123024344912309,-18.503538652325471],[-64.123024462763652,-18.503556725164291],[-64.123043406019605,-18.503556612727056],[-64.123044230996655,-18.503683122596946],[-64.123063174266406,-18.503683010156994],[-64.123063999264033,-18.503809520024316],[-64.123082942547555,-18.503809407581638],[-64.123083178266342,-18.503845553257477],[-64.123102121553714,-18.503845440812672],[-64.123102593000894,-18.503917732163433],[-64.123121536296054,-18.503917619716262],[-64.123122007753366,-18.50398991106599],[-64.123103064450234,-18.503990023513634],[-64.123103300175742,-18.504026169188531],[-64.123122243482825,-18.504026056740653],[-64.12312283280886,-18.504116420926657],[-64.123141776125749,-18.504116308476299],[-64.123142247596974,-18.504188599824026],[-64.123123304272156,-18.504188712274857],[-64.123123540004599,-18.504224857948731],[-64.12310459667566,-18.504224970397903],[-64.123104950269393,-18.504279188908804],[-64.123086006934358,-18.50427930135643],[-64.123086124797211,-18.504297374193445],[-64.123067181460044,-18.504297486639292],[-64.12306729932105,-18.504315559476403],[-64.123029412642367,-18.504315784362646],[-64.123029530499537,-18.504333857199942],[-64.122991643816306,-18.504334082078842],[-64.122991761669638,-18.504352154916347],[-64.122953874981903,-18.504352379787896],[-64.122953992831398,-18.504370452625579],[-64.122935049485335,-18.504370565058625],[-64.122935167332997,-18.504388637896419],[-64.122783620543686,-18.504389537293495],[-64.122783738375588,-18.504407610132176],[-64.122764795024338,-18.5044077225484],[-64.122764912854379,-18.504425795387178],[-64.122745969500997,-18.504425907801622],[-64.122746087329176,-18.504443980640474],[-64.122651370550301,-18.504444542684841],[-64.122651488368675,-18.504462615524226],[-64.122594658293778,-18.504462952728449],[-64.12259477610634,-18.504481025568175],[-64.122575832745767,-18.504481137965911],[-64.122575950556467,-18.504499210805715],[-64.122557007193777,-18.504499323201671],[-64.122557125002643,-18.504517396041564],[-64.122538181637836,-18.50451750843574],[-64.122538299444841,-18.504535581275693],[-64.122500412710835,-18.504535806058591],[-64.122500530514017,-18.504553878898761],[-64.122443700406023,-18.504554216059248],[-64.122443818203365,-18.504572288899741],[-64.122424874831793,-18.504572401282893],[-64.122424992627288,-18.504590474123468],[-64.122387105879724,-18.504590698884329],[-64.122387577047149,-18.504662990247176],[-64.122368633665218,-18.50466310262523],[-64.12236875145544,-18.504681175465983],[-64.122349808071377,-18.504681287842256],[-64.122350043648225,-18.504717433523854],[-64.122293213483346,-18.504717770642014],[-64.122293331266022,-18.504735843483132],[-64.122236501093951,-18.504736180584583],[-64.122236383317244,-18.504718107743109],[-64.122160609760527,-18.504718557184699],[-64.122141666371007,-18.50471866954036],[-64.122141430837885,-18.504682523856175],[-64.122122487452188,-18.504682636209701],[-64.122122369687816,-18.50466456336742],[-64.12210342630398,-18.504664675718935],[-64.122103308541725,-18.504646602876512],[-64.122046478395404,-18.504646939919326],[-64.122027535013018,-18.504647052263138],[-64.122027417258849,-18.5046289794202],[-64.121951643735912,-18.504629428776024],[-64.121951761482123,-18.504647501619434],[-64.121932818099069,-18.504647613953765],[-64.121932935843432,-18.504665686797246],[-64.121895049072933,-18.50466591146046],[-64.121895166813474,-18.504683984304148],[-64.121857280038441,-18.504684208960015],[-64.121857162301879,-18.504666136116093],[-64.12153512472608,-18.504668045382786],[-64.121535242428862,-18.504686118228705],[-64.121497355648685,-18.50468634281253],[-64.121497473347617,-18.504704415658622],[-64.121421699777684,-18.504704864803994],[-64.121421935160086,-18.504741010497057],[-64.12140299176329,-18.504741122778896],[-64.121403462521741,-18.504813414165053],[-64.121384519116887,-18.504813526445464],[-64.121384636804848,-18.504831599292029],[-64.121365693397834,-18.504831711570663],[-64.121365811083962,-18.504849784417328],[-64.121290037446641,-18.504850233513373],[-64.121290155124953,-18.504868306360457],[-64.121271211713292,-18.504868418629844],[-64.121271329389742,-18.504886491476995],[-64.121252385975964,-18.504886603744605],[-64.121252503650567,-18.504904676591863],[-64.121214616818648,-18.50490490112163],[-64.121214734489413,-18.50492297396908],[-64.121176847652947,-18.5049231984915],[-64.121176965319876,-18.504941271339156],[-64.121158021899447,-18.50494138359764],[-64.121158139564514,-18.504959456445352],[-64.121139196141982,-18.504959568702056],[-64.121139313805202,-18.504977641549878],[-64.121120370380552,-18.504977753804802],[-64.12112048804191,-18.504995826652703],[-64.121101544615129,-18.50499593890585],[-64.12110166227464,-18.505014011753833],[-64.121082718845742,-18.505014124005204],[-64.12108283650339,-18.505032196853261],[-64.12106389307236,-18.505032309102855],[-64.121064010728176,-18.50505038195098],[-64.121026123861753,-18.505050606444708],[-64.121026241513732,-18.505068679293053],[-64.120988354642762,-18.505068903779431],[-64.120988236994762,-18.505050830930852],[-64.120950350127245,-18.505051055409414],[-64.120950467771266,-18.505069128258231],[-64.120931524335319,-18.505069240494784],[-64.120931641977492,-18.50508731334368],[-64.120836924785763,-18.505087874498603],[-64.120837042418131,-18.505105947348049],[-64.120799155536517,-18.505106171796982],[-64.120799273165048,-18.505124244646609],[-64.120780329722066,-18.50512435686835],[-64.12078044734875,-18.505142429718077],[-64.120761503903623,-18.505142541938039],[-64.120761621528459,-18.505160614787851],[-64.1207426780812,-18.505160727006032],[-64.120742795704203,-18.50517879985593],[-64.120723852254812,-18.505178912072335],[-64.120723969875954,-18.505196984922314],[-64.12070502642446,-18.505197097136939],[-64.12070514404374,-18.505215169986972],[-64.120686200590143,-18.505215282199821],[-64.120686318207575,-18.505233355049963],[-64.120667374751832,-18.505233467261032],[-64.120667492367403,-18.505251540111249],[-64.120648548909557,-18.505251652320538],[-64.120648666523266,-18.505269725170848],[-64.120629723063274,-18.505269837378361],[-64.120629958287168,-18.505305983079076],[-64.120611014823098,-18.505306095284922],[-64.120611132433254,-18.50532416813536],[-64.120592188967038,-18.505324280339433],[-64.120592306575332,-18.505342353189945],[-64.120573363106999,-18.505342465392239],[-64.12057348071346,-18.50536053824284],[-64.120554537242995,-18.505360650443354],[-64.120554654847595,-18.505378723294015],[-64.120535711375013,-18.505378835492749],[-64.120535828977765,-18.505396908343513],[-64.120516885503079,-18.505397020540471],[-64.12051700310397,-18.50541509339131],[-64.120498059627138,-18.505415205586488],[-64.120498177226182,-18.505433278437419],[-64.120479233747233,-18.50543339063082],[-64.120479351344429,-18.505451463481823],[-64.120460407863362,-18.505451575673444],[-64.120460525458697,-18.505469648524514],[-64.120441581975527,-18.505469760714355],[-64.120441699569014,-18.505487833565535],[-64.120422756083698,-18.505487945753597],[-64.120422873675324,-18.505506018604848],[-64.120403930187877,-18.505506130791133],[-64.120404047777669,-18.505524203642473],[-64.120385104288118,-18.505524315826982],[-64.120385221876049,-18.505542388678379],[-64.120366278384367,-18.505542500861104],[-64.12036639597045,-18.505560573712604],[-64.120347452476651,-18.505560685893553],[-64.120347570060886,-18.505578758745138],[-64.120309683068882,-18.505578983101586],[-64.120309565488625,-18.505560910249763],[-64.120290621994414,-18.505561022425027],[-64.120290504416275,-18.505542949573059],[-64.120271560923911,-18.505543061746305],[-64.120271443347889,-18.505524988894209],[-64.120252499857401,-18.505525101065441],[-64.12025238228351,-18.505507028213163],[-64.120233438794841,-18.505507140382385],[-64.120233321223083,-18.505489067529965],[-64.120214377736261,-18.505489179697172],[-64.12021426016662,-18.505471106844588],[-64.120195316681659,-18.505471219009781],[-64.120195199114136,-18.50545314615707],[-64.120176255631051,-18.505453258320252],[-64.120176138065659,-18.505435185467373],[-64.120081420658039,-18.50543574625426],[-64.120062477176106,-18.505435858405953],[-64.120062359622764,-18.505417785552325],[-64.120024472662465,-18.505418009849784],[-64.120005529182137,-18.505418121995667],[-64.120005294087775,-18.505381976287612],[-64.119986350611271,-18.505382088431364],[-64.11996740713461,-18.505382200573226],[-64.119967289591614,-18.505364127718931],[-64.119948346116814,-18.505364239858775],[-64.11994822857595,-18.505346167004308],[-64.119929285102998,-18.505346279142138],[-64.119929167564251,-18.505328206287519],[-64.119910224093175,-18.505328318423341],[-64.119891280621943,-18.505328430557263],[-64.119891163087303,-18.505310357702367],[-64.119834332678749,-18.505310694092415],[-64.119815389208995,-18.505310806218635],[-64.119815271682427,-18.505292733363245],[-64.119796328214505,-18.505292845487457],[-64.119796210690069,-18.505274772631928],[-64.119777267223981,-18.505274884754126],[-64.119777149701662,-18.505256811898423],[-64.119758206237435,-18.505256924018603],[-64.119758088717248,-18.505238851162762],[-64.119739145254897,-18.505238963280931],[-64.119738910218885,-18.505202817568907],[-64.119719966760343,-18.505202929684948],[-64.119719849244532,-18.505184856828752],[-64.119700905787838,-18.505184968942782],[-64.119700788274159,-18.505166896086436],[-64.119681844819326,-18.505167008198448],[-64.11966290136435,-18.505167120308567],[-64.119662783854764,-18.505149047451951],[-64.119643840401665,-18.505149159560059],[-64.119643722894224,-18.505131086703294],[-64.119624779442944,-18.505131198809387],[-64.119605835991536,-18.505131310913583],[-64.119605718488188,-18.50511323805657],[-64.119586775038641,-18.505113350158748],[-64.119586657537425,-18.50509527730156],[-64.119567714089754,-18.505095389401731],[-64.119567596590642,-18.505077316544391],[-64.11954865314479,-18.505077428642547],[-64.119548535647809,-18.505059355785058],[-64.119529592203818,-18.5050594678812],[-64.119529474708955,-18.505041395023579],[-64.119510531266812,-18.505041507117706],[-64.11951041377408,-18.505023434259911],[-64.119472526893389,-18.505023658442251],[-64.119453583452824,-18.505023770530578],[-64.119453465966174,-18.505005697672392],[-64.119377692210549,-18.505006146006266],[-64.11935874877129,-18.505006258084997],[-64.119358631294716,-18.504988185226193],[-64.11933968785732,-18.504988297302909],[-64.119339570382877,-18.504970224443948],[-64.119301683511679,-18.504970448591457],[-64.11928274007586,-18.504970560662372],[-64.1192826226075,-18.504952487803049],[-64.119244735739429,-18.504952711938952],[-64.119225792305187,-18.504952824004057],[-64.119225674842937,-18.504934751144322],[-64.119206731410571,-18.504934863207417],[-64.119206613950439,-18.504916790347536],[-64.119017179639044,-18.504917910873029],[-64.119017297079296,-18.504935983734086],[-64.118979410211423,-18.504936207816669],[-64.118979527647838,-18.504954280677925],[-64.118903753902501,-18.50495472882081],[-64.11890363647403,-18.504936655959085],[-64.118884693039348,-18.50493676798995],[-64.118884575613009,-18.50491869512808],[-64.118865632180189,-18.504918807156926],[-64.118846688747212,-18.504918919183883],[-64.11884657132498,-18.504900846321735],[-64.11882762789385,-18.504900958346681],[-64.11882751047375,-18.504882885484403],[-64.118808567044468,-18.504882997507334],[-64.118808684462607,-18.504901070369723],[-64.118410872375108,-18.504903422415769],[-64.118410754998706,-18.504885349550921],[-64.118391811566468,-18.50488546153214],[-64.118391694192184,-18.504867388667119],[-64.118259090176636,-18.504868172481768],[-64.118240146745308,-18.504868284447703],[-64.118240029387053,-18.504850211581701],[-64.118088481947424,-18.504851107240015],[-64.118069538516849,-18.504851219188772],[-64.118069421176628,-18.504833146321694],[-64.118031534319059,-18.504833370213287],[-64.118012590890075,-18.504833482156243],[-64.118012473555936,-18.504815409288767],[-64.117993530128814,-18.504815521229705],[-64.11797458670155,-18.50481563316875],[-64.117974469371518,-18.504797560301032],[-64.117955525946115,-18.504797672238059],[-64.117955408618215,-18.504779599370163],[-64.117936465194646,-18.504779711305183],[-64.117936347868863,-18.504761638437142],[-64.117917404447141,-18.50476175037015],[-64.11791728712349,-18.504743677501946],[-64.117898343703658,-18.50474378943294],[-64.117898226382124,-18.504725716564593],[-64.117822452709277,-18.50472616426914],[-64.117803509290724,-18.504726276190539],[-64.11780339197928,-18.504708203321588],[-64.117746561728765,-18.504708539074056],[-64.11772761831169,-18.504708650987752],[-64.117727501008304,-18.504690578118272],[-64.117708557593048,-18.504690690029957],[-64.117708440291793,-18.504672617160338],[-64.117689496878398,-18.504672729070009],[-64.117670553464848,-18.504672840977783],[-64.117670436167714,-18.504654768107883],[-64.117613605932263,-18.504655103819481],[-64.117594662520176,-18.504655215719556],[-64.117594545231114,-18.50463714284918],[-64.117556658410521,-18.504637366643408],[-64.117537715000012,-18.504637478537678],[-64.117537597717046,-18.504619405666897],[-64.117518654308398,-18.504619517559156],[-64.117518067905507,-18.504529153204132],[-64.117537011304222,-18.504529041312463],[-64.117536894022066,-18.504510968441473],[-64.117517950625341,-18.504511080333025],[-64.117517833345289,-18.504493007461875],[-64.117498889950411,-18.504493119351419],[-64.11749853811709,-18.504438900737433],[-64.117479594728024,-18.504439012624729],[-64.11747947745252,-18.504420939753214],[-64.117460534065316,-18.504421051638502],[-64.117460064972533,-18.504348760151608],[-64.11744112159316,-18.504348872034527],[-64.117440652510481,-18.504276580546602],[-64.117421709138895,-18.504276692427158],[-64.117421474602338,-18.504240546682745],[-64.117402531234617,-18.504240658561169],[-64.11740241396852,-18.504222585688815],[-64.117383470602661,-18.504222697565229],[-64.117383118811176,-18.50416847894753],[-64.117364175451101,-18.504168590821696],[-64.117363940928101,-18.504132445076184],[-64.117326054215525,-18.504132668818364],[-64.117307110859031,-18.504132780686607],[-64.117306993603677,-18.504114707813429],[-64.117288050249073,-18.504114819679661],[-64.11728793299585,-18.50409674680634],[-64.117268989643051,-18.504096858670561],[-64.117250046290138,-18.504096970532888],[-64.117249929041023,-18.504078897659287],[-64.117230985689943,-18.504079009519597],[-64.117230868442959,-18.504060936645875],[-64.11721192509377,-18.504061048504173],[-64.117211807848904,-18.504042975630281],[-64.117192864501533,-18.504043087486565],[-64.117192747258784,-18.504025014612509],[-64.117173803913275,-18.504025126466782],[-64.117173686672643,-18.504007053592588],[-64.117154743328982,-18.504007165444847],[-64.117154626090482,-18.503989092570485],[-64.117135682748668,-18.503989204420733],[-64.117135448276059,-18.503953058671701],[-64.117116504938096,-18.503953170519825],[-64.117116270469992,-18.503917024770402],[-64.117097327135852,-18.503917136616387],[-64.117097209903989,-18.503899063741507],[-64.11707826657171,-18.503899175585484],[-64.117078149341964,-18.503881102710469],[-64.117059206011547,-18.503881214552433],[-64.117058737101885,-18.503808923051501],[-64.117039793779284,-18.503809034891098],[-64.117039559329228,-18.503772889140176],[-64.117020616010464,-18.503773000977649],[-64.11702049878761,-18.503754928102008],[-64.117001555470694,-18.503755039937467],[-64.117001321029406,-18.503718894185891],[-64.116982377716312,-18.503719006019221],[-64.116981088320742,-18.503520204381644],[-64.116962145029376,-18.503520316211791],[-64.116962027814395,-18.503502243335308],[-64.116943084524905,-18.503502355163445],[-64.116942967312028,-18.503484282286838],[-64.116924024024371,-18.503484394112956],[-64.116905080736572,-18.503484505937184],[-64.116904963527816,-18.503466433060293],[-64.116791303810118,-18.503467103965136],[-64.116791421006951,-18.50348517684273],[-64.116772477718229,-18.503485288653685],[-64.116772594913215,-18.50350336153134],[-64.116715765040198,-18.503503696953185],[-64.116715882229343,-18.503521769831185],[-64.116696938936101,-18.503521881634793],[-64.116697056123385,-18.503539954512863],[-64.116640226236868,-18.50354028991266],[-64.116640109055524,-18.503522217034238],[-64.116621165761728,-18.503522328830265],[-64.116621048582502,-18.503504255951679],[-64.116602105290582,-18.503504367745691],[-64.116601988113487,-18.503486294866978],[-64.116583044823386,-18.503486406658979],[-64.116582927648423,-18.503468333780098],[-64.116393494759947,-18.503469451594658],[-64.116374551470344,-18.503469563365684],[-64.116374434317365,-18.503451490485478],[-64.116336547741767,-18.503451714021615],[-64.116317604453755,-18.50345182578684],[-64.116317487306858,-18.503433752906254],[-64.116298544020708,-18.503433864669468],[-64.116298426875943,-18.503415791788722],[-64.11627948359164,-18.503415903549921],[-64.116279366448993,-18.503397830669048],[-64.116260423166523,-18.503397942428236],[-64.116260306026007,-18.503379869547185],[-64.116241362745427,-18.503379981304359],[-64.116241245607029,-18.503361908423166],[-64.116222302328282,-18.503362020178329],[-64.116203359049393,-18.503362131931596],[-64.116203241915088,-18.503344059050121],[-64.116146412083594,-18.5033443942982],[-64.116127468806155,-18.503344506043767],[-64.116127351679964,-18.503326433161803],[-64.116108408404358,-18.503326544905359],[-64.116089465128638,-18.503326656647019],[-64.11608934800654,-18.503308583764802],[-64.116051461458696,-18.503308807242199],[-64.116032518184539,-18.503308918978057],[-64.116032401068551,-18.503290846095425],[-64.116013457796257,-18.503290957829265],[-64.116013340682372,-18.503272884946494],[-64.115994397411924,-18.503272996678326],[-64.115975454141378,-18.503273108408262],[-64.1159753370316,-18.503255035525214],[-64.115956393762886,-18.503255147253135],[-64.11595627665524,-18.503237074369959],[-64.115937333388374,-18.503237186095866],[-64.115937216282845,-18.503219113212523],[-64.115918273017812,-18.503219224936423],[-64.115918155914414,-18.503201152052917],[-64.115899212651271,-18.503201263774802],[-64.115899095549977,-18.503183190891143],[-64.115880152288668,-18.503183302611014],[-64.115880035189505,-18.503165229727216],[-64.115861091930043,-18.503165341445072],[-64.115860974833012,-18.503147268561136],[-64.115842031575397,-18.503147380276985],[-64.11584191448047,-18.503129307392875],[-64.115822971224716,-18.50312941910671],[-64.11582285413192,-18.503111346222454],[-64.115803910878043,-18.503111457934274],[-64.115803793787364,-18.503093385049855],[-64.115784850535306,-18.503093496759664],[-64.115784733446745,-18.503075423875121],[-64.115765790196548,-18.503075535582919],[-64.115765673110118,-18.503057462698209],[-64.115746729861769,-18.503057574403993],[-64.115746612777457,-18.503039501519119],[-64.115727669530969,-18.503039613222892],[-64.115727552448789,-18.503021540337876],[-64.115708609204148,-18.503021652039635],[-64.115708492124071,-18.503003579154459],[-64.115689548881278,-18.503003690854207],[-64.115689431803347,-18.502985617968903],[-64.115670488562387,-18.502985729666637],[-64.115670371486573,-18.502967656781152],[-64.115651428247489,-18.502967768476879],[-64.115651311173792,-18.502949695591255],[-64.11563236793657,-18.502949807284963],[-64.115632250864991,-18.50293173439918],[-64.115613307629602,-18.502931846090878],[-64.115613190560154,-18.502913773204948],[-64.115594247326612,-18.502913884894635],[-64.115594130259268,-18.502895812008571],[-64.115575187027588,-18.502895923696247],[-64.115575069962375,-18.502877850810002],[-64.115556126732557,-18.502877962495663],[-64.115556009669476,-18.502859889609283],[-64.11553706644149,-18.50286000129293],[-64.115536949380527,-18.502841928406387],[-64.115518006154389,-18.502842040088016],[-64.115517889095543,-18.502823967201348],[-64.115498945871266,-18.50282407888097],[-64.115498828814538,-18.502806005994128],[-64.115479885592123,-18.502806117671739],[-64.115479768537526,-18.50278804478474],[-64.115460825316958,-18.50278815646034],[-64.115460708264479,-18.502770083573186],[-64.115441765045759,-18.502770195246775],[-64.115441647995397,-18.502752122359475],[-64.115422704778538,-18.50275223403105],[-64.115422587730293,-18.502734161143621],[-64.115403644515283,-18.502734272813182],[-64.115403527469155,-18.502716199925576],[-64.115384584255992,-18.502716311593119],[-64.115384467211996,-18.502698238705367],[-64.115365524000708,-18.502698350370906],[-64.11536540695883,-18.502680277482991],[-64.115346463749376,-18.502680389146516],[-64.11534622967001,-18.502644243370391],[-64.115327286464378,-18.502644355031784],[-64.115327169426877,-18.502626282143531],[-64.115308226223107,-18.502626393802917],[-64.115308109187737,-18.502608320914522],[-64.115289165985843,-18.50260843257189],[-64.115289048952576,-18.502590359683339],[-64.115270105752515,-18.502590471338696],[-64.115251162552312,-18.502590582992159],[-64.115251045523166,-18.502572510103356],[-64.115232102324825,-18.502572621754808],[-64.115231985297797,-18.502554548865835],[-64.115213042101317,-18.502554660515273],[-64.115212925076406,-18.50253658762615],[-64.115193981881788,-18.502536699273573],[-64.115193864859009,-18.502518626384294],[-64.11517492166621,-18.50251873802971],[-64.115174804645562,-18.502500665140285],[-64.11515586145461,-18.502500776783688],[-64.11515574443608,-18.502482703894128],[-64.11513680124699,-18.502482815535519],[-64.115136684230578,-18.502464742645785],[-64.115117741043363,-18.502464854285162],[-64.115117624029068,-18.502446781395282],[-64.115098680843687,-18.502446893032644],[-64.115098329807566,-18.502392674362447],[-64.115079386628011,-18.502392785997564],[-64.115079269618235,-18.502374713107308],[-64.115060326440513,-18.502374824740414],[-64.115060209432855,-18.502356751850002],[-64.115041266257009,-18.502356863481097],[-64.115041032246069,-18.502320717699963],[-64.115022089074074,-18.502320829328927],[-64.115021738064641,-18.502266610656573],[-64.115040681230667,-18.502266499027957],[-64.115039862199453,-18.502139988792095],[-64.115020919047325,-18.502140100419894],[-64.115020802045393,-18.502122027528795],[-64.115001858895099,-18.502122139154579],[-64.115001507896068,-18.502067920480737],[-64.1149825647516,-18.50206803210428],[-64.114982447754173,-18.502049959212798],[-64.114963504611566,-18.502050070834326],[-64.114963387616257,-18.502031997942705],[-64.114944444475498,-18.502032109562222],[-64.11494432748232,-18.502014036670442],[-64.114925384343422,-18.502014148287941],[-64.114925150361444,-18.501978002504057],[-64.114906207226369,-18.501978114119431],[-64.114905973248909,-18.501941968335164],[-64.114887030117671,-18.501942079948407],[-64.11488691313113,-18.501924007056111],[-64.11484902687225,-18.501924230276682],[-64.114830083742589,-18.501924341884123],[-64.11482996676213,-18.501906268991451],[-64.114811023634331,-18.501906380596878],[-64.114810906656004,-18.501888307704036],[-64.114791963530052,-18.501888419307452],[-64.114791846553842,-18.501870346414464],[-64.114772903429738,-18.501870458015869],[-64.114772669481724,-18.501834312229558],[-64.114791612601849,-18.501834200628384],[-64.114791378650381,-18.501798054842151],[-64.114810321766399,-18.501797943239318],[-64.114809268973588,-18.501635287200614],[-64.1148282120716,-18.501635175596935],[-64.114827978115144,-18.501599029810389],[-64.11484692120905,-18.501598918205051],[-64.114846804229046,-18.501580845311864],[-64.114865747320792,-18.501580733704742],[-64.114865162412841,-18.501490369238791],[-64.114846219331028,-18.501490480845327],[-64.114846102351819,-18.501472407951905],[-64.114865045431657,-18.501472296345483],[-64.114864811469687,-18.501436150558781],[-64.114883754545446,-18.501436038950693],[-64.114883520580037,-18.501399893164105],[-64.114902463651688,-18.501399781554362],[-64.114902346667193,-18.501381708661111],[-64.114921289736714,-18.501381597049591],[-64.114920704806366,-18.501291232583451],[-64.114939647865796,-18.501291120970613],[-64.114939062928912,-18.501200756504176],[-64.114958005978295,-18.50120064489003],[-64.114957655011807,-18.501146426210095],[-64.114938711968392,-18.501146537823892],[-64.114938361009081,-18.501092319143282],[-64.114919417971507,-18.501092430754834],[-64.114919067019372,-18.501038212073571],[-64.11490012398761,-18.501038323682877],[-64.114900007005815,-18.50102025078893],[-64.114881063975901,-18.501020362396225],[-64.114880946996223,-18.501002289502143],[-64.114862003968156,-18.501002401107424],[-64.11484306093999,-18.501002512710809],[-64.114842943964419,-18.500984439816438],[-64.114824000938071,-18.500984551417812],[-64.114805057911582,-18.500984663017288],[-64.114804940940132,-18.500966590122655],[-64.114785997915504,-18.50096670172012],[-64.114767054890734,-18.500966813315689],[-64.114766820956177,-18.500930667525846],[-64.114747877935272,-18.50093077911929],[-64.114747760970204,-18.500912706224216],[-64.114728817951118,-18.500912817815646],[-64.114727882251174,-18.500768234652725],[-64.114708939247862,-18.500768346241326],[-64.114708822287952,-18.500750273345705],[-64.114651993283175,-18.500750608099782],[-64.114633050281299,-18.500750719680685],[-64.114632933329474,-18.500732646784535],[-64.114595047329303,-18.500732869940421],[-64.114576104329032,-18.500732981515519],[-64.114575987383304,-18.500714908618995],[-64.114557044384867,-18.500715020192082],[-64.114556927441271,-18.500696947295395],[-64.114537984444681,-18.500697058866471],[-64.114537867503202,-18.500678985969643],[-64.114556810497803,-18.500678874398684],[-64.114556693554476,-18.500660801501958],[-64.114575636546945,-18.500660689929219],[-64.114574934877851,-18.500552252548687],[-64.114593877858255,-18.500552140974754],[-64.114593760911887,-18.500534068077982],[-64.114574817933473,-18.500534179651797],[-64.114574467101164,-18.500479960960966],[-64.11459341007361,-18.500479849387499],[-64.114592006732622,-18.500262974622373],[-64.114573063783993,-18.500263086194437],[-64.114572712957752,-18.500208867502003],[-64.114591655900398,-18.500208755930288],[-64.114591538956603,-18.500190683032852],[-64.114610481897159,-18.500190571459356],[-64.114610364951503,-18.500172498562026],[-64.114667193766408,-18.50017216383052],[-64.114665556457965,-18.499919143268862],[-64.11464661354762,-18.499919254846294],[-64.114646028810938,-18.49982889035773],[-64.114627085910371,-18.499829001932682],[-64.114625799523395,-18.49963020005346],[-64.114644742402106,-18.499630088479794],[-64.114644625456663,-18.49961201558158],[-64.114625682579927,-18.499612127155132],[-64.114625565636615,-18.499594054256789],[-64.114644508511347,-18.499593942683354],[-64.11464415767621,-18.499539723988406],[-64.114625214807432,-18.499539835561492],[-64.114625097864646,-18.499521762662994],[-64.114606154997716,-18.499521874234066],[-64.114605687235851,-18.499449582639258],[-64.114586744376751,-18.499449694207968],[-64.114586159687391,-18.499359329713084],[-64.114567216838097,-18.499359441279317],[-64.114566982967261,-18.499323295480888],[-64.114548040121775,-18.49932340704499],[-64.114547689322521,-18.49926918834672],[-64.114528746482861,-18.49926929990858],[-64.114528629552012,-18.499251227008987],[-64.114509686714214,-18.499251338568833],[-64.114509569785511,-18.499233265669066],[-64.114490626949546,-18.499233377226901],[-64.114471684113497,-18.499233488782838],[-64.114471333340077,-18.499179270082653],[-64.114452390509811,-18.499179381636349],[-64.114452039743583,-18.499125162935474],[-64.114433096919143,-18.499125274486921],[-64.114432979999307,-18.499107201586448],[-64.114414037176729,-18.499107313135884],[-64.114413920259025,-18.499089240235278],[-64.114394977438309,-18.4990893517827],[-64.114394743607292,-18.499053205981102],[-64.114375800790398,-18.4990533175264],[-64.114375683877057,-18.499035244625428],[-64.114356741062025,-18.499035356168715],[-64.114356624150801,-18.499017283267612],[-64.114337681337616,-18.499017394808885],[-64.114337564428524,-18.498999321907618],[-64.114318621617187,-18.498999433446883],[-64.114318504710226,-18.49898136054545],[-64.114299561900765,-18.498981472082701],[-64.1142986266658,-18.49883688886915],[-64.114279683872056,-18.498837000403572],[-64.114279566970282,-18.498818927501592],[-64.114260624178399,-18.498819039034004],[-64.114260039681469,-18.498728674523043],[-64.114241096899377,-18.498728786052975],[-64.114240395519417,-18.498620348637957],[-64.114221452749135,-18.498620460165288],[-64.114221335854936,-18.498602387262569],[-64.114240278623228,-18.498602275735347],[-64.114239577248938,-18.498493838318851],[-64.114258520005194,-18.498493726790436],[-64.114258286210855,-18.498457580984883],[-64.114277228963033,-18.498457469454806],[-64.114276761368046,-18.498385177843769],[-64.114295704112109,-18.498385066312263],[-64.114295587211714,-18.498366993409526],[-64.11431452995366,-18.49836688187624],[-64.114314062345471,-18.498294590265424],[-64.114333005079345,-18.49829447873071],[-64.114332888175653,-18.498276405828037],[-64.114313945443755,-18.49827651736263],[-64.114313828542194,-18.498258444459822],[-64.114294885812171,-18.498258555992408],[-64.114294768912714,-18.498240483089415],[-64.114275826184539,-18.498240594619986],[-64.114275709287213,-18.498222521716862],[-64.114256766560871,-18.498222633245422],[-64.114256649665663,-18.498204560342128],[-64.114237706941182,-18.498204671868677],[-64.114237356262308,-18.498150453158278],[-64.114218413543682,-18.498150564682582],[-64.114218179762418,-18.498114418875225],[-64.114199237047586,-18.498114530397398],[-64.114180294332641,-18.498114641917677],[-64.114180177446187,-18.498096569013732],[-64.114142292019835,-18.498096792048372],[-64.114123349306482,-18.49809690356285],[-64.114123232426124,-18.4980788306585],[-64.114066404291151,-18.498079165190212],[-64.114047461579219,-18.498079276696991],[-64.114047344706947,-18.498061203792147],[-64.11402840199689,-18.498061315296919],[-64.114028285126722,-18.498043242391908],[-64.114009342418498,-18.498043353894669],[-64.114009225550447,-18.49802528098953],[-64.113990282844085,-18.498025392490277],[-64.113990165978151,-18.498007319584975],[-64.113971223273651,-18.49800743108371],[-64.113971106409835,-18.497989358178245],[-64.113952163707197,-18.49798946967497],[-64.113952046845526,-18.497971396769366],[-64.113933104144706,-18.497971508264076],[-64.113932987285139,-18.497953435358308],[-64.113914044586167,-18.497953546851004],[-64.113913927728731,-18.497935473945113],[-64.113894985031621,-18.497935585435801],[-64.113894868176303,-18.497917512529728],[-64.11387592548104,-18.497917624018406],[-64.113875808627839,-18.497899551112194],[-64.113686381687742,-18.49790066589355],[-64.113667438992977,-18.497900777361263],[-64.113667322161774,-18.497882704453726],[-64.11364837946887,-18.497882815919429],[-64.113648262639771,-18.497864743011743],[-64.113439893030815,-18.4978659690081],[-64.113420950338295,-18.497866080450944],[-64.113420833533169,-18.497848007541844],[-64.113401890842496,-18.497848118982677],[-64.113401774039488,-18.4978300460734],[-64.113382831350648,-18.497830157512219],[-64.113382714549772,-18.497812084602799],[-64.113363771862794,-18.497812196039607],[-64.113363655064035,-18.497794123130028],[-64.113344712378932,-18.497794234564825],[-64.11332576969366,-18.497794345997729],[-64.113325652899007,-18.497776273087904],[-64.113249882164581,-18.497776718800097],[-64.113230939480616,-18.497776830223408],[-64.113230822696025,-18.497758757312941],[-64.113211880013935,-18.497758868734238],[-64.113211763231462,-18.497740795823631],[-64.11319282055122,-18.497740907242918],[-64.113192703770864,-18.497722834332148],[-64.113173761092511,-18.49772294574942],[-64.11317329398041,-18.49765065410557],[-64.113154351309817,-18.497650765520486],[-64.113154117758555,-18.497614619698115],[-64.113135175091813,-18.4976147311109],[-64.113116232424929,-18.497614842521795],[-64.113116115653469,-18.497596769610322],[-64.113097172988432,-18.497596881019202],[-64.113097056219104,-18.497578808107566],[-64.113078113555943,-18.497578919514432],[-64.113077996788718,-18.49756084660266],[-64.11305905412739,-18.497560958007515],[-64.113058937362297,-18.497542885095577],[-64.113039994702817,-18.497542996498421],[-64.11303987793984,-18.497524923586358],[-64.113020935282222,-18.497525034987191],[-64.113020818521377,-18.497506962074951],[-64.113001875865592,-18.49750707347377],[-64.113001759106851,-18.497489000561387],[-64.112869160526628,-18.497489780299261],[-64.112850217871767,-18.497489891682811],[-64.112849984386472,-18.497453745856081],[-64.112831041735447,-18.497453857237495],[-64.112830691514475,-18.49739963849677],[-64.112717035641296,-18.497400306743376],[-64.112717152369569,-18.497418379657681],[-64.112679267073446,-18.497418602391626],[-64.112679150349152,-18.497400529477087],[-64.112660207702874,-18.497400640841096],[-64.112660090980697,-18.497382567926397],[-64.112641148336294,-18.497382679288396],[-64.112640798176514,-18.49732846054377],[-64.112621855537924,-18.497328571903523],[-64.112621388668074,-18.497256280243061],[-64.112602446037272,-18.497256391600455],[-64.112602212607115,-18.497220245769761],[-64.112583269980163,-18.497220357125034],[-64.112583153267281,-18.497202284209539],[-64.112564210642176,-18.497202395562795],[-64.112563860510292,-18.497148176815696],[-64.112525975271609,-18.497148399515822],[-64.112507032652061,-18.497148510863045],[-64.112506915947662,-18.497130437946918],[-64.112525858565235,-18.497130326599816],[-64.112525508446865,-18.497076107851619],[-64.112544451058326,-18.497075996502971],[-64.112544334350488,-18.497057923586937],[-64.112563276959833,-18.497057812236505],[-64.11256292683116,-18.497003593488586],[-64.112581869434408,-18.497003482136613],[-64.112581285879401,-18.496913117556602],[-64.112600228472601,-18.496913006203314],[-64.112599878335246,-18.496858787455245],[-64.112618820922336,-18.496858676100413],[-64.11261870420816,-18.496840603184427],[-64.112637646793146,-18.496840491827815],[-64.112637413361242,-18.496804345995972],[-64.112656355942093,-18.4968042346377],[-64.112655072054395,-18.496605432561406],[-64.112636129495385,-18.496605543918395],[-64.11263589606699,-18.496569398085644],[-64.112616953511804,-18.496569509440508],[-64.112616486664535,-18.496497217774124],[-64.112597544117165,-18.496497329126626],[-64.11259707728,-18.496425037459218],[-64.112616019819441,-18.496424926107178],[-64.112614502587732,-18.496189978185733],[-64.11263344510121,-18.496189866833312],[-64.112633328390032,-18.496171793916137],[-64.112652270901378,-18.496171682561943],[-64.112650987065464,-18.495972880472078],[-64.112669929554855,-18.495972769117266],[-64.112669696127909,-18.495936623282539],[-64.112650753642512,-18.495936734637116],[-64.112650636931221,-18.495918661719568],[-64.1126316944477,-18.495918773072137],[-64.11263157773854,-18.495900700154436],[-64.112593692774993,-18.495900922853654],[-64.112574750293021,-18.495901034200415],[-64.112574400184229,-18.49584681544609],[-64.112555457708083,-18.495846926790609],[-64.11253651523181,-18.495847038133238],[-64.11253604843786,-18.495774746459368],[-64.112517105969388,-18.495774857799635],[-64.112516522489898,-18.495684493205914],[-64.112497580031231,-18.495684604543701],[-64.112497463337718,-18.495666531624739],[-64.112478520880885,-18.495666642960515],[-64.112478404189503,-18.495648570041389],[-64.112459461734545,-18.495648681375155],[-64.112459345045266,-18.495630608455905],[-64.112440402592156,-18.495630719787659],[-64.11244016921799,-18.495594573948775],[-64.112421226768703,-18.495594685278402],[-64.112421110083815,-18.495576612358793],[-64.112288512948979,-18.495577391612315],[-64.112269570500587,-18.495577502926665],[-64.112269453831729,-18.495559430006082],[-64.112250511385199,-18.495559541318421],[-64.112250394718444,-18.495541468397715],[-64.112231452273761,-18.495541579708043],[-64.112231335609138,-18.495523506787158],[-64.112212393166317,-18.495523618095476],[-64.112212276503811,-18.495505545174446],[-64.111928139875175,-18.495507214570093],[-64.111909197432198,-18.495507325847974],[-64.111909080801595,-18.49548925292504],[-64.111814368594594,-18.495489809285456],[-64.111795426152767,-18.495489920551858],[-64.111795309534216,-18.495471847628199],[-64.111776367094265,-18.495471958892587],[-64.111776250477831,-18.495453885968793],[-64.111757308039742,-18.49545399723117],[-64.11175719142544,-18.495435924307198],[-64.111738248989184,-18.495436035567565],[-64.111738132376999,-18.495417962643451],[-64.11171918994259,-18.495418073901806],[-64.111719073332523,-18.495400000977529],[-64.111700130899976,-18.495400112233874],[-64.111700014292026,-18.495382039309472],[-64.111681071861341,-18.495382150563806],[-64.111680955255508,-18.495364077639234],[-64.111548358250772,-18.49536485636569],[-64.111529415820968,-18.495364967604747],[-64.111529299231179,-18.495346894679201],[-64.111510356803237,-18.495347005916248],[-64.111510240215537,-18.495328932990549],[-64.111491297789485,-18.495329044225588],[-64.111491064618477,-18.495292898373894],[-64.111472122196233,-18.495293009606801],[-64.111471889029744,-18.495256863754708],[-64.111452946611337,-18.495256974985487],[-64.111452713449353,-18.495220829133039],[-64.111433771034783,-18.495220940361691],[-64.111433537877318,-18.495184794508852],[-64.111414595466584,-18.495184905735371],[-64.111414478890055,-18.495166832808788],[-64.111395536481155,-18.495166944033301],[-64.111395303332444,-18.495130798179805],[-64.111376360927395,-18.495130909402192],[-64.111376244355228,-18.495112836475261],[-64.111357301952026,-18.495112947695635],[-64.111357068812055,-18.495076801841442],[-64.111338126412704,-18.495076913059691],[-64.1113380098449,-18.49505884013243],[-64.111319067447411,-18.495058951348668],[-64.111300125049766,-18.495059062563008],[-64.111300008486083,-18.495040989635495],[-64.111281066090285,-18.495041100847825],[-64.111280949528719,-18.495023027920137],[-64.111262007134769,-18.495023139130456],[-64.111261890575321,-18.495005066202623],[-64.111242948183246,-18.495005177410931],[-64.11124283162593,-18.494987104482938],[-64.111223889235688,-18.494987215689235],[-64.111204946845319,-18.494987326893639],[-64.111204830292095,-18.494969253965408],[-64.111185887903574,-18.494969365167798],[-64.111186004454808,-18.494987438096146],[-64.11114811967343,-18.494987660495479],[-64.111148236220814,-18.495005733424051],[-64.111110351434903,-18.495005955816037],[-64.111110467978463,-18.495024028744798],[-64.111091525583305,-18.495024139938064],[-64.111091642125018,-18.495042212866917],[-64.111034814932822,-18.495042546435695],[-64.111034698397077,-18.495024473506493],[-64.110996813605567,-18.495024695875973],[-64.110977871209627,-18.495024807057874],[-64.11097763815043,-18.494988661198676],[-64.111015522934252,-18.494988438833452],[-64.111015406400881,-18.494970365904052],[-64.111053291180212,-18.494970143531482],[-64.111053174643004,-18.494952070602267],[-64.111091059417802,-18.49495184822235],[-64.111090243633342,-18.494825337718453],[-64.111109186006658,-18.494825226526469],[-64.111109069464561,-18.494807153597339],[-64.111128011835746,-18.494807042403572],[-64.111127429117403,-18.494716677757879],[-64.111108486756152,-18.494716788951063],[-64.111108253673734,-18.494680643092298],[-64.11108931131632,-18.494680754283355],[-64.111088728622533,-18.49459038963527],[-64.111069786274911,-18.49459050082385],[-64.111069669738541,-18.494572427894003],[-64.111050727392794,-18.494572539080572],[-64.111050494324431,-18.494536393220567],[-64.111031551982492,-18.494536504405009],[-64.111031435450499,-18.49451843147483],[-64.111012493110408,-18.494518542657261],[-64.111012260050799,-18.494482396796556],[-64.110993317714559,-18.494482507976858],[-64.110993084659455,-18.494446362115809],[-64.11097414232708,-18.494446473293984],[-64.110973909276467,-18.494410327432533],[-64.110954966947915,-18.494410438608586],[-64.110954617378979,-18.494356219815824],[-64.110973559701591,-18.494356108640122],[-64.110973326652342,-18.494319962778324],[-64.110954384333695,-18.494320073953794],[-64.110954034766792,-18.494265855160499],[-64.110972977079484,-18.49426574398538],[-64.110972860555464,-18.494247671054321],[-64.110991802865996,-18.494247559877419],[-64.110991686340128,-18.494229486946463],[-64.111010628648586,-18.494229375767791],[-64.111010512120856,-18.494211302836895],[-64.111029454427182,-18.494211191656444],[-64.111029221368156,-18.494175045794783],[-64.111048163670375,-18.494174934612666],[-64.111048047139093,-18.494156861681887],[-64.11108593173914,-18.494156639312205],[-64.111085815204007,-18.494138566381658],[-64.111104757501849,-18.49413845519409],[-64.111104407891318,-18.494084236402507],[-64.111123350183078,-18.494084125213394],[-64.111123583260593,-18.494120271074252],[-64.111256179326872,-18.494119492695777],[-64.111255946221533,-18.494083346836554],[-64.111274888512213,-18.494083235632282],[-64.111274771957781,-18.494065162702739],[-64.111255829669076,-18.494065273906894],[-64.111255363460558,-18.493992982187898],[-64.111274305741318,-18.493992870984211],[-64.111273489867699,-18.493866360475437],[-64.11129243213442,-18.493866249270667],[-64.111292199024916,-18.493830103410922],[-64.111311141287516,-18.493829992204493],[-64.111310908174573,-18.493793846344865],[-64.111329850433052,-18.493793735136769],[-64.111329733874811,-18.493775662207003],[-64.111348676131186,-18.493775550997132],[-64.111347976772549,-18.493667113418532],[-64.111366919016888,-18.493667002207463],[-64.111366569333441,-18.493612783418051],[-64.111271858140228,-18.493613339452704],[-64.111252915901176,-18.49361345065395],[-64.111252799352201,-18.493595377723373],[-64.111233857115025,-18.493595488922608],[-64.111233740568167,-18.493577415991872],[-64.111214798332824,-18.493577527189096],[-64.111214681788084,-18.493559454258232],[-64.111195739554589,-18.493559565453449],[-64.11119562301198,-18.493541492522422],[-64.111176680780332,-18.493541603715624],[-64.111176564239855,-18.493523530784433],[-64.111157622010069,-18.493523641975624],[-64.111156922781859,-18.493415204387095],[-64.111137980563868,-18.493415315575692],[-64.111137747492833,-18.493379169712352],[-64.111118805278664,-18.493379280898822],[-64.111118572212149,-18.493343135035087],[-64.111080687791343,-18.493343357401884],[-64.111061745580727,-18.493343468582438],[-64.111061629053637,-18.493325395650164],[-64.111042686844897,-18.493325506828707],[-64.11104257031991,-18.493307433896305],[-64.111023628113003,-18.493307545072838],[-64.111023511590147,-18.493289472140262],[-64.111004569385088,-18.493289583314784],[-64.11100445286435,-18.493271510382062],[-64.110985510661152,-18.493271621554577],[-64.110985394142531,-18.493253548621698],[-64.110966451941209,-18.493253659792199],[-64.110966335424706,-18.493235586859175],[-64.110871624425869,-18.493236142682679],[-64.110852682225698,-18.493236253841694],[-64.11085256572126,-18.493218180907956],[-64.110833623522922,-18.493218292064963],[-64.110833157514421,-18.493146000329126],[-64.1108520997048,-18.493145889172581],[-64.110851866697374,-18.493109743304675],[-64.110870808883647,-18.493109632146471],[-64.110870692378157,-18.493091559212576],[-64.110889634562284,-18.493091448052592],[-64.110889518054933,-18.493073375118787],[-64.110908460236971,-18.493073263957029],[-64.110908343727772,-18.493055191023323],[-64.110927285907692,-18.493055079859786],[-64.110927169396646,-18.49303700692613],[-64.110946111574435,-18.493036895760817],[-64.110945995061527,-18.493018822827253],[-64.110964937237199,-18.493018711660159],[-64.110964820722458,-18.49300063872667],[-64.111059531588836,-18.493000082863361],[-64.111058366349425,-18.492819353532433],[-64.111039424196278,-18.492819464707726],[-64.111038841591551,-18.492729100040375],[-64.111057783734751,-18.492728988865668],[-64.111057667212236,-18.4927109159322],[-64.111076609353333,-18.492710804755713],[-64.111076259780589,-18.492656585955455],[-64.111095201915617,-18.492656474777426],[-64.111095318441713,-18.492674547710759],[-64.111190029124714,-18.492673991791609],[-64.111189912588699,-18.492655918858858],[-64.111208854722918,-18.492655807669458],[-64.111208738185042,-18.492637734736803],[-64.111227680317114,-18.492637623545626],[-64.111227214159015,-18.492565331815054],[-64.111246156283016,-18.492565220622449],[-64.111246039741843,-18.49254714768983],[-64.111264981863741,-18.492547036495449],[-64.111264865320706,-18.492528963562904],[-64.111283807440486,-18.492528852366743],[-64.111283690895618,-18.492510779434294],[-64.111302633013267,-18.492510668236349],[-64.111302516466537,-18.492492595303972],[-64.111321458582054,-18.492492484104254],[-64.111321342033477,-18.49247441117198],[-64.111340284146905,-18.492474299970485],[-64.111339934496002,-18.49242008117373],[-64.111434645031281,-18.492419525139578],[-64.111433945673539,-18.492311087548668],[-64.111452887768294,-18.492310976336853],[-64.111452654646143,-18.49227483047315],[-64.111509480917647,-18.492274496827033],[-64.111509597484613,-18.492292569758551],[-64.111528539576824,-18.492292458539271],[-64.111585365852648,-18.492292124870069],[-64.111585482427699,-18.492310197801093],[-64.111604424521374,-18.492310086574122],[-64.111604541098515,-18.492328159504968],[-64.111623483194037,-18.492328048275986],[-64.111737135764315,-18.492327380862307],[-64.11173725235551,-18.492345453792325],[-64.111756194452042,-18.492345342549964],[-64.111775136548474,-18.492345231305709],[-64.111775253143776,-18.492363304235454],[-64.111794195242055,-18.492363192989188],[-64.111869963633808,-18.49236274798518],[-64.111870080239171,-18.492380820914317],[-64.111889022338758,-18.492380709658466],[-64.111889138946239,-18.492398782587436],[-64.111908081047673,-18.492398671329571],[-64.111908197657286,-18.492416744258378],[-64.111927139760553,-18.492416632998506],[-64.111946081863721,-18.492416521736732],[-64.111946198477412,-18.492434594665298],[-64.11200302479206,-18.492434260868269],[-64.1120029081724,-18.492416187940055],[-64.112021850274999,-18.492416076670704],[-64.112021733653492,-18.492398003742593],[-64.112040675754002,-18.49239789247147],[-64.112040559130634,-18.492379819543427],[-64.112059501229027,-18.492379708270519],[-64.11205938460381,-18.492361635342547],[-64.112078326700072,-18.49236152406786],[-64.112078210073008,-18.49234345113998],[-64.112097152167152,-18.49234333986352],[-64.112097035538255,-18.492325266935712],[-64.112115977630239,-18.492325155657472],[-64.112115860999481,-18.49230708272977],[-64.112172687268796,-18.492306748884033],[-64.112172803905509,-18.492324821811387],[-64.112191745996981,-18.492324710525573],[-64.112229630179542,-18.492324487948252],[-64.112229746822365,-18.492342560875247],[-64.112248688915429,-18.492342449583628],[-64.112248805560355,-18.492360522510463],[-64.112267747655281,-18.492360411216836],[-64.11228668975005,-18.492360299921312],[-64.112286806399084,-18.492378372847892],[-64.112305748495714,-18.492378261550357],[-64.112305631844691,-18.492360188623895],[-64.112324573939219,-18.492360077324584],[-64.112324457286348,-18.492342004398218],[-64.11234339937873,-18.49234189309713],[-64.112343282723998,-18.492323820170832],[-64.112362224814277,-18.492323708867964],[-64.112362108157697,-18.492305635941776],[-64.112381050245844,-18.492305524637128],[-64.112380933587417,-18.492287451710993],[-64.112399875673461,-18.492287340404573],[-64.112399759013186,-18.492269267478527],[-64.112418701097099,-18.492269156170323],[-64.112418584434963,-18.492251083244355],[-64.112437526516771,-18.492250971934375],[-64.112437409852788,-18.492232899008492],[-64.112456351932437,-18.492232787696736],[-64.112456235266606,-18.492214714770952],[-64.112475177344166,-18.492214603457416],[-64.112475060676488,-18.49219653053169],[-64.112626597276162,-18.492195639956133]]]},"properties":{"FID":8,"Zona":"Yaguari","IDUH":9,"UH":"SC9 - Yag","AreaHa":82.547200000000004}},{"type":"Feature","id":9,"geometry":{"type":"MultiPolygon","coordinates":[[[[-64.119241481299241,-18.492789221499166],[-64.119260423396,-18.492789109503434],[-64.119317249685466,-18.492788773504859],[-64.119317132296416,-18.492770700622504],[-64.119355016484761,-18.492770476614218],[-64.119354899091888,-18.49275240373208],[-64.119411725367414,-18.492752067705791],[-64.11941184276624,-18.492770140587581],[-64.119430784859802,-18.492770028574913],[-64.11943090226076,-18.492788101456565],[-64.119449844356183,-18.492787989441887],[-64.119450079162476,-18.492824135204859],[-64.119469021261722,-18.492824023188053],[-64.119469138667043,-18.492842096069374],[-64.11948808076815,-18.492841984050553],[-64.119488315583197,-18.492878129812834],[-64.119507257688113,-18.492878017791885],[-64.119507375097811,-18.492896090672854],[-64.119526317204603,-18.492895978649891],[-64.119526434616432,-18.492914051530722],[-64.119545376725071,-18.492913939505751],[-64.119545494139032,-18.492932012386415],[-64.119564436249505,-18.492931900359434],[-64.119564788498138,-18.492986119000868],[-64.119583730614423,-18.492986006971638],[-64.119583848032889,-18.493004079851939],[-64.119602790151049,-18.493003967820698],[-64.119602907571632,-18.493022040700822],[-64.11962184969164,-18.493021928667567],[-64.119621967114355,-18.493040001547559],[-64.11964090923621,-18.493039889512289],[-64.119641026661043,-18.49305796239214],[-64.119659968784731,-18.493057850354862],[-64.119660086211695,-18.493075923234542],[-64.119679028337231,-18.493075811195251],[-64.119679145766298,-18.493093884074796],[-64.11969808789371,-18.493093772033493],[-64.11969820532488,-18.493111844912857],[-64.119717147454153,-18.49311173286954],[-64.119717382320914,-18.493147878627969],[-64.119698440187676,-18.493147990671517],[-64.119698792482879,-18.493202209309224],[-64.119717734622071,-18.493202097265325],[-64.119717969490182,-18.493238243023399],[-64.119736911633211,-18.493238130977367],[-64.119737029069455,-18.493256203856241],[-64.119755971214289,-18.493256091808199],[-64.119756088652665,-18.493274164686895],[-64.119775030799389,-18.493274052636846],[-64.119775148239867,-18.493292125515413],[-64.119794090388439,-18.49329201346335],[-64.119907743277011,-18.493291341111185],[-64.11990786073153,-18.493309413988886],[-64.119926802881153,-18.493309301923443],[-64.11992692033779,-18.493327374801002],[-64.119945862489232,-18.493327262733551],[-64.119945979948,-18.493345335610947],[-64.119964922101303,-18.493345223541478],[-64.119965039562189,-18.493363296418707],[-64.119983981717354,-18.493363184347231],[-64.119984099180357,-18.493381257224332],[-64.12000304133737,-18.493381145150842],[-64.12000315880249,-18.493399218027783],[-64.120022100961336,-18.493399105952282],[-64.120022218428574,-18.49341717882908],[-64.120041160589295,-18.493417066751565],[-64.120060102749875,-18.493416954672156],[-64.12006022022122,-18.49343502754866],[-64.120117046708074,-18.493434691298717],[-64.120116929230761,-18.493416618422568],[-64.120135871390801,-18.493416506335581],[-64.12013575391164,-18.493398433459486],[-64.120154696069548,-18.493398321370723],[-64.120154343626922,-18.493344102742618],[-64.120173285778748,-18.49334399065231],[-64.120173168296148,-18.493325917776321],[-64.120229994744818,-18.493325581494386],[-64.120230112233358,-18.493343654370026],[-64.120249054384644,-18.49334354227214],[-64.12032482298838,-18.493343093861654],[-64.120324940487009,-18.493361166736655],[-64.120343882639588,-18.493361054629183],[-64.120362824792039,-18.493360942519811],[-64.120362942294747,-18.49337901539457],[-64.120381884449031,-18.493378903283187],[-64.120382236963977,-18.493433121906861],[-64.120401179124102,-18.493433009793232],[-64.120401414138684,-18.493469155541955],[-64.120420356302645,-18.493469043426195],[-64.120420473812146,-18.493487116300393],[-64.120439415977955,-18.493487004182626],[-64.120439533489559,-18.493505077056653],[-64.120458475657188,-18.493504964936875],[-64.120458593170923,-18.493523037810736],[-64.120477535340441,-18.493522925688946],[-64.120553304017108,-18.493522477182829],[-64.120553421540905,-18.493540550056096],[-64.120572363711716,-18.493540437924711],[-64.120742843242937,-18.493539428657016],[-64.120742960786714,-18.493557501529065],[-64.120875555983986,-18.493556716436157],[-64.12087543842631,-18.493538643564928],[-64.120970149267507,-18.493538082728026],[-64.120970031700026,-18.493520009857342],[-64.121083684693062,-18.493519336791245],[-64.121083802272452,-18.493537409661226],[-64.121102744439483,-18.493537297476795],[-64.12110286202099,-18.493555370346616],[-64.121121804189869,-18.493555258160175],[-64.121121921773494,-18.49357333102985],[-64.12114086394422,-18.493573218841394],[-64.12114098152999,-18.493591291710896],[-64.121159923702535,-18.493591179520429],[-64.121178865874981,-18.493591067328065],[-64.12117898346483,-18.493609140197311],[-64.121197925639123,-18.49360902800294],[-64.121198043231104,-18.49362710087204],[-64.121216985407244,-18.493626988675654],[-64.121217103001356,-18.493645061544598],[-64.121236045179316,-18.493644949346198],[-64.121236162775546,-18.493663022214996],[-64.121255104955381,-18.493662910014585],[-64.121255222553728,-18.493680982883205],[-64.121274164735425,-18.493680870680784],[-64.121293106916966,-18.493680758476469],[-64.121293224519434,-18.493698831344844],[-64.121312166702836,-18.493698719138514],[-64.121350051069214,-18.493698494720174],[-64.121350168677751,-18.493716567588152],[-64.12136911086273,-18.493716455376024],[-64.121369228473412,-18.493734528243859],[-64.121407112846939,-18.493734303813682],[-64.121406995232292,-18.493716230946085],[-64.121425937416859,-18.493716118728269],[-64.121425819800365,-18.493698045860761],[-64.121577357256186,-18.493697148050988],[-64.121577474888554,-18.493715220917558],[-64.121596417071885,-18.493715108682697],[-64.121596534706384,-18.493733181549121],[-64.121615476891591,-18.493733069312245],[-64.121615594528208,-18.493751142178507],[-64.121634536715263,-18.49375102993962],[-64.121634654353997,-18.493769102805715],[-64.121653596542899,-18.493768990564813],[-64.121653714183779,-18.493787063430783],[-64.1216726563745,-18.493786951187868],[-64.121672774017483,-18.493805024053678],[-64.121691716210094,-18.493804911808752],[-64.121691833855195,-18.493822984674413],[-64.121710776049653,-18.493822872427479],[-64.121710893696871,-18.493840945292963],[-64.121729835893177,-18.493840833044015],[-64.121729953542527,-18.493858905909374],[-64.12174889574068,-18.493858793658411],[-64.121749013392147,-18.493876866523607],[-64.121767955592134,-18.493876754270634],[-64.121786897791992,-18.493876642015771],[-64.121787015447566,-18.493894714880703],[-64.1218059576493,-18.493894602623826],[-64.121806075306992,-18.493912675488602],[-64.12182501751056,-18.493912563229706],[-64.121825135170383,-18.493930636094312],[-64.121844077375798,-18.493930523833406],[-64.121881961786215,-18.493930299305916],[-64.121882079452121,-18.493948372170159],[-64.121901021659127,-18.493948259903455],[-64.12190113932715,-18.493966332767535],[-64.121920081536004,-18.49396622049882],[-64.121920199206144,-18.493984293362754],[-64.121939141416831,-18.493984181092028],[-64.121939259089103,-18.494002253955784],[-64.121958201301652,-18.494002141683044],[-64.121958318976041,-18.494020214546666],[-64.121977261190438,-18.494020102271911],[-64.121977378866958,-18.494038175135397],[-64.121996321083216,-18.494038062858628],[-64.12199643876184,-18.494056135721948],[-64.122015380979946,-18.494056023443171],[-64.12203432319788,-18.494055911162498],[-64.12203444088064,-18.494073984025555],[-64.12205338310045,-18.49407387174287],[-64.122053618470318,-18.494110017468621],[-64.122072560693965,-18.494109905183805],[-64.122072796068352,-18.494146050909194],[-64.122091738295822,-18.49414593862225],[-64.122110680523164,-18.494145826333412],[-64.122110915906021,-18.494181972058165],[-64.122129858137214,-18.494181859767199],[-64.122129975830831,-18.494199932629424],[-64.122148918063871,-18.494199820336441],[-64.12214903575962,-18.494217893198503],[-64.122167977994494,-18.494217780903512],[-64.122168095692359,-18.494235853765428],[-64.122187037929095,-18.494235741468426],[-64.122187155629078,-18.494253814330168],[-64.122206097867647,-18.494253702031148],[-64.122206215569761,-18.494271774892759],[-64.122225157810192,-18.494271662591732],[-64.122225275514424,-18.494289735453187],[-64.122244217756716,-18.494289623150145],[-64.122244335463066,-18.49430769601145],[-64.122263277707205,-18.494307583706398],[-64.122263395415658,-18.494325656567547],[-64.12228233766163,-18.49432554426048],[-64.122282455372229,-18.494343617121459],[-64.122301397620063,-18.494343504812381],[-64.122301515332779,-18.494361577673228],[-64.122320457582461,-18.494361465362136],[-64.122377284330682,-18.494361128417502],[-64.122377402051484,-18.494379201277841],[-64.122396344302615,-18.494379088959057],[-64.122396462025534,-18.494397161819247],[-64.122415404278499,-18.494397049498453],[-64.122415522003536,-18.494415122358461],[-64.122434464258362,-18.494415010035652],[-64.12243458198553,-18.494433082895533],[-64.122453524242218,-18.49443297057071],[-64.122453641971489,-18.494451043430441],[-64.122472584229996,-18.494450931103611],[-64.122472701961385,-18.494469003963186],[-64.122491644221782,-18.494468891634337],[-64.122491761955303,-18.494486964493763],[-64.122510704217518,-18.494486852162908],[-64.122510821953171,-18.494504925022152],[-64.122567648744976,-18.494504588017861],[-64.122567413261919,-18.494468442300008],[-64.122586355521619,-18.494468329961688],[-64.122586120035109,-18.494432184243905],[-64.122605062290702,-18.494432071903926],[-64.122604944545685,-18.494413999045104],[-64.122623886799147,-18.494413886703349],[-64.122623769052268,-18.494395813844633],[-64.122642711303598,-18.494395701501098],[-64.122642358057817,-18.494341482925009],[-64.122623415812441,-18.494341595268189],[-64.122623062573837,-18.494287376691457],[-64.122604120334273,-18.494287489032391],[-64.122603413872639,-18.494179051877243],[-64.122622356100294,-18.494178939537015],[-64.122641298327792,-18.494178827194894],[-64.122660240555177,-18.494178714850875],[-64.122660358304401,-18.494196787709811],[-64.122679300533633,-18.494196675363778],[-64.122736127220506,-18.494196338314318],[-64.122736244977801,-18.494214411172738],[-64.122755187208483,-18.494214298819013],[-64.122754951690055,-18.494178153102364],[-64.122773893916616,-18.494178040746977],[-64.122773776155626,-18.494159967888738],[-64.122792718380069,-18.494159855531574],[-64.122792600617217,-18.494141782673402],[-64.122849427283768,-18.494141445590895],[-64.122849309515104,-18.494123372733036],[-64.122906136174478,-18.49412303563383],[-64.122906018399988,-18.494104962776294],[-64.1229628450522,-18.494104625660391],[-64.122962727271883,-18.494086552803161],[-64.123095322775029,-18.494085766133892],[-64.123095204980956,-18.494067693277479],[-64.123152031617167,-18.49406735610544],[-64.123152149417209,-18.494085428961505],[-64.123171091630994,-18.49408531656692],[-64.123171209433153,-18.494103389422857],[-64.123228036079666,-18.494103052227381],[-64.123227918271553,-18.494084979371792],[-64.123322629336414,-18.494084417342023],[-64.123322511518509,-18.49406634448702],[-64.123417222570012,-18.494065782410473],[-64.123417104742316,-18.494047709555996],[-64.123436046950232,-18.494047597135118],[-64.123435929120674,-18.49402952428073],[-64.123625351172493,-18.494028399968947],[-64.123625469021903,-18.494046472822156],[-64.123644411228327,-18.494046360380441],[-64.123644529079868,-18.494064433233504],[-64.123663471288125,-18.494064320789775],[-64.123663589141785,-18.494082393642664],[-64.123682531351889,-18.494082281196921],[-64.123682649207652,-18.494100354049685],[-64.123701591419632,-18.494100241601931],[-64.12373947584318,-18.494100016700742],[-64.123739593705039,-18.494118089553101],[-64.123758535918583,-18.494117977099549],[-64.123777478131984,-18.494117864644096],[-64.123777595997964,-18.494135937496196],[-64.123834422643341,-18.494135600118128],[-64.123834304771407,-18.494117527266379],[-64.123872189197002,-18.494117302338427],[-64.123872071321244,-18.494099229486888],[-64.12389101353186,-18.494099117020191],[-64.123890777776751,-18.494062971317241],[-64.12390971998326,-18.494062858848881],[-64.123909602103936,-18.494044785997463],[-64.12398537092065,-18.494044336105549],[-64.123985488807918,-18.494062408956498],[-64.124023373219416,-18.494062183998938],[-64.124023255328169,-18.494044111148227],[-64.124042197531736,-18.494043998666719],[-64.124042079638656,-18.494025925816096],[-64.124061021840106,-18.494025813332819],[-64.12406090394515,-18.494007740482264],[-64.124079846144483,-18.494007627997206],[-64.124079728247693,-18.493989555146751],[-64.124098670444894,-18.493989442659917],[-64.124098552546258,-18.493971369809557],[-64.124117494741313,-18.493971257320943],[-64.124117376840815,-18.493953184470644],[-64.124136319033781,-18.493953071980254],[-64.124136201131449,-18.493934999130047],[-64.124155143322284,-18.493934886637877],[-64.124154789610117,-18.493880668087396],[-64.124192673979451,-18.493880443098085],[-64.124192791887339,-18.49389851594805],[-64.12421173407381,-18.493898403450437],[-64.12421185198383,-18.493916476300228],[-64.124230794172135,-18.493916363800601],[-64.124249736360298,-18.49391625129908],[-64.124249854274424,-18.493934324148629],[-64.124268796464449,-18.493934211645094],[-64.124268914380693,-18.49395228449448],[-64.12428785657255,-18.493952171988933],[-64.124287974490912,-18.493970244838177],[-64.124306916684645,-18.493970132330617],[-64.124307034605124,-18.493988205179683],[-64.124325976800705,-18.493988092670111],[-64.124326094723301,-18.494006165519039],[-64.12434503692073,-18.494006053007453],[-64.124363979118016,-18.494005940493977],[-64.124364214971592,-18.494042086191268],[-64.124383157172687,-18.49404197367566],[-64.124383510960016,-18.494096192220965],[-64.124402453166951,-18.494096079703109],[-64.124402689029822,-18.494132225399571],[-64.124421631240594,-18.494132112879583],[-64.124421749174232,-18.494150185727644],[-64.124440691386852,-18.494150073205645],[-64.124440809322607,-18.494168146053536],[-64.12445975153706,-18.494168033529526],[-64.124497635965611,-18.494167808475819],[-64.124497753907448,-18.494185881323347],[-64.124516696123493,-18.494185768793535],[-64.124516932011559,-18.494221914488232],[-64.124535874231455,-18.494221801956289],[-64.12453599217767,-18.494239874803451],[-64.124554934399399,-18.494239762269498],[-64.124611761063804,-18.494239424656264],[-64.124611996972533,-18.494275570349579],[-64.124630939197687,-18.494275457807809],[-64.124763534770054,-18.49427466996238],[-64.124763652740498,-18.494292742808042],[-64.124782594966575,-18.494292630251],[-64.124782712939151,-18.494310703096506],[-64.124801655167062,-18.494310590537449],[-64.124801773141755,-18.494328663382785],[-64.124820715371513,-18.49432855082172],[-64.12482095132529,-18.49436469651209],[-64.124839893558885,-18.49436458394889],[-64.12484001153797,-18.49438265679391],[-64.124858953773412,-18.494382544228699],[-64.124859071754614,-18.494400617073538],[-64.124878013991918,-18.494400504506313],[-64.124878131975237,-18.49441857735102],[-64.124897074214374,-18.494418464781784],[-64.124897310185389,-18.494454610470864],[-64.124916252428378,-18.494454497899497],[-64.124916370416074,-18.494472570743866],[-64.124935312660924,-18.494472458170488],[-64.124935430650737,-18.494490531014684],[-64.12495437289742,-18.494490418439291],[-64.124954962858496,-18.494580782659227],[-64.124936020601879,-18.49458089523521],[-64.124936138592517,-18.494598968079217],[-64.124917196333783,-18.494599080653419],[-64.124917432311491,-18.494635226341558],[-64.124898490048651,-18.494635338914104],[-64.124899551937219,-18.494797994510005],[-64.124918494217937,-18.4947978819364],[-64.124918612208219,-18.494815954780076],[-64.124937554490771,-18.494815842204464],[-64.124937672483185,-18.494833915048005],[-64.124956614767598,-18.494833802470374],[-64.124956732762129,-18.494851875313774],[-64.124975675048404,-18.494851762734132],[-64.124975793045053,-18.494869835577379],[-64.124994735333146,-18.494869722995727],[-64.124994853331913,-18.494887795838807],[-64.125013795621882,-18.494887683255143],[-64.125013913622766,-18.494905756098056],[-64.125032855914583,-18.494905643512375],[-64.125032973917598,-18.494923716355164],[-64.125051916211277,-18.494923603767472],[-64.125052034216395,-18.4949416766101],[-64.125070976511907,-18.494941564020394],[-64.125071094519157,-18.494959636862877],[-64.12509003681653,-18.494959524271163],[-64.125090154825912,-18.494977597113465],[-64.125109097125119,-18.494977484519737],[-64.125109215136632,-18.4949955573619],[-64.125184984340038,-18.494995106967568],[-64.125184866320595,-18.494977034125874],[-64.125222750917544,-18.494976808917574],[-64.12522263289425,-18.494958736076097],[-64.125260517486652,-18.494958510860457],[-64.125260399459535,-18.494940438019153],[-64.125298284047432,-18.494940212796166],[-64.125298166016492,-18.494922139955076],[-64.125336050599856,-18.494921914724745],[-64.125336168634774,-18.494939987565605],[-64.125355110928254,-18.49493987494748],[-64.125411937807854,-18.494939537081741],[-64.125412055850859,-18.4949576099221],[-64.12543099814576,-18.49495749729628],[-64.125525709618287,-18.494956934138752],[-64.125525827673329,-18.494975006978347],[-64.125544769969423,-18.494974894341038],[-64.125601596856839,-18.494974556417748],[-64.125601714919981,-18.494992629256853],[-64.12562065721751,-18.494992516611848],[-64.125620775282755,-18.495010589450807],[-64.125639717582146,-18.495010476803788],[-64.125639599514898,-18.49499240396495],[-64.125658541812157,-18.494992291316159],[-64.125658659881381,-18.495010364154879],[-64.12567760218046,-18.49501025150407],[-64.125677484109247,-18.49499217866547],[-64.125715368703069,-18.494991953358408],[-64.125715486778262,-18.495010026196777],[-64.125734429076957,-18.495009913540287],[-64.125791255972217,-18.495009575559447],[-64.125791374055467,-18.495027648397301],[-64.125810316355611,-18.495027535733112],[-64.125810434440993,-18.495045608570827],[-64.125829376742985,-18.495045495904623],[-64.125886203648108,-18.495045157894658],[-64.125886321741575,-18.495063230731837],[-64.125905264045016,-18.495063118057939],[-64.125905382140601,-18.495081190894989],[-64.125924324445876,-18.49508107821908],[-64.125924442543578,-18.495099151055967],[-64.125943384850686,-18.495099038378047],[-64.12596232715768,-18.49509892569823],[-64.125962445259503,-18.495116998534858],[-64.125981387568345,-18.495116885853029],[-64.125981505672286,-18.495134958689494],[-64.126000447982975,-18.495134846005648],[-64.126019390293521,-18.495134733319915],[-64.126019508401583,-18.495152806156089],[-64.126038450713963,-18.495152693468341],[-64.126189989208285,-18.495151791898138],[-64.126190107334338,-18.495169864733246],[-64.126227991960519,-18.49516963932151],[-64.126227873830473,-18.495151566486637],[-64.126246816141389,-18.495151453778046],[-64.126246934273411,-18.495169526612802],[-64.12626587658616,-18.495169413902197],[-64.126398472771598,-18.495168624874918],[-64.126398590919635,-18.495186697708682],[-64.126417533233294,-18.495186584982804],[-64.126436475546811,-18.495186472255028],[-64.126436593698955,-18.49520454508853],[-64.126550247589066,-18.495203868681386],[-64.126550129425013,-18.495185795848588],[-64.126569071737578,-18.49518568310755],[-64.12656918990362,-18.495203755940231],[-64.126588132218032,-18.495203643197179],[-64.126588250386206,-18.495221716029679],[-64.126626135018583,-18.495221490537659],[-64.126626016846458,-18.495203417705394],[-64.126758613041588,-18.495202628424458],[-64.126758731227625,-18.495220701255896],[-64.126777673542662,-18.49522058849378],[-64.126777555354636,-18.495202515662459],[-64.126815439980305,-18.495202290132777],[-64.126815321788442,-18.495184217301635],[-64.126853206409621,-18.495183991764609],[-64.12685308821392,-18.495165918933676],[-64.126928857446686,-18.495165467837364],[-64.126928739243183,-18.49514739500685],[-64.126947681549041,-18.495147282228153],[-64.126947563343691,-18.495129209397756],[-64.127004390254498,-18.495128871050653],[-64.127004272043322,-18.495110798220555],[-64.127061098946967,-18.495110459856747],[-64.127060980729979,-18.495092387026958],[-64.127193576819764,-18.495091597445924],[-64.127193458589005,-18.495073524616934],[-64.127212400885028,-18.495073411812182],[-64.127212282652408,-18.495055338983271],[-64.1272312249463,-18.495055226176746],[-64.127231106711847,-18.495037153347937],[-64.127287933586729,-18.495036814917338],[-64.127287815346449,-18.495018742088824],[-64.127306757635836,-18.495018629274952],[-64.127306639393709,-18.495000556446534],[-64.127382408541891,-18.495000105172572],[-64.127381817293568,-18.494909741032298],[-64.127514413228127,-18.494908951234049],[-64.127514294964982,-18.494890878406707],[-64.12757112178609,-18.494890539893674],[-64.127571240055204,-18.494908612720664],[-64.127590182330593,-18.494908499879081],[-64.127741720529016,-18.494907597078193],[-64.127741838816135,-18.494925669904074],[-64.127760781092306,-18.49492555704532],[-64.127760899381556,-18.494943629871059],[-64.12777984165956,-18.494943517010292],[-64.127779723368334,-18.49492544418467],[-64.127798665644235,-18.494925331322126],[-64.127798547351162,-18.494907258496596],[-64.127817489624945,-18.494907145632276],[-64.127817371330011,-18.494889072806821],[-64.127855255873172,-18.494888847072733],[-64.1278551375744,-18.494870774247506],[-64.127874079843806,-18.494870661377735],[-64.127873961543202,-18.494852588552575],[-64.127892903810476,-18.494852475681029],[-64.127892785508024,-18.49483440285594],[-64.127911727773167,-18.49483428998262],[-64.127911609468853,-18.494816217157613],[-64.127930551731893,-18.494816104282513],[-64.127930433425732,-18.494798031457602],[-64.127949375686626,-18.494797918580726],[-64.127949493994777,-18.494815991405524],[-64.128006320782646,-18.494815652763169],[-64.128006202468541,-18.49479757993873],[-64.12802514472888,-18.494797467054276],[-64.128024671465894,-18.494725175756631],[-64.128043613718177,-18.494725062870756],[-64.128043495400789,-18.494706990046392],[-64.128062437650954,-18.494706877158741],[-64.128062319331704,-18.494688804334444],[-64.128081261579752,-18.494688691445013],[-64.128081143258655,-18.494670618620788],[-64.128100085504585,-18.49467050572958],[-64.128099612213632,-18.494598214432848],[-64.128118554451447,-18.494598101540216],[-64.128118436127068,-18.494580028716062],[-64.12813737836278,-18.494579915821653],[-64.128137260036553,-18.494561842997573],[-64.128421393526125,-18.494560149355891],[-64.128421511882138,-18.494578222178198],[-64.128440454115676,-18.494578109253482],[-64.128440572473821,-18.494596182075629],[-64.128459514709178,-18.494596069148898],[-64.128459751429844,-18.494632214792837],[-64.128478693669067,-18.494632101863971],[-64.128497635908147,-18.494631988933211],[-64.128497754272658,-18.494650061754907],[-64.128516696513586,-18.494649948822133],[-64.128516814880228,-18.494668021643665],[-64.128535757123004,-18.49466790870888],[-64.12853587549175,-18.494685981530271],[-64.128554817736358,-18.494685868593475],[-64.128554936107236,-18.494703941414702],[-64.128592820600062,-18.494703715535184],[-64.12859270222522,-18.494685642714192],[-64.128820009146821,-18.494684287279359],[-64.128819890748289,-18.494666214459738],[-64.128914601949887,-18.494665649615289],[-64.128914720358352,-18.494683722434321],[-64.128971547083651,-18.494683383504562],[-64.128971428669232,-18.494665310685885],[-64.129009313148089,-18.494665084723476],[-64.129009194729832,-18.494647011905016],[-64.129084963677983,-18.494646559957932],[-64.129085082104183,-18.494664632775919],[-64.12910402434288,-18.494664519784294],[-64.129104142771212,-18.494682592602139],[-64.129123085011742,-18.4946824796085],[-64.129198853972511,-18.494682027614996],[-64.12919897241089,-18.494700100432208],[-64.129217914652727,-18.494699987428977],[-64.129218033093238,-18.494718060246012],[-64.129236975336937,-18.494717947240765],[-64.12927485982388,-18.494717721224596],[-64.129274978270487,-18.494735794041272],[-64.129388631740014,-18.494735115946575],[-64.129388513281498,-18.49471704313061],[-64.12940745552396,-18.494716930108314],[-64.129407218603362,-18.494680784476554],[-64.129615583217671,-18.494679541108848],[-64.129615464735721,-18.494661468294193],[-64.129634406970595,-18.494661355249516],[-64.129634288486812,-18.494643282434957],[-64.129710057416943,-18.494642830237773],[-64.129710294400539,-18.494678975865924],[-64.129729236636706,-18.494678862811654],[-64.129729355130706,-18.494696935625552],[-64.129748297368707,-18.494696822569271],[-64.129748415864825,-18.494714895382998],[-64.129767358104672,-18.494714782324699],[-64.129767476602893,-18.494732855138302],[-64.129786418844617,-18.494732742077993],[-64.129786537344984,-18.494750814891432],[-64.129805479588541,-18.494750701829112],[-64.129805598091025,-18.494768774642406],[-64.12984348258172,-18.494768548511843],[-64.129843245568935,-18.494732402885703],[-64.129881130051132,-18.494732176748034],[-64.129881248561404,-18.494750249560884],[-64.129900190804292,-18.494750136489088],[-64.12990030931671,-18.494768209301789],[-64.129919251561432,-18.494768096227979],[-64.129919370075967,-18.494786169040502],[-64.129938312322523,-18.494786055964681],[-64.129938430839175,-18.494804128777069],[-64.129957373087606,-18.494804015699234],[-64.129957491606376,-18.494822088511476],[-64.129976433856669,-18.494821975431634],[-64.129976552377556,-18.49484004824372],[-64.129995494629682,-18.494839935161863],[-64.129995613152715,-18.494858007973786],[-64.130014555406689,-18.494857894889915],[-64.130014673931825,-18.49487596770167],[-64.130033616187632,-18.494875854615785],[-64.1300337347149,-18.494893927427412],[-64.130052676972568,-18.494893814339513],[-64.130052795501953,-18.49491188715098],[-64.130071737761483,-18.494911774061066],[-64.130071856293,-18.494929846872388],[-64.130090798554363,-18.494929733780467],[-64.130090917087998,-18.494947806591608],[-64.130109859351222,-18.494947693497668],[-64.130109977886974,-18.494965766308674],[-64.130128920152032,-18.494965653212724],[-64.130129038689901,-18.494983726023587],[-64.130147980956835,-18.494983612925623],[-64.130148099496822,-18.49500168573632],[-64.130167041765603,-18.49500157263634],[-64.130167160307721,-18.495019645446899],[-64.130186102578335,-18.495019532344905],[-64.130186339666977,-18.495055677965645],[-64.13016739739237,-18.49505579106787],[-64.130168108649627,-18.49516422792998],[-64.130187050936129,-18.495164114827045],[-64.130187406572546,-18.495218333257256],[-64.13020634886486,-18.495218220152072],[-64.130206467412592,-18.495236292961966],[-64.130225409706767,-18.495236179854768],[-64.130225883907016,-18.495308471093491],[-64.130244826208994,-18.495308357983923],[-64.130282710812551,-18.495308131759103],[-64.130282829368909,-18.49532620456834],[-64.13030177167245,-18.49532609145297],[-64.130320713975863,-18.495325978335703],[-64.130320832536327,-18.495344051144677],[-64.130339774841602,-18.4953439380254],[-64.130396601756573,-18.495343598656202],[-64.130396720325123,-18.495361671464643],[-64.130415662631833,-18.49536155833767],[-64.130415781202501,-18.495379631145969],[-64.130434723511073,-18.495379518016982],[-64.130434842083858,-18.495397590825139],[-64.130453784394263,-18.495397477694137],[-64.13045390296918,-18.49541555050213],[-64.130472845281432,-18.495415437369118],[-64.130472963858452,-18.495433510176969],[-64.130491906172566,-18.495433397041943],[-64.130492024751732,-18.49545146984962],[-64.130510967067693,-18.495451356712579],[-64.130511085648962,-18.495469429520121],[-64.13053002796677,-18.495469316381065],[-64.130530146550171,-18.495487389188447],[-64.130549088869813,-18.495487276047381],[-64.130549207455346,-18.495505348854621],[-64.130568149776849,-18.495505235711541],[-64.130568268364485,-18.495523308518614],[-64.13058721068785,-18.495523195373522],[-64.130587329277617,-18.495541268180425],[-64.130606271602829,-18.495541155033319],[-64.130606390194714,-18.495559227840094],[-64.130625332521774,-18.495559114690977],[-64.13062545111579,-18.495577187497592],[-64.130644393444669,-18.495577074346457],[-64.130644512040817,-18.495595147152926],[-64.130663454371572,-18.495595033999784],[-64.130663572969837,-18.495613106806076],[-64.130682515302425,-18.495612993650916],[-64.130682633902808,-18.495631066457072],[-64.130701576237257,-18.495630953299905],[-64.130701694839772,-18.495649026105902],[-64.130720637176069,-18.495648912946717],[-64.1307207557807,-18.495666985752575],[-64.13073969811883,-18.495666872591372],[-64.13073981672558,-18.495684945397066],[-64.130758759065571,-18.495684832233856],[-64.130758877674452,-18.49570290503938],[-64.130777820016291,-18.495702791874159],[-64.13077793862729,-18.495720864679548],[-64.130796880970991,-18.495720751512309],[-64.130796999584106,-18.495738824317542],[-64.13081594192964,-18.495738711148292],[-64.130816060544888,-18.495756783953379],[-64.130835002892269,-18.495756670782111],[-64.130835121509648,-18.49577474358702],[-64.130854063858877,-18.495774630413745],[-64.130854182478373,-18.49579270321852],[-64.130873124829463,-18.495792590043227],[-64.130873243451077,-18.495810662847852],[-64.130892185804015,-18.495810549670551],[-64.130892304427746,-18.495828622475017],[-64.130911246782517,-18.495828509295698],[-64.13091136540838,-18.495846582100015],[-64.130930307765013,-18.495846468918685],[-64.130930663649366,-18.495900687331044],[-64.130949606011825,-18.495900574147466],[-64.130949724642207,-18.495918646951402],[-64.130968667006513,-18.495918533765813],[-64.130968785639013,-18.495936606569572],[-64.130987728005152,-18.495936493381969],[-64.130987846639769,-18.495954566185592],[-64.131006789007785,-18.495954452995974],[-64.131006907644519,-18.495972525799456],[-64.131025850014382,-18.495972412607824],[-64.131025968653248,-18.495990485411141],[-64.131044911024958,-18.495990372217495],[-64.131045029665941,-18.496008445020667],[-64.131063972039485,-18.49600833182501],[-64.131064090682614,-18.496026404628005],[-64.13108303305799,-18.496026291430336],[-64.131083151703223,-18.4960443642332],[-64.131102094080475,-18.496044251033513],[-64.131102212727839,-18.49606232383622],[-64.131121155106939,-18.49606221063452],[-64.13112127375642,-18.496080283437081],[-64.131140216137382,-18.49608017023337],[-64.131140334788967,-18.496098243035764],[-64.131159277171776,-18.496098129830038],[-64.131159395825492,-18.496116202632265],[-64.131178338210134,-18.496116089424529],[-64.131178456865968,-18.496134162226625],[-64.131197399252471,-18.496134049016874],[-64.131197517910451,-18.496152121818806],[-64.131216460298802,-18.496152008607044],[-64.13121681627949,-18.49620622701228],[-64.131235758673668,-18.496206113798262],[-64.131235877336152,-18.496224186599832],[-64.131254819732149,-18.496224073383804],[-64.131255057061509,-18.496260218986581],[-64.131273999461371,-18.496260105768425],[-64.13127471146467,-18.496368542575176],[-64.131293653876298,-18.496368429354412],[-64.131293772545973,-18.496386502155307],[-64.131312714959464,-18.496386388932528],[-64.131312833631256,-18.49640446173326],[-64.131331776046594,-18.496404348508467],[-64.131331894720518,-18.496422421309056],[-64.13135083713766,-18.496422308082252],[-64.131351074489899,-18.496458453683058],[-64.131370016910921,-18.496458340454122],[-64.131370135589222,-18.49647641325436],[-64.131389078012091,-18.49647630002341],[-64.131389196692524,-18.496494372823502],[-64.131408139117227,-18.496494259590538],[-64.131408257799777,-18.496512332390466],[-64.131427200226327,-18.496512219155488],[-64.131427437595832,-18.496548364754997],[-64.131446380026219,-18.49654825151789],[-64.131447092149898,-18.496656688314893],[-64.131466034592066,-18.496656575075178],[-64.131467221495654,-18.496837303066169],[-64.131486163957561,-18.496837189823374],[-64.131486638730763,-18.49690948101831],[-64.131505581200472,-18.496909367773149],[-64.13150569989611,-18.496927440571675],[-64.131524642367637,-18.496927327324499],[-64.131524761065393,-18.496945400122858],[-64.131543703538796,-18.496945286873668],[-64.131543940938698,-18.496981432470079],[-64.131562883415924,-18.496981319218758],[-64.131563002118057,-18.4969993920168],[-64.131581944597158,-18.496999278763465],[-64.131582419415011,-18.497071569954766],[-64.1316013619019,-18.497071456699061],[-64.131601480608708,-18.497089529496684],[-64.131620423097431,-18.497089416238968],[-64.1316208979339,-18.497161707428614],[-64.131639840430466,-18.497161594168528],[-64.131639959141907,-18.497179666965717],[-64.131658901640321,-18.497179553703617],[-64.131659020353879,-18.497197626500672],[-64.131677962854141,-18.497197513236561],[-64.131678437717738,-18.49726980442394],[-64.131697380225773,-18.497269691157456],[-64.131697498944007,-18.497287763954109],[-64.131716441453918,-18.497287650685614],[-64.131716560174254,-18.4973057234821],[-64.131735502686027,-18.49730561021159],[-64.131735621408495,-18.497323683007931],[-64.131754563922115,-18.497323569735411],[-64.131754682646701,-18.497341642531588],[-64.131773625162168,-18.497341529257053],[-64.131773743888871,-18.497359602053063],[-64.131792686406158,-18.497359488776514],[-64.131792805135007,-18.497377561572392],[-64.131811747654169,-18.497377448293832],[-64.131812460042013,-18.497485885067615],[-64.131831402572942,-18.497485771786447],[-64.131831758774666,-18.497539990172495],[-64.131850701311436,-18.497539876889078],[-64.131850820047589,-18.497557949684239],[-64.131869762586177,-18.497557836398808],[-64.131870118801473,-18.497612054783723],[-64.131889061345902,-18.497611941496043],[-64.131889180086588,-18.497630014290834],[-64.131908122632865,-18.49762990100114],[-64.131908241375669,-18.497647973795772],[-64.131927183923793,-18.497647860504063],[-64.131927302668743,-18.497665933298549],[-64.131946245218714,-18.49766582000483],[-64.131946363965767,-18.497683892799134],[-64.131965306517571,-18.497683779503401],[-64.131965425266756,-18.497701852297581],[-64.131984367820422,-18.49770173899983],[-64.131984486571739,-18.497719811793846],[-64.132003429127252,-18.497719698494084],[-64.132003547880686,-18.497737771287959],[-64.132022490438061,-18.497737657986182],[-64.132022609193612,-18.497755730779872],[-64.13204155175282,-18.497755617476084],[-64.132041670510503,-18.497773690269639],[-64.132060613071559,-18.497773576963837],[-64.132060731831359,-18.497791649757247],[-64.132079674394262,-18.49779153644943],[-64.13207979315618,-18.497809609242676],[-64.132098735720959,-18.497809495932845],[-64.132098854485008,-18.497827568725953],[-64.132117797051606,-18.497827455414107],[-64.132117915817787,-18.49784552820703],[-64.132136858386232,-18.497845414893174],[-64.132136977154516,-18.497863487685972],[-64.132155919724823,-18.497863374370102],[-64.132156038495253,-18.497881447162733],[-64.132174981067408,-18.497881333844848],[-64.132175099839941,-18.497899406637337],[-64.132194042413957,-18.497899293317442],[-64.132194279963414,-18.497935438902044],[-64.132213222541267,-18.497935325580013],[-64.132213460095244,-18.497971471164259],[-64.132232402676905,-18.497971357840097],[-64.13223275901484,-18.498025576215827],[-64.132251701602357,-18.498025462889412],[-64.132251820383928,-18.498043535681148],[-64.132232877794436,-18.498043649007681],[-64.132233471694434,-18.498134012966361],[-64.132252414293859,-18.498133899639239],[-64.132252889424265,-18.498206190805082],[-64.132271832031506,-18.49820607747559],[-64.132272188386708,-18.498260295849235],[-64.132291130999747,-18.498260182517491],[-64.132291249787087,-18.498278255308527],[-64.13231019240196,-18.498278141974772],[-64.132310311191418,-18.498296214765649],[-64.132291368574556,-18.498296328099524],[-64.132291606149892,-18.498332473681412],[-64.132272663528894,-18.498332587013632],[-64.132272901100805,-18.498368732595598],[-64.132291843725767,-18.498368619263143],[-64.132291962513918,-18.498386692053966],[-64.132310905140713,-18.498386578719497],[-64.132329847767394,-18.498386465383135],[-64.132329966559666,-18.498404538173684],[-64.132348909188195,-18.498404424835307],[-64.132367851816582,-18.498404311495037],[-64.132367970612961,-18.498422384285295],[-64.132386913243195,-18.49842227094301],[-64.13238715084033,-18.498458416523217],[-64.132406093474373,-18.498458303178804],[-64.132406212275129,-18.498476375968743],[-64.132425154911061,-18.498476262622312],[-64.132425273713949,-18.49849433541209],[-64.132444216351729,-18.498494222063645],[-64.132463158989367,-18.498494108713306],[-64.132463277796347,-18.49851218150279],[-64.132273851393933,-18.4985133149221],[-64.132273970181188,-18.498531387712763],[-64.132255027538193,-18.49853150104439],[-64.132254552397939,-18.498459209881084],[-64.132235609762759,-18.498459323210341],[-64.132235490980023,-18.498441250419308],[-64.132216548346719,-18.498441363746554],[-64.132197605713259,-18.4984414770719],[-64.132197486934629,-18.498423404280587],[-64.132178544303002,-18.498423517603921],[-64.132178425526504,-18.498405444812477],[-64.132159482896739,-18.4984055581338],[-64.132159364122359,-18.498387485342178],[-64.132121478866409,-18.4983877119789],[-64.132102536238222,-18.498387825294419],[-64.132102417469937,-18.498369752502409],[-64.132083474843597,-18.498369865815913],[-64.13208335607743,-18.498351793023755],[-64.132064413452937,-18.498351906335245],[-64.132064532217115,-18.498369979127524],[-64.131988761709863,-18.498370432355006],[-64.131988880466224,-18.498388505147723],[-64.13191310994884,-18.498388958345362],[-64.131913347446101,-18.498425103931623],[-64.131723921103287,-18.498426236795428],[-64.131723802374452,-18.498408164001134],[-64.131610146574147,-18.498408843627743],[-64.131610265291073,-18.498426916422741],[-64.131591322655197,-18.498427029687328],[-64.131591441370261,-18.498445102482432],[-64.131572498732297,-18.498445215745242],[-64.131572736158873,-18.498481361335575],[-64.131553793516773,-18.498481474596726],[-64.131553912228284,-18.498499547391958],[-64.13145919900586,-18.498500113669884],[-64.131459317707581,-18.498518186465645],[-64.131364604471813,-18.498518752696789],[-64.13136448578004,-18.498500679900431],[-64.131231887258124,-18.498501472543598],[-64.131232005936013,-18.498519545340788],[-64.131156235341109,-18.498519998238521],[-64.131156116671178,-18.498501925440859],[-64.130871976950587,-18.498503623535541],[-64.130853034301452,-18.498503736726693],[-64.130852915663439,-18.498485663927081],[-64.130701374481347,-18.498486569387115],[-64.130701493103473,-18.498504642187676],[-64.130682550453102,-18.498504755361772],[-64.13068266907338,-18.49852282816239],[-64.130663726420877,-18.498522941334709],[-64.130664082276581,-18.498577159736787],[-64.130645139618011,-18.498577272907564],[-64.130645258234864,-18.498595345708285],[-64.130626315574148,-18.498595458877283],[-64.130626434189153,-18.498613531678103],[-64.130588548863344,-18.498613758010656],[-64.130588430252317,-18.498595685209601],[-64.130569487591217,-18.498595798372918],[-64.130569606200254,-18.49861387117409],[-64.130531720873648,-18.498614097495274],[-64.130531839478849,-18.498632170296656],[-64.130512896813357,-18.498632283454526],[-64.13051301541671,-18.498650356255986],[-64.130475130081336,-18.498650582566274],[-64.130475248680867,-18.498668655367936],[-64.13043736334096,-18.498668881670877],[-64.130437244745409,-18.498650808868977],[-64.130418302077231,-18.498650922017486],[-64.130418183483812,-18.498632849215436],[-64.130399240817482,-18.498632962361931],[-64.130380298151053,-18.498633075506532],[-64.130380179561726,-18.498615002704202],[-64.130361236897116,-18.498615115846793],[-64.130342294232378,-18.498615228987482],[-64.130342175647172,-18.498597156184889],[-64.130323232984281,-18.498597269323568],[-64.130323114401193,-18.498579196520843],[-64.130304171740164,-18.498579309657508],[-64.130304053159207,-18.498561236854599],[-64.130285110499997,-18.498561349989249],[-64.130284991921158,-18.498543277186197],[-64.130247106606333,-18.498543503449579],[-64.130247225181193,-18.498561576252868],[-64.130171454541966,-18.49856202875737],[-64.130171573109024,-18.498580101561107],[-64.130152630446887,-18.498580214682612],[-64.130152511881818,-18.498562141878754],[-64.130133569221542,-18.498562254998248],[-64.130133450658604,-18.498544182194244],[-64.130114508000148,-18.498544295311724],[-64.130114389439328,-18.498526222507561],[-64.130095446782747,-18.49852633562303],[-64.13009532822403,-18.498508262818742],[-64.130038500259417,-18.498508602153407],[-64.130019557604271,-18.498508715261174],[-64.13001943905364,-18.498490642456357],[-64.130000496400342,-18.498490755562109],[-64.130000614948983,-18.498508828367047],[-64.129981672293553,-18.49850894147102],[-64.129981909387269,-18.498545087081009],[-64.129962966727732,-18.498545200183326],[-64.129963085272792,-18.498563272988392],[-64.129925199949369,-18.498563499187576],[-64.129925437031986,-18.498599644798066],[-64.129868609033892,-18.498599984083338],[-64.129868490498467,-18.498581911277771],[-64.129849547834141,-18.498582024368957],[-64.129849310767696,-18.498545878757433],[-64.129830368107207,-18.498545991846484],[-64.129830249576173,-18.498527919040544],[-64.129811306917532,-18.498528032127584],[-64.129811188388629,-18.498509959321524],[-64.129792245731821,-18.498510072406546],[-64.12979212720505,-18.498491999600311],[-64.129773184550118,-18.498492112683323],[-64.129773066025464,-18.498474039876925],[-64.129754123372365,-18.498474152957922],[-64.129754004849829,-18.498456080151382],[-64.129735062198577,-18.498456193230364],[-64.129734943678159,-18.498438120423664],[-64.129716001028768,-18.498438233500632],[-64.129715882510482,-18.498420160693801],[-64.129696939862953,-18.498420273768758],[-64.129696821346784,-18.498402200961749],[-64.129677878701088,-18.498402314034696],[-64.12967776018705,-18.498384241227534],[-64.129658817543202,-18.498384354298469],[-64.129658699031282,-18.498366281491151],[-64.129639756389281,-18.498366394560072],[-64.129639637879478,-18.498348321752626],[-64.129620695239339,-18.49834843481953],[-64.129620576731654,-18.49833036201191],[-64.129601634093376,-18.498330475076802],[-64.129601515587822,-18.498312402269026],[-64.129582572951378,-18.498312515331907],[-64.129582454447942,-18.498294442523978],[-64.129563511813345,-18.498294555584845],[-64.129563393312026,-18.498276482776763],[-64.12954445067929,-18.498276595835613],[-64.129544332180089,-18.498258523027399],[-64.129525389549201,-18.498258636084238],[-64.129525271052131,-18.498240563275843],[-64.129506328423105,-18.498240676330671],[-64.129506209928152,-18.498222603522134],[-64.129487267300959,-18.498222716574947],[-64.129487148808138,-18.498204643766243],[-64.129468206182807,-18.498204756817042],[-64.129468087692103,-18.4981866840082],[-64.129449145068605,-18.498186797056984],[-64.129449026580019,-18.498168724248004],[-64.129430083958397,-18.498168837294774],[-64.129429965471957,-18.498150764485615],[-64.129373137612134,-18.498151103614205],[-64.129354194991933,-18.498151216653277],[-64.12935407651355,-18.498133143843621],[-64.129240420801409,-18.498133822037552],[-64.129221478182231,-18.49813393506324],[-64.129221359717889,-18.498115862252707],[-64.129164531865513,-18.498116201318048],[-64.12914558924777,-18.498116314336038],[-64.129145470791528,-18.498098241525028],[-64.129031815094166,-18.498098919592465],[-64.12901287247746,-18.498099032597072],[-64.129012754035259,-18.498080959785181],[-64.128993811420415,-18.498081072787773],[-64.12899369298033,-18.498062999975719],[-64.12897475036732,-18.498063112976297],[-64.128974631929353,-18.49804504016409],[-64.128955689318204,-18.498045153162661],[-64.128955570882354,-18.498027080350305],[-64.128936628273053,-18.498027193346861],[-64.128936509839335,-18.49800912053437],[-64.128917567231881,-18.498009233528911],[-64.128917448800266,-18.497991160716243],[-64.128898506194687,-18.497991273708774],[-64.128898387765204,-18.497973200895963],[-64.128879445161445,-18.497973313886476],[-64.128879326734108,-18.497955241073502],[-64.128860384132196,-18.497955354062004],[-64.128860265706962,-18.497937281248902],[-64.128841323106897,-18.49793739423539],[-64.128841204683795,-18.497919321422117],[-64.128822262085606,-18.49791943440659],[-64.128822143664621,-18.497901361593154],[-64.128803201068266,-18.497901474575617],[-64.128803082649398,-18.497883401762042],[-64.12878414005489,-18.497883514742487],[-64.128784021638154,-18.497865441928745],[-64.128765079045493,-18.497865554907179],[-64.128764960630889,-18.497847482093313],[-64.128746018040061,-18.497847595069736],[-64.128745899627575,-18.497829522255685],[-64.128726957038623,-18.497829635230094],[-64.128726838628268,-18.497811562415905],[-64.128707896041149,-18.497811675388295],[-64.128707777632897,-18.497793602573946],[-64.128669892462241,-18.497793828512815],[-64.128650949876729,-18.497793941479404],[-64.128650831474573,-18.497775868664668],[-64.128631888890894,-18.497775981629246],[-64.128631770490856,-18.497757908814378],[-64.128612827909024,-18.497758021776942],[-64.128593885327049,-18.497758134737612],[-64.128593766931132,-18.497740061922443],[-64.128574824351006,-18.497740174881098],[-64.128574705957206,-18.497722102065786],[-64.128555763378955,-18.497722215022431],[-64.128555644987287,-18.497704142206956],[-64.128536702410855,-18.497704255161587],[-64.128536584021305,-18.497686182345983],[-64.128517641446734,-18.497686295298603],[-64.128498698872008,-18.497686408249326],[-64.128498580486578,-18.497668335433424],[-64.128479637913713,-18.497668448382136],[-64.128479519530401,-18.497650375566092],[-64.128460576959398,-18.497650488512789],[-64.128460458578203,-18.497632415696579],[-64.128441516009048,-18.497632528641262],[-64.12844139762997,-18.497614455824912],[-64.128422455062662,-18.497614568767581],[-64.128422218308884,-18.497578423134545],[-64.128403275745399,-18.497578536075086],[-64.128403157370713,-18.497560463258392],[-64.128384214809103,-18.497560576196918],[-64.128384333181813,-18.497578649013729],[-64.128365390618072,-18.497578761950475],[-64.128365508988921,-18.497596834767378],[-64.128308681290903,-18.497597173566607],[-64.128308562925994,-18.497579100749352],[-64.128289620361727,-18.49757921367852],[-64.12828950199895,-18.497561140861123],[-64.128251616873925,-18.497561366713537],[-64.128232674311207,-18.497561479636904],[-64.128232555954526,-18.497543406819101],[-64.128213613393669,-18.497543519740454],[-64.128213495039105,-18.497525446922527],[-64.128137724802215,-18.497525898588513],[-64.12811878224268,-18.497526011500273],[-64.128118663898192,-18.497507938681704],[-64.12747461685953,-18.497511776549974],[-64.127474735136488,-18.497529849372558],[-64.127323194618015,-18.497530752082969],[-64.127323312879241,-18.497548824906445],[-64.127304370311819,-18.497548937736834],[-64.127304252052596,-18.497530864913241],[-64.127209539223429,-18.497531429036187],[-64.127209657472719,-18.49754950186037],[-64.127190714904501,-18.497549614679389],[-64.127190833151943,-18.497567687503686],[-64.127058235156639,-18.497568477184601],[-64.127058116923109,-18.49755040435948],[-64.127039174353783,-18.49755051716334],[-64.127038937891072,-18.497514371512803],[-64.126963167628347,-18.497514822708354],[-64.126963285851673,-18.497532895534121],[-64.126944343283654,-18.497533008328393],[-64.126944579726768,-18.497569153980052],[-64.126811981719072,-18.497569943488521],[-64.12681186351135,-18.497551870661869],[-64.126792920940261,-18.497551983441095],[-64.126792802734656,-18.497533910614315],[-64.126754917596031,-18.497534136166848],[-64.126735975026534,-18.497534248940269],[-64.12673585682704,-18.497516176113088],[-64.12669797169157,-18.497516401654014],[-64.126679029123636,-18.497516514421633],[-64.12667891093021,-18.49749844159405],[-64.126659968364123,-18.497498554359655],[-64.126659850172842,-18.49748048153193],[-64.126678792736939,-18.497480368766439],[-64.126678674543797,-18.497462295938789],[-64.12665973198169,-18.497462408704159],[-64.126659613790665,-18.497444335876374],[-64.126640671230419,-18.497444448639733],[-64.126640553041526,-18.497426375811774],[-64.126621610483113,-18.497426488573122],[-64.126621492296351,-18.497408415745017],[-64.126602549739772,-18.497408528504351],[-64.126602313370611,-18.497372382847807],[-64.126583370817883,-18.49737249560501],[-64.126583134453227,-18.497336349948075],[-64.12656419190435,-18.497336462703146],[-64.126564073724211,-18.497318389874515],[-64.126545131177195,-18.497318502627571],[-64.126545012999173,-18.497300429798774],[-64.126526070453977,-18.497300542549816],[-64.126525361400695,-18.497192105575667],[-64.126506418867294,-18.497192218324109],[-64.126487476333736,-18.497192331070657],[-64.126487358162635,-18.497174258241266],[-64.126468415630967,-18.4971743709858],[-64.126449473099115,-18.49717448372844],[-64.12644935493212,-18.497156410898778],[-64.126430412402144,-18.497156523639404],[-64.126430530567148,-18.497174596469186],[-64.126411588035026,-18.497174709208032],[-64.126411706198184,-18.497192782037899],[-64.126392763663972,-18.497192894774972],[-64.126392881825268,-18.497210967604897],[-64.126336054215813,-18.497211305805099],[-64.126335936060471,-18.497193232974819],[-64.126316993525691,-18.497193345704311],[-64.126316875372467,-18.497175272873861],[-64.126203220172911,-18.497175949210316],[-64.126203338314212,-18.497194022041477],[-64.126070740561261,-18.497194811015277],[-64.126070858688806,-18.497212883847205],[-64.125938260915305,-18.497213672728975],[-64.125938142801658,-18.497195599896223],[-64.125843430112155,-18.497196163325764],[-64.125843548215855,-18.497214236159106],[-64.125729892972004,-18.497214912212726],[-64.125730011063951,-18.497232985046764],[-64.125692125977594,-18.497233210383047],[-64.12569200788964,-18.497215137548775],[-64.125673065348266,-18.497215250213955],[-64.12567318343423,-18.497233323048345],[-64.125597413259399,-18.497233773690592],[-64.125597295181365,-18.497215700855733],[-64.125502582469665,-18.497216264115313],[-64.125502700537751,-18.497234336950765],[-64.12546481544814,-18.497234562241566],[-64.125464933512404,-18.497252635077217],[-64.125370220776077,-18.49725319827165],[-64.125370338830535,-18.497271271107856],[-64.125351396280877,-18.497271383741175],[-64.125351514333488,-18.497289456577462],[-64.125332571781712,-18.497289569209006],[-64.12533245373109,-18.497271496372601],[-64.125313511181162,-18.49727160900213],[-64.125313629229794,-18.497289681838652],[-64.125275744125545,-18.497289907092263],[-64.125276098260358,-18.497344125602307],[-64.125238213143675,-18.49734435084904],[-64.125238331184917,-18.497362423685903],[-64.125011020449406,-18.497363775008559],[-64.125011138466959,-18.497381847846786],[-64.12497325333851,-18.497382073040932],[-64.124973371352212,-18.497400145879343],[-64.124954428785799,-18.497400258473693],[-64.124954546797653,-18.497418331312211],[-64.124935604229108,-18.497418443904781],[-64.124935722239115,-18.497436516743374],[-64.124916779668439,-18.497436629334167],[-64.124916897676599,-18.497454702172849],[-64.124897955103833,-18.49745481476187],[-64.124898073110131,-18.497472887600608],[-64.124860187960181,-18.497473112773196],[-64.124860305962656,-18.497491185612162],[-64.124841363385485,-18.497491298195733],[-64.124841481386099,-18.49750937103477],[-64.124784653647836,-18.497509708774459],[-64.124784771642638,-18.497527781613826],[-64.124746886479116,-18.497528006764377],[-64.124747004470095,-18.497546079603932],[-64.124728061886159,-18.497546192176483],[-64.124728179875277,-18.497564265016109],[-64.124671352116664,-18.497564602722743],[-64.124671470099955,-18.497582675562711],[-64.124652527511486,-18.497582788127922],[-64.12465264549293,-18.497600860967957],[-64.124633702902358,-18.497600973531387],[-64.124633820881954,-18.497619046371522],[-64.124558050510345,-18.497619496606756],[-64.12455816848211,-18.497637569447299],[-64.124539225886878,-18.497637682001493],[-64.12453934385681,-18.497655754842132],[-64.12452040125946,-18.497655867394542],[-64.124520519227545,-18.497673940235281],[-64.124444748828822,-18.49767439042645],[-64.124444866789091,-18.497692463267608],[-64.124425924187079,-18.497692575810781],[-64.124426042145501,-18.497710648652031],[-64.124407099541358,-18.497710761193428],[-64.124407217497932,-18.497728834034735],[-64.1243882748917,-18.497728946574352],[-64.124388392846427,-18.497747019415765],[-64.124369450238049,-18.497747131953609],[-64.124369568190914,-18.497765204795098],[-64.124350625580419,-18.497765317331162],[-64.124350743531437,-18.497783390172746],[-64.12431285830607,-18.49778361523942],[-64.12431297625325,-18.497801688081175],[-64.124218263177525,-18.497802250715292],[-64.1242183811149,-18.497820323557619],[-64.124199438497385,-18.497820436078875],[-64.124199556432913,-18.497838508921291],[-64.124180613813252,-18.497838621440767],[-64.124180731746947,-18.497856694283257],[-64.124161789125154,-18.497856806800957],[-64.124161907056987,-18.497874879643543],[-64.124142964433076,-18.497874992159467],[-64.124143082363076,-18.497893065002106],[-64.124124139737063,-18.49789317751625],[-64.124124257665201,-18.497911250359],[-64.124105315037042,-18.49791136287137],[-64.124105432963333,-18.497929435714187],[-64.124067547702637,-18.497929660733476],[-64.124067665625091,-18.497947733576506],[-64.124048722992555,-18.497947846083427],[-64.124048840913161,-18.497965918926532],[-64.124010955643712,-18.497966143934917],[-64.124011073560496,-18.497984216778203],[-64.123992130923568,-18.497984329279674],[-64.123992248838476,-18.498002402123067],[-64.123954363560287,-18.498002627120556],[-64.123954481471372,-18.49802069996414],[-64.123935538830082,-18.498020812460162],[-64.123935656739306,-18.498038885303835],[-64.123916714095898,-18.498038997798076],[-64.12391683200326,-18.498057070641813],[-64.123860004066245,-18.498057408113521],[-64.123860121967809,-18.498075480957588],[-64.123841179319882,-18.498075593444486],[-64.123841297219585,-18.498093666288646],[-64.123784469269026,-18.498094003738316],[-64.123784587162902,-18.4981120765828],[-64.123765644510456,-18.498112189062347],[-64.123765762402485,-18.498130261906898],[-64.123746819747922,-18.498130374384672],[-64.123746937638103,-18.498148447229291],[-64.123652224353293,-18.498149009590321],[-64.123652342233683,-18.498167082435518],[-64.123633399574317,-18.498167194902155],[-64.123633517452845,-18.498185267747424],[-64.123614574791361,-18.498185380212284],[-64.123614692668056,-18.498203453057645],[-64.123595750004469,-18.498203565520729],[-64.123595867879303,-18.498221638366147],[-64.123576925213584,-18.498221750827454],[-64.123577043086556,-18.498239823672968],[-64.123539157750727,-18.498240048590134],[-64.123539275619876,-18.49825812143586],[-64.123520332949795,-18.498258233891715],[-64.123520450817097,-18.498276306737512],[-64.123501508144855,-18.49827641919159],[-64.123501626010309,-18.498294492037484],[-64.123482683335965,-18.498294604489782],[-64.123482801199557,-18.498312677335733],[-64.123463858523081,-18.498312789786258],[-64.123463976384826,-18.498330862632308],[-64.123426091027525,-18.498331087527905],[-64.123426208885434,-18.498349160374154],[-64.12340726620458,-18.498349272819226],[-64.123407384060627,-18.49836734566556],[-64.123331613327949,-18.498367795427377],[-64.123331731176194,-18.498385868274141],[-64.123312788490693,-18.498385980709973],[-64.123312906337091,-18.498404053556804],[-64.123293963649473,-18.498404165990859],[-64.123294081494024,-18.49842223883779],[-64.123142539972264,-18.498423138242956],[-64.123142657801068,-18.498441211090789],[-64.123161600493745,-18.498441098671663],[-64.123218428570965,-18.4984407614029],[-64.123218546407841,-18.498458834250236],[-64.123237489101982,-18.498458721823404],[-64.123237606940975,-18.498476794670566],[-64.123256549636949,-18.49847668224173],[-64.123256667478074,-18.49849475508876],[-64.123275610175867,-18.498494642657903],[-64.123275963705993,-18.498548861198422],[-64.123294906409654,-18.49854874876532],[-64.123295024255285,-18.498566821611949],[-64.123276081549648,-18.498566934045169],[-64.123257138843897,-18.498567046476492],[-64.123257021002246,-18.498548973629628],[-64.1232380782983,-18.498549086058937],[-64.123237960458766,-18.498531013211899],[-64.123219017756711,-18.4985311256392],[-64.123200075054484,-18.498531238064601],[-64.123199957219057,-18.498513165217286],[-64.123181014518693,-18.498513277640676],[-64.123180896685398,-18.498495204793219],[-64.123143011288263,-18.498495429634083],[-64.123124068589476,-18.498495542051668],[-64.12312371510825,-18.498441323508022],[-64.123104772415289,-18.498441435923365],[-64.123104890240242,-18.498459508771404],[-64.123085947545192,-18.498459621184967],[-64.123086065368298,-18.49847769403307],[-64.123067122671088,-18.49847780644485],[-64.123067004849972,-18.498459733596633],[-64.123048062154623,-18.498459846006405],[-64.12304817997375,-18.498477918854739],[-64.123029237276285,-18.498478031262739],[-64.123029355093578,-18.498496104111176],[-64.122972526994403,-18.498496441324143],[-64.122972644805856,-18.498514514172889],[-64.122915816699518,-18.498514851369151],[-64.122915934505144,-18.498532924218232],[-64.122878049096244,-18.498533149006498],[-64.122878166898047,-18.498551221855767],[-64.122859224191416,-18.498551334247178],[-64.122859341991372,-18.498569407096507],[-64.12276462844622,-18.498569969025709],[-64.122764510656197,-18.49855189617579],[-64.122745567948741,-18.49855200855583],[-64.122745450160863,-18.498533935705733],[-64.12232871060634,-18.498536407584499],[-64.122328828350533,-18.498554480437178],[-64.12230988563995,-18.49855459277363],[-64.122310356610157,-18.49862688418445],[-64.122291413891531,-18.498626996519473],[-64.122291531632428,-18.498645069372191],[-64.122234703469687,-18.498645406366244],[-64.122234821204756,-18.498663479219296],[-64.122196935758311,-18.498663703872758],[-64.122197288952449,-18.498717922432427],[-64.122178346223052,-18.498718034756667],[-64.122178581682519,-18.498754180463152],[-64.122159638949,-18.498754292785733],[-64.12215975667695,-18.498772365639045],[-64.122140813941328,-18.498772477959843],[-64.122140931667417,-18.498790550813247],[-64.122121988929678,-18.498790663132269],[-64.122122106653933,-18.498808735985744],[-64.122141049393662,-18.498808623666605],[-64.122141284846535,-18.498844769373211],[-64.122160227590115,-18.498844657051936],[-64.122160463047507,-18.49888080275818],[-64.122141520299948,-18.498880915079685],[-64.122141991208423,-18.498953206492207],[-64.122123048452821,-18.498953318812291],[-64.122124461167417,-18.499170193047867],[-64.122143403946865,-18.499170080726376],[-64.122143521675952,-18.499188153578995],[-64.122162464457276,-18.49918804125549],[-64.12216258218848,-18.499206114107963],[-64.122181524971651,-18.499206001782447],[-64.122181642704973,-18.499224074634746],[-64.122162699919826,-18.49922418696038],[-64.122162817651301,-18.499242259812771],[-64.122143874864022,-18.499242372136631],[-64.122143992593649,-18.499260444989115],[-64.122068221435256,-18.499260894266062],[-64.122068339157082,-18.499278967118972],[-64.122011510780908,-18.499279304057133],[-64.122011628496892,-18.499297376910373],[-64.12199268570258,-18.499297489219419],[-64.121993274274658,-18.499387853485633],[-64.122012217078904,-18.499387741175997],[-64.122012687946963,-18.499460032587862],[-64.121993745134759,-18.499460144897967],[-64.121994098281263,-18.499514363456839],[-64.121975155462977,-18.499514475765398],[-64.121975273176744,-18.499532548618415],[-64.121956330356355,-18.499532660925198],[-64.121956448068289,-18.499550733778293],[-64.121880676777351,-18.499551182986941],[-64.12188079448147,-18.499569255840449],[-64.121861851656419,-18.49956936813799],[-64.121862087061089,-18.499605513845179],[-64.121843144231917,-18.499605626141058],[-64.121843379633177,-18.499641771848324],[-64.121862322466328,-18.499641659552211],[-64.121862440169139,-18.499659732405672],[-64.121843497333998,-18.499659844701906],[-64.121843615034962,-18.499677917555459],[-64.121824672197718,-18.499678029849917],[-64.121824789896834,-18.499696102703549],[-64.12176796137831,-18.499696439575899],[-64.121767843685149,-18.499678366721913],[-64.121748900847351,-18.499678479008789],[-64.121749018538509,-18.49969655186289],[-64.121730075698608,-18.499696664147987],[-64.121730193387918,-18.499714737002179],[-64.121692307703711,-18.499714961566923],[-64.121692425389199,-18.49973303442129],[-64.121673482544892,-18.499733146700937],[-64.121673717912287,-18.499769292409834],[-64.121654775063874,-18.499769404687822],[-64.121654892745809,-18.499787477542334],[-64.121635949895264,-18.499787589818549],[-64.121636067575338,-18.49980566267314],[-64.121617124722704,-18.499805774947571],[-64.121617360079256,-18.49984192065688],[-64.121598417222486,-18.499842032929649],[-64.121598534898993,-18.499860105784371],[-64.121579592040121,-18.499860218055364],[-64.121579827389553,-18.499896363764925],[-64.121541941663423,-18.499896588301695],[-64.121542294676672,-18.499950806866515],[-64.121523351807454,-18.499950919132406],[-64.121523469476841,-18.499968991987387],[-64.121504526605491,-18.499969104251502],[-64.121504408938108,-18.499951031396403],[-64.121485466068606,-18.499951143658507],[-64.121466523198976,-18.499951255918713],[-64.121466405535713,-18.499933183063334],[-64.121447462667945,-18.499933295321529],[-64.1214473450068,-18.499915222466001],[-64.121371573542277,-18.499915671479354],[-64.121352630675815,-18.499915783727957],[-64.121352513024732,-18.49989771087181],[-64.121333570160118,-18.499897823118403],[-64.121333452511166,-18.499879750262121],[-64.121314509648386,-18.499879862506699],[-64.121314274354845,-18.499843716793755],[-64.121333217213646,-18.499843604549415],[-64.121332981916666,-18.499807458836589],[-64.121314039061858,-18.499807571080694],[-64.121313803769397,-18.499771425367474],[-64.121294860918411,-18.499771537609448],[-64.121275918067283,-18.499771649849528],[-64.121275800425238,-18.499753576992635],[-64.121256857575986,-18.499753689230701],[-64.121237914726564,-18.499753801466873],[-64.121237797088625,-18.499735728609704],[-64.121218854241079,-18.499735840843865],[-64.121218501334013,-18.499681622271812],[-64.121199558492293,-18.499681734503724],[-64.121199440858859,-18.499663661646178],[-64.121180498019001,-18.499663773876076],[-64.121180380387685,-18.499645701018387],[-64.121161437549659,-18.499645813246275],[-64.121161319920489,-18.499627740388448],[-64.121123434247977,-18.499627964838304],[-64.121104491411529,-18.499628077060386],[-64.121104373788455,-18.499610004202143],[-64.121085430953869,-18.499610116422215],[-64.12108519571207,-18.499573970705402],[-64.1210473100504,-18.499574195139388],[-64.121028367219381,-18.499574307353541],[-64.12102813199003,-18.499538161635904],[-64.121009189162848,-18.499538273847925],[-64.121009071550375,-18.499520200988922],[-64.120990128725026,-18.499520313198936],[-64.120989893504444,-18.499484167480595],[-64.120933065039523,-18.499484504098547],[-64.120914122217627,-18.499484616300737],[-64.120913534208285,-18.499394252001967],[-64.120894591396151,-18.499394364201677],[-64.120894473796682,-18.499376291341697],[-64.120761874121982,-18.499377076685786],[-64.120742931310787,-18.499377188870216],[-64.120742813727333,-18.499359116009252],[-64.120723870917971,-18.499359228191672],[-64.120723753336648,-18.499341155330566],[-64.120704810529119,-18.499341267510971],[-64.120685867721477,-18.499341379689483],[-64.120685750144261,-18.499323306828099],[-64.120666807338452,-18.4993234190046],[-64.120666689763368,-18.499305346143085],[-64.120647746959435,-18.499305458317572],[-64.120647511813601,-18.499269312594166],[-64.120590683412871,-18.49926964910555],[-64.120571740612377,-18.499269761272217],[-64.120571035225851,-18.499161324098353],[-64.120552092437109,-18.499161436262426],[-64.120551739751633,-18.49910721767468],[-64.120532796968732,-18.499107329836505],[-64.120532679409166,-18.499089256973726],[-64.120494793846902,-18.499089481291456],[-64.120475851065592,-18.499089593447476],[-64.120475733512123,-18.499071520584316],[-64.120456790732632,-18.499071632738325],[-64.12045667318128,-18.49905355987503],[-64.120437730403665,-18.499053672027028],[-64.120437612854431,-18.499035599163552],[-64.120418670078635,-18.499035711313539],[-64.120399727302754,-18.499035823461625],[-64.120399609757627,-18.499017750597893],[-64.120380666983564,-18.499017862743969],[-64.120380549440569,-18.498999789880077],[-64.120361606668354,-18.498999902024142],[-64.120361489127475,-18.498981829160115],[-64.120342546357122,-18.498981941302169],[-64.120342428818361,-18.498963868437979],[-64.120247714974468,-18.498964429119223],[-64.12022877220528,-18.498964541249787],[-64.12022865467857,-18.498946468384844],[-64.120247597445768,-18.498946356254404],[-64.120247479917225,-18.498928283389549],[-64.120228537152016,-18.498928395519879],[-64.120228419625576,-18.498910322654872],[-64.120209476862229,-18.498910434783191],[-64.120209359337935,-18.498892361918053],[-64.120190416576406,-18.498892474044357],[-64.12019018153218,-18.4988563283137],[-64.120171238774489,-18.498856440437876],[-64.120152296016684,-18.498856552560152],[-64.120152178498742,-18.49883847969453],[-64.120133235742799,-18.498838591814796],[-64.120114292986699,-18.498838703933167],[-64.120114175472864,-18.498820631067307],[-64.120076289964231,-18.498820855298128],[-64.120057347209723,-18.498820967410694],[-64.12005722970197,-18.498802894544433],[-64.120038286949324,-18.498803006654985],[-64.120038169443717,-18.498784933788556],[-64.120019226692889,-18.498785045897101],[-64.1200191091894,-18.498766973030531],[-64.120000166440434,-18.498767085137064],[-64.120000048939062,-18.498749012270327],[-64.119981106191943,-18.498749124374847],[-64.119980988692689,-18.498731051507988],[-64.119962045947446,-18.498731163610493],[-64.119961928450309,-18.498713090743458],[-64.119942985706899,-18.498713202843952],[-64.119942633222266,-18.49865898424229],[-64.119923690484683,-18.498659096340539],[-64.119923572992064,-18.498641023473152],[-64.119904630256329,-18.498641135569386],[-64.119904512765842,-18.498623062701817],[-64.11988557003194,-18.498623174796041],[-64.119866627297952,-18.498623286888368],[-64.119866509811558,-18.498605214020547],[-64.11984756707939,-18.498605326110859],[-64.119847449595113,-18.498587253242871],[-64.119828506864792,-18.498587365331176],[-64.119828389382647,-18.498569292463063],[-64.119809446654187,-18.498569404549354],[-64.11980932917416,-18.498551331681064],[-64.119790386447534,-18.498551443765344],[-64.119771443720808,-18.498551555847726],[-64.119771208769109,-18.498515410110574],[-64.119752266046191,-18.498515522190829],[-64.119752031099011,-18.498479376453318],[-64.119733088379931,-18.498479488531441],[-64.11973297090853,-18.498461415662504],[-64.119714028191297,-18.498461527738616],[-64.119713910722012,-18.498443454869538],[-64.119732853437256,-18.498443342793539],[-64.119732618495149,-18.498407197055517],[-64.119713675783871,-18.498407309131277],[-64.119713440846255,-18.498371163392864],[-64.119694498138841,-18.498371275466493],[-64.119694380672229,-18.498353202597119],[-64.119675437966649,-18.498353314668734],[-64.119675320502154,-18.498335241799204],[-64.119656377798421,-18.498335353868807],[-64.119656260336043,-18.498317280999142],[-64.119637317634172,-18.498317393066738],[-64.119618374932159,-18.498317505132434],[-64.119618257473888,-18.498299432262474],[-64.119599314773737,-18.498299544326159],[-64.119599197317584,-18.498281471456064],[-64.119580254619279,-18.498281583517738],[-64.119580019711378,-18.498245437777182],[-64.119561077016883,-18.498245549836728],[-64.119560959565121,-18.498227476966303],[-64.119542016872501,-18.498227589023834],[-64.119541194727844,-18.498101078928926],[-64.119560137406566,-18.498100966872215],[-64.119560019955884,-18.498082894001492],[-64.119578962632488,-18.498082781943001],[-64.119578727727557,-18.498046636201693],[-64.11959767040004,-18.498046524141543],[-64.11959743549167,-18.498010378400313],[-64.119616378160046,-18.498010266338504],[-64.119615790881582,-18.497919901985416],[-64.119634733539897,-18.497919789922296],[-64.119634616082621,-18.497901717051707],[-64.119653558738818,-18.497901604986808],[-64.119653323820714,-18.49786545924572],[-64.119634381168481,-18.497865571310381],[-64.119634263711617,-18.497847498439665],[-64.119615321061247,-18.497847610502316],[-64.1196152036065,-18.49782953763145],[-64.119596260957991,-18.49782964969209],[-64.119596143505362,-18.497811576821089],[-64.119615086151882,-18.49781146476057],[-64.119614733788865,-18.497757246147643],[-64.119595791148313,-18.497757358207814],[-64.119595673696239,-18.497739285336674],[-64.119576731057492,-18.497739397394831],[-64.119576613607535,-18.497721324523514],[-64.119557670970664,-18.49772143657966],[-64.119557553522824,-18.497703363708197],[-64.119538610887801,-18.497703475762332],[-64.11953825855106,-18.497649257147394],[-64.119557201180115,-18.497649145093611],[-64.119557083732815,-18.497631072221996],[-64.119538141105735,-18.497631184275662],[-64.119538023660567,-18.497613111403911],[-64.119519081035349,-18.497613223455563],[-64.119518963592284,-18.497595150583646],[-64.119500020968914,-18.497595262633286],[-64.119499903527995,-18.497577189761241],[-64.119480960906458,-18.497577301808871],[-64.119480843467642,-18.497559228936659],[-64.119405072988144,-18.497559677107752],[-64.119386130367914,-18.497559789145786],[-64.119386012939174,-18.497541716272945],[-64.119348127702295,-18.497541940343094],[-64.119329185083686,-18.497542052375326],[-64.119329067661027,-18.497523979502109],[-64.119310125044251,-18.49752409153233],[-64.11931000762371,-18.49750601865895],[-64.119291065008767,-18.497506130687157],[-64.119290830172091,-18.497469984940079],[-64.119271887560998,-18.497470096966158],[-64.119271770144834,-18.49745202409245],[-64.119290712753951,-18.497451912066488],[-64.119290477918085,-18.497415766319197],[-64.119271535312933,-18.497415878344928],[-64.119271300481572,-18.497379732597246],[-64.119252357880299,-18.497379844620845],[-64.119233415278856,-18.497379956642547],[-64.119233297867353,-18.497361883768427],[-64.119214355267772,-18.497361995788122],[-64.119214237858387,-18.497343922913835],[-64.119195295260639,-18.497344034931515],[-64.119195177853385,-18.497325962057104],[-64.119176235257498,-18.49732607407277],[-64.119176117852348,-18.497308001198185],[-64.119157175258337,-18.49730811321184],[-64.119157057855332,-18.497290040337106],[-64.119138115263127,-18.497290152348754],[-64.119137293459701,-18.497163642223835],[-64.119118350881294,-18.497163754232762],[-64.119118116085502,-18.497127608482227],[-64.119099173510918,-18.497127720489026],[-64.119099056115203,-18.497109647613584],[-64.119080113542495,-18.497109759618368],[-64.119079878755471,-18.497073613867173],[-64.119060936186571,-18.497073725869829],[-64.119060818795248,-18.497055652994046],[-64.119041876228195,-18.497055764994691],[-64.119041758838989,-18.497037692118766],[-64.119022816273812,-18.497037804117397],[-64.119022698886724,-18.497019731241309],[-64.11900375632338,-18.497019843237929],[-64.119003638938409,-18.497001770361713],[-64.118984696376941,-18.497001882356322],[-64.118984226846379,-18.496929590850559],[-64.118965284292713,-18.496929702842802],[-64.118965166912389,-18.496911629966181],[-64.118946224360542,-18.49691174195641],[-64.118946106982349,-18.496893669079608],[-64.118927164432392,-18.496893781067829],[-64.118926108052591,-18.496731125174055],[-64.118907165520383,-18.496731237159327],[-64.118906930774784,-18.496695091404511],[-64.118887988246371,-18.496695203387652],[-64.118887870875767,-18.49667713051009],[-64.118868928349215,-18.496677242491216],[-64.118868810980715,-18.496659169613512],[-64.11884986845601,-18.496659281592631],[-64.118849751089655,-18.496641208714752],[-64.118830808566798,-18.496641320691857],[-64.118830104383335,-18.496532883423178],[-64.118811161872287,-18.49653299539769],[-64.118810692427289,-18.496460703884065],[-64.118791749924043,-18.49646081585621],[-64.118791632565106,-18.496442742977592],[-64.118810575066391,-18.496442631005564],[-64.118810105624121,-18.496370339491246],[-64.118791163130766,-18.496370451462809],[-64.118790811056442,-18.496316232826338],[-64.118771868568928,-18.496316344795652],[-64.118771751213075,-18.496298271916647],[-64.118752808727422,-18.496298383883946],[-64.118752691373686,-18.496280311004774],[-64.118733748889881,-18.496280422970063],[-64.118714806405961,-18.496280534933462],[-64.118714571706832,-18.496244389174578],[-64.118695629226721,-18.496244501135845],[-64.11869527718504,-18.496190282496865],[-64.118676334710742,-18.496190394455887],[-64.118675865331653,-18.496118102936318],[-64.118656922865171,-18.49611821489297],[-64.118637980398574,-18.496118326847732],[-64.118637745717791,-18.496082181087274],[-64.118618803255018,-18.496082293039908],[-64.118618568578725,-18.496046147279056],[-64.118599626119803,-18.496046259229558],[-64.118599508783845,-18.496028186348958],[-64.118618451240792,-18.496028074398573],[-64.118618216565324,-18.495991928637537],[-64.118599274112341,-18.495992040587691],[-64.118580331659217,-18.495992152535948],[-64.118580214325675,-18.495974079655124],[-64.118579862325802,-18.495919861012478],[-64.118560919880494,-18.495919972958369],[-64.118560567887798,-18.495865754315037],[-64.118541625448344,-18.495865866258683],[-64.118541508119691,-18.495847793377386],[-64.118522565682056,-18.495847905319025],[-64.118522448355549,-18.495829832437593],[-64.118503505919747,-18.49582994437722],[-64.118503388595357,-18.495811871495611],[-64.118484446161432,-18.495811983433224],[-64.118484211517,-18.495775837669683],[-64.118503153946961,-18.495775725732305],[-64.118502801975396,-18.49572150708709],[-64.11852174439926,-18.49572139514817],[-64.118521275097777,-18.49564910362119],[-64.118540217513569,-18.495648991680838],[-64.118539748206302,-18.495576700153777],[-64.118558690613995,-18.495576588212],[-64.118558455957199,-18.495540442448476],[-64.118539513553486,-18.495540554390018],[-64.118538926923804,-18.495450189980016],[-64.118519984529868,-18.495450301919075],[-64.118519867206317,-18.495432229036858],[-64.118500924814228,-18.495432340973906],[-64.118500807492794,-18.495414268091547],[-64.118481865102552,-18.495414380026585],[-64.11848174778325,-18.495396307144052],[-64.118462805394884,-18.495396419077075],[-64.118462688077713,-18.4953783461944],[-64.118443745691167,-18.495378458125412],[-64.118443393746389,-18.495324239476822],[-64.118424451365684,-18.495324351405589],[-64.118424334053003,-18.495306278522527],[-64.118405391674131,-18.495306390449279],[-64.118405157053175,-18.495270244682832],[-64.118386214678139,-18.495270356607456],[-64.11836727230299,-18.495270468530187],[-64.118364222383008,-18.494800573547526],[-64.118383164706529,-18.49480046162784],[-64.118382930097113,-18.494764315859204],[-64.118401872416541,-18.494764203937851],[-64.118401755110042,-18.494746131053592],[-64.118420697427354,-18.494746019130467],[-64.118420580119007,-18.494727946246279],[-64.118439522434187,-18.494727834321377],[-64.118439287813942,-18.494691688553143],[-64.118458230125029,-18.494691576626582],[-64.118457526255611,-18.494583139321769],[-64.118438583956447,-18.494583251247633],[-64.118419641657155,-18.494583363171596],[-64.118419407043021,-18.494547217402566],[-64.118400464747566,-18.494547329324401],[-64.118381522451969,-18.494547441244347],[-64.118381053241251,-18.49447514970494],[-64.118399995528904,-18.494475037785463],[-64.118399878224579,-18.494456964900632],[-64.118456705080774,-18.494456629131193],[-64.118456587770623,-18.494438556246681],[-64.118532356902364,-18.49443810852804],[-64.118532239584411,-18.494420035643987],[-64.118551181865001,-18.494419923709707],[-64.118550947225529,-18.494383777941675],[-64.118569889502041,-18.494383666005735],[-64.118569185574913,-18.494275228701532],[-64.118588127839388,-18.494275116764399],[-64.118587893194118,-18.494238970996289],[-64.118606835454486,-18.4942388590575],[-64.118606600805791,-18.494202713289468],[-64.118682369829941,-18.494202265516282],[-64.118682252497848,-18.494184192632705],[-64.118701194751566,-18.494184080684789],[-64.118700138751024,-18.494021424731894],[-64.118719080986708,-18.494021312783136],[-64.118718259646627,-18.493894802596422],[-64.118699317424841,-18.493894914544359],[-64.118699082761424,-18.493858768776164],[-64.118680140543461,-18.493858880721973],[-64.118679201911121,-18.493714297646893],[-64.118717086315144,-18.493714073755253],[-64.118716968982739,-18.493696000870937],[-64.118735911182583,-18.493695888922396],[-64.118735793848316,-18.493677816038179],[-64.118754736046043,-18.493677704087858],[-64.118754032031433,-18.493569266782448],[-64.118772974217094,-18.493569154830936],[-64.118772856879829,-18.493551081946691],[-64.118791799063374,-18.493550969993404],[-64.118791681724232,-18.493532897109237],[-64.118810623905645,-18.493532785154166],[-64.118810271883106,-18.493478566501842],[-64.118829214058437,-18.49347845454523],[-64.118829096715871,-18.493460381661155],[-64.118848038889084,-18.493460269702766],[-64.11884792154467,-18.493442196818783],[-64.118866863715766,-18.493442084858618],[-64.118866746369505,-18.493424011974735],[-64.118885688538469,-18.49342390001279],[-64.118885571190361,-18.49340582712896],[-64.118923455523898,-18.493405603199626],[-64.118923338171953,-18.493387530316006],[-64.118961222500999,-18.493387306379326],[-64.118961105145218,-18.493369233495898],[-64.118980047307531,-18.493369121524832],[-64.118979929949887,-18.493351048641507],[-64.119017814270194,-18.493350824693927],[-64.119017696908713,-18.49333275181079],[-64.119036639066678,-18.493332639834275],[-64.119036052251431,-18.493242275418623],[-64.11905499439932,-18.493242163440801],[-64.119054877034685,-18.493224090557682],[-64.119035934888785,-18.493224202535387],[-64.119035817526282,-18.493206129652116],[-64.119054759670192,-18.493206017674527],[-64.119054642305841,-18.493187944791334],[-64.119073584447619,-18.493187832811969],[-64.119073114983607,-18.493115541279341],[-64.119092057117328,-18.493115429298545],[-64.11909193974968,-18.493097356415429],[-64.119110881881269,-18.493097244432864],[-64.119110764511774,-18.493079171549809],[-64.11912970664126,-18.493079059565463],[-64.119129471898688,-18.493042913799489],[-64.119148414024039,-18.49304280181348],[-64.119148179278042,-18.493006656047626],[-64.119167121399315,-18.493006544059959],[-64.119167004024533,-18.492988471177078],[-64.119185946143674,-18.492988359187631],[-64.119185828767044,-18.492970286304843],[-64.119223713000963,-18.492970062320502],[-64.119223595620483,-18.492951989437902],[-64.119261479849868,-18.492951765446222],[-64.119261362465579,-18.492933692563845],[-64.119280304578098,-18.492933580565275],[-64.119280187191933,-18.492915507682969],[-64.119261245081404,-18.492915619681419],[-64.119260540779237,-18.492807182386116],[-64.119241598680475,-18.492807294381965],[-64.119241481299241,-18.492789221499166]]],[[[-64.123314084808541,-18.498584782023336],[-64.123295142101057,-18.49858489445857],[-64.123295024255285,-18.498566821611949],[-64.123313966960779,-18.498566709176835],[-64.123314084808541,-18.498584782023336]]]]},"properties":{"FID":9,"Zona":"Yaguari","IDUH":10,"UH":"SC10 - Yag","AreaHa":56.642400000000002}},{"type":"Feature","id":10,"geometry":{"type":"Polygon","coordinates":[[[-64.129916170231567,-18.494298203089567],[-64.129916051720727,-18.494280130276092],[-64.129934993911689,-18.494280017203586],[-64.129934875399002,-18.494261944390175],[-64.129953817587861,-18.494261831315889],[-64.129953699073326,-18.494243758502559],[-64.129972641260053,-18.494243645426497],[-64.129972759776578,-18.494261718239709],[-64.129991701965153,-18.494261605161636],[-64.129991583446639,-18.494243532348541],[-64.130010525633111,-18.494243419268688],[-64.130010407112749,-18.494225346455682],[-64.130029349297075,-18.494225233374056],[-64.130029230774852,-18.494207160561128],[-64.130048172957075,-18.494207047477726],[-64.130048054433004,-18.494188974664901],[-64.13006699661311,-18.494188861579723],[-64.13006652251029,-18.494116570328487],[-64.130199117711484,-18.494115778682492],[-64.130198880633102,-18.494079633058309],[-64.130217822800176,-18.494079519958682],[-64.130217467177673,-18.494025301522527],[-64.130236409338664,-18.494025188421357],[-64.130236172253703,-18.493989042797299],[-64.130255114410588,-18.493988929694478],[-64.130254995866323,-18.493970856882505],[-64.130273938021091,-18.493970743777901],[-64.130273819474979,-18.493952670966028],[-64.130292761627601,-18.49395255785965],[-64.130292643079642,-18.493934485047873],[-64.130311585230146,-18.493934371939723],[-64.13031146668034,-18.493916299128003],[-64.13033040882874,-18.493916186018073],[-64.130330290277072,-18.493898113206445],[-64.130368174569469,-18.493897886981138],[-64.130368056013978,-18.493879814169702],[-64.130614303875461,-18.493878343522013],[-64.130614185294291,-18.493860270712108],[-64.130633127434521,-18.493860157572222],[-64.130633008851504,-18.493842084762381],[-64.13065195098963,-18.493841971620718],[-64.130652069574637,-18.493860044430438],[-64.130671011714611,-18.49385993128676],[-64.130689953854457,-18.493859818141189],[-64.130690072443571,-18.493877890950618],[-64.13070901458525,-18.493877777803032],[-64.130765841009492,-18.493877438348907],[-64.130765959606677,-18.493895511157856],[-64.130784901749806,-18.493895398002575],[-64.130917496747855,-18.493894605862547],[-64.130917615361071,-18.493912678670508],[-64.131069152509355,-18.493911773252997],[-64.131069033880252,-18.493893700445984],[-64.131087976021206,-18.493893587260388],[-64.131087857390256,-18.49387551445345],[-64.131182568082963,-18.493874948497641],[-64.131182686723832,-18.49389302130399],[-64.131201628863963,-18.493892908107021],[-64.131201747506964,-18.493910980913206],[-64.131220689648927,-18.493910867714227],[-64.131239631790748,-18.493910754513358],[-64.131239750437857,-18.493928827319277],[-64.131258692581525,-18.493928714116393],[-64.131277634725066,-18.493928600911612],[-64.131277753376281,-18.493946673717236],[-64.131524001255684,-18.493945201881157],[-64.131523882578648,-18.493927129077075],[-64.131542824720285,-18.493927015845774],[-64.131542706041401,-18.493908943041745],[-64.131561648180906,-18.493908829808667],[-64.131561529500189,-18.493890757004735],[-64.131732008731689,-18.493889737822823],[-64.131732127430283,-18.493907810625689],[-64.131751069568423,-18.493907697373665],[-64.131751188269135,-18.493925770176386],[-64.131770130409109,-18.493925656922347],[-64.131770249111952,-18.49394372972489],[-64.131789191253787,-18.493943616468837],[-64.131789547369095,-18.493997834875955],[-64.131808489516743,-18.493997721617653],[-64.131827431664277,-18.493997608357457],[-64.131827550373615,-18.494015681159524],[-64.131846492522968,-18.494015567897318],[-64.131865434672193,-18.49401545463321],[-64.131865672099238,-18.494051600236755],[-64.1318846142523,-18.494051486970516],[-64.131884732968018,-18.494069559772118],[-64.131903675122942,-18.494069446503868],[-64.131903793840777,-18.494087519305324],[-64.131922735997534,-18.494087406035064],[-64.131922617277723,-18.494069333233725],[-64.131998385895443,-18.494068880134204],[-64.131998504623212,-18.494086952935067],[-64.132017446779287,-18.494086839655331],[-64.132017565509173,-18.494104912456034],[-64.132036507667081,-18.494104799174288],[-64.132036626399099,-18.494122871974817],[-64.132093452878024,-18.494122532117849],[-64.132093334140052,-18.494104459317676],[-64.13211227629742,-18.494104346028347],[-64.132112038817922,-18.494068200428085],[-64.132130980971198,-18.494068087137098],[-64.132130862229658,-18.494050014337041],[-64.132149804380816,-18.494049901044278],[-64.13214968563743,-18.494031828244289],[-64.13222545423271,-18.494031375054774],[-64.132225572984026,-18.494049447854291],[-64.132244515134488,-18.494049334552056],[-64.132244752641512,-18.49408548015073],[-64.132263694795824,-18.494085366846363],[-64.132263932307353,-18.494121512444632],[-64.13228287446546,-18.494121399138137],[-64.132282993223427,-18.494139471937117],[-64.13230193538341,-18.494139358628608],[-64.132396646181263,-18.494138792057637],[-64.132396883721412,-18.494174937654062],[-64.132415825884564,-18.494174824333946],[-64.132415944656827,-18.494192897131967],[-64.132434886821812,-18.494192783809844],[-64.132435361920201,-18.494265075001181],[-64.132454304092974,-18.494264961676684],[-64.132454660424159,-18.494319180069439],[-64.132435718245446,-18.494319293394295],[-64.132435837020807,-18.494337366191942],[-64.13245477920151,-18.49433725286697],[-64.132454897978974,-18.494355325664429],[-64.132473840161552,-18.494355212337446],[-64.132473958941148,-18.494373285134781],[-64.132492901125588,-18.49437317180578],[-64.132493019907315,-18.494391244602966],[-64.132511962093588,-18.494391131271954],[-64.132512080877433,-18.49440920406898],[-64.132531023065567,-18.494409090735953],[-64.13253114185153,-18.49442716353283],[-64.132550084041469,-18.494427050197793],[-64.132550440406149,-18.494481268587823],[-64.132569382601943,-18.494481155250536],[-64.132569501392439,-18.494499228047033],[-64.13258844359008,-18.494499114707732],[-64.132588562382679,-18.494517187504051],[-64.132607504582182,-18.49451707416274],[-64.132607623376913,-18.494535146958921],[-64.132626565578249,-18.494535033615591],[-64.132626684375111,-18.494553106411633],[-64.132645626578267,-18.494552993066289],[-64.13264574537726,-18.494571065862168],[-64.132664687582292,-18.494570952514813],[-64.132683629787195,-18.494570839165569],[-64.132683748590281,-18.494588911961177],[-64.132702690797032,-18.494588798609914],[-64.132702928407582,-18.494624944200773],[-64.132721870618141,-18.494624830847378],[-64.132721989425619,-18.494642903642635],[-64.132740931638054,-18.494642790287227],[-64.132741169257372,-18.494678935877417],[-64.13276011147363,-18.49467882251988],[-64.132760230285484,-18.494696895314778],[-64.132779172503589,-18.494696781955227],[-64.132779291317576,-18.494714854750001],[-64.132798233537528,-18.494714741388435],[-64.132798352353632,-18.494732814183045],[-64.132817294575432,-18.494732700819469],[-64.132817413393653,-18.49475077361393],[-64.1328363556173,-18.494750660248343],[-64.132836474437653,-18.494768733042623],[-64.132855416663162,-18.494768619675021],[-64.132855535485618,-18.49478669246917],[-64.132874477712988,-18.49478657909955],[-64.132874596537562,-18.494804651893556],[-64.132893538766766,-18.494804538521926],[-64.132912480995842,-18.494804425148399],[-64.132912718653358,-18.494840570735814],[-64.132931660886271,-18.494840457360159],[-64.132931898548321,-18.49487660294718],[-64.132950840785057,-18.494876489569393],[-64.13295095961827,-18.494894562362735],[-64.132969901856868,-18.494894448982933],[-64.132970258363287,-18.494948667362394],[-64.132989200607682,-18.49494855398034],[-64.132989438283275,-18.494984699566245],[-64.133008380531521,-18.49498458618206],[-64.133008499371513,-18.495002658974844],[-64.133027441621607,-18.495002545588648],[-64.133027560463717,-18.495020618381254],[-64.133046502715672,-18.495020504993043],[-64.133046621559913,-18.495038577785518],[-64.133065563813702,-18.495038464395293],[-64.13306568266006,-18.495056537187608],[-64.133084624915682,-18.495056423795372],[-64.133084743764172,-18.495074496587545],[-64.133103686021656,-18.495074383193291],[-64.133103804872277,-18.495092455985301],[-64.133122747131608,-18.495092342589036],[-64.133122865984333,-18.495110415380871],[-64.133141808245526,-18.495110301982592],[-64.133141927100368,-18.495128374774303],[-64.133160869363394,-18.495128261374013],[-64.133160988220368,-18.495146334165558],[-64.133179930485255,-18.495146220763253],[-64.133180049344361,-18.495164293554659],[-64.133198991611096,-18.495164180150336],[-64.133274760676628,-18.495163726514114],[-64.133274879545795,-18.495181799304863],[-64.133293821813822,-18.495181685890948],[-64.133426417686209,-18.495180891940517],[-64.133426536571392,-18.495198964730299],[-64.133483363377763,-18.495198624437052],[-64.133483244486612,-18.495180551647628],[-64.133540071285765,-18.495180211337683],[-64.13354019018287,-18.495198284126751],[-64.133559132450955,-18.495198170686194],[-64.133653843789403,-18.495197603454994],[-64.13365396269856,-18.495215676243319],[-64.133672904967824,-18.495215562791277],[-64.133710789505926,-18.495215335881507],[-64.133710908421179,-18.495233408669449],[-64.133729850692006,-18.495233295211602],[-64.13374879296272,-18.49523318175186],[-64.13374891188208,-18.495251254539518],[-64.133767854154613,-18.495251141077766],[-64.133805738699309,-18.495250914148571],[-64.133805857624751,-18.495268986935823],[-64.133824799898875,-18.495268873468266],[-64.133824918826463,-18.495286946255383],[-64.133843861102434,-18.495286832785816],[-64.13386280337825,-18.49528671931435],[-64.133862922309945,-18.495304792101191],[-64.133881864587622,-18.495304678627711],[-64.133881983521434,-18.495322751414403],[-64.133900925800958,-18.495322637938912],[-64.133919868080355,-18.495322524461521],[-64.133919987018288,-18.495340597247921],[-64.133938929299504,-18.495340483768523],[-64.133976813861594,-18.495340256804038],[-64.133976932805595,-18.495358329590054],[-64.133995875088431,-18.495358216104854],[-64.134033759653633,-18.49535798912876],[-64.134033878603745,-18.495376061914403],[-64.13405282088813,-18.495375948423394],[-64.134052939840373,-18.49539402120887],[-64.134071882126605,-18.495393907715854],[-64.134072001080966,-18.495411980501185],[-64.134090943369046,-18.495411867006151],[-64.134109885657011,-18.49541175350922],[-64.134110004615479,-18.495429826294256],[-64.13412894690525,-18.495429712795318],[-64.134129065865835,-18.495447785580222],[-64.134148008157496,-18.495447672079266],[-64.134148127120199,-18.49546574486401],[-64.134167069413706,-18.495465631361039],[-64.134167188378541,-18.495483704145638],[-64.134186130673882,-18.495483590640657],[-64.134186249640834,-18.495501663425092],[-64.134205191938022,-18.495501549918096],[-64.134243076532002,-18.49550132289842],[-64.134243195505064,-18.495519395682447],[-64.13426213780383,-18.495519282169646],[-64.13426249472974,-18.495573500521228],[-64.134281437034346,-18.495573387006178],[-64.134300379338782,-18.495573273489232],[-64.134300498318339,-18.495591346272764],[-64.134319440624637,-18.495591232753807],[-64.134338382930821,-18.495591119232955],[-64.13433850191447,-18.495609192016232],[-64.134357444222488,-18.495609078493366],[-64.134376386530349,-18.495608964968604],[-64.134376505518119,-18.495627037751607],[-64.134395447827856,-18.495626924224833],[-64.134395566817744,-18.495644997007687],[-64.134414509129329,-18.495644883478899],[-64.134622874547603,-18.495643634537171],[-64.13462299356145,-18.495661707318561],[-64.134641935873347,-18.495661593766918],[-64.13466087818513,-18.495661480213375],[-64.134660997203113,-18.495679552994478],[-64.134679939516744,-18.495679439438923],[-64.13468005853683,-18.495697512219888],[-64.134699000852308,-18.495697398662323],[-64.134717943167658,-18.49569728510286],[-64.134718062191851,-18.495715357883551],[-64.134737004509034,-18.495715244322074],[-64.134737123535345,-18.495733317102616],[-64.13475606585439,-18.495733203539128],[-64.134756184882832,-18.495751276319492],[-64.134775127203724,-18.49575116275399],[-64.134775246234298,-18.495769235534215],[-64.134794188557024,-18.495769121966699],[-64.134794307589729,-18.495787194746779],[-64.134813249914288,-18.495787081177252],[-64.134813368949111,-18.495805153957171],[-64.134832311275531,-18.495805040385623],[-64.134832549349554,-18.495841185945107],[-64.134851491679825,-18.495841072371434],[-64.134851610719025,-18.495859145151016],[-64.134870553051144,-18.495859031575328],[-64.134870672092475,-18.495877104354751],[-64.134889614426427,-18.495876990777049],[-64.13488973346989,-18.495895063556322],[-64.134908675805676,-18.495894949976609],[-64.134908794851242,-18.495913022755701],[-64.134927737188903,-18.495912909173974],[-64.134965621863827,-18.495912682004825],[-64.13496574091549,-18.495930754783547],[-64.134984683254729,-18.495930641196015],[-64.135022567932765,-18.495930414015266],[-64.135022686990524,-18.495948486793605],[-64.13504162933134,-18.495948373200267],[-64.135079514012531,-18.495948146007912],[-64.135079633076387,-18.495966218785849],[-64.13509857541878,-18.49596610518671],[-64.135098694484753,-18.495984177964502],[-64.135117636828994,-18.495984064363348],[-64.135212348548066,-18.495983496329163],[-64.135212586704284,-18.496019641883191],[-64.135231529051666,-18.49601952827043],[-64.135326240786497,-18.496018960178208],[-64.135326121696409,-18.496000887401916],[-64.135420833417854,-18.496000319262919],[-64.135420952517876,-18.496018392038621],[-64.135439894863751,-18.496018278405014],[-64.135440013965876,-18.496036351180553],[-64.135553668050136,-18.496035669338436],[-64.135553429822153,-18.495999523788743],[-64.135591314507877,-18.495999296493348],[-64.135591433625763,-18.496017369267982],[-64.135610375970373,-18.496017255617325],[-64.135610495090376,-18.496035328391795],[-64.135629437436876,-18.496035214739123],[-64.135667322129436,-18.4960349874281],[-64.135667441255535,-18.49605306020219],[-64.135686383603584,-18.496052946543717],[-64.135686502731801,-18.49607101931764],[-64.135800156829163,-18.496070337326291],[-64.135800037689023,-18.496052264553082],[-64.135856864729888,-18.496051923532189],[-64.135856983875996,-18.496069996305039],[-64.135894868573203,-18.496069768948065],[-64.135894749423116,-18.496051696175449],[-64.13595157646192,-18.496051355126131],[-64.135951457306035,-18.496033282353828],[-64.136027226681264,-18.49603282759535],[-64.136027107517563,-18.496014754823499],[-64.136046049859019,-18.496014641129261],[-64.13604593069347,-18.495996568357484],[-64.136083815372047,-18.495996340963561],[-64.136083696202661,-18.495978268192008],[-64.13612158087669,-18.495978040790746],[-64.136121461703468,-18.49595996801937],[-64.136273000378281,-18.49595905833948],[-64.136273119567377,-18.495977131109903],[-64.136311004238664,-18.495976903670744],[-64.136310885045589,-18.495958830900559],[-64.136386654378583,-18.495958375999979],[-64.136386773579602,-18.495976448769689],[-64.136405715914506,-18.495976335039686],[-64.136443600583888,-18.495976107574002],[-64.136443719791004,-18.495994180343292],[-64.136519489136035,-18.495993725388708],[-64.136519369920975,-18.49597565261989],[-64.13659513925586,-18.49597519763546],[-64.136595020032985,-18.495957124867061],[-64.136613962364393,-18.495957011116339],[-64.136614081589244,-18.49597508388462],[-64.136633023922485,-18.495974970131879],[-64.136633143149467,-18.495993042899983],[-64.136652085484542,-18.495992929145231],[-64.136708912488999,-18.495992587869605],[-64.136709031724052,-18.496010660637218],[-64.136727974060577,-18.496010546874764],[-64.136728093297748,-18.496028619642217],[-64.136747035636134,-18.496028505877753],[-64.136765977974363,-18.496028392111395],[-64.13676609721567,-18.496046464878582],[-64.136822924235503,-18.49604612356778],[-64.136822804988256,-18.496028050800945],[-64.136860689663507,-18.496027823251172],[-64.136860570412423,-18.496009750484557],[-64.136879512747853,-18.496009636706944],[-64.136879632000927,-18.496027709473445],[-64.136898574338204,-18.496027595693821],[-64.136898693593395,-18.496045668460177],[-64.136917635932491,-18.496045554678542],[-64.136917755189813,-18.49606362744473],[-64.1369366975308,-18.496063513661081],[-64.136936816790225,-18.496081586427103],[-64.136955759133045,-18.496081472641436],[-64.136955878394616,-18.496099545407329],[-64.137050590116587,-18.496098976449989],[-64.137050470845097,-18.496080903684692],[-64.137088355528945,-18.496080676088731],[-64.137088116978433,-18.496044530558539],[-64.137107059316193,-18.496044416757954],[-64.13710694003916,-18.496026343992906],[-64.137258478720312,-18.496025433520963],[-64.137258598013233,-18.496043506285059],[-64.137277540349743,-18.496043392467417],[-64.137277659644795,-18.496061465231346],[-64.137296601983152,-18.496061351411694],[-64.137334486659455,-18.496061123766705],[-64.137334605960604,-18.496079196530225],[-64.137353548300538,-18.496079082704771],[-64.13735366760379,-18.496097155468163],[-64.137372609945587,-18.496097041640692],[-64.137429436970095,-18.496096700146914],[-64.137429556281447,-18.496114772909785],[-64.137448498624664,-18.496114659074614],[-64.137448617938134,-18.496132731837342],[-64.137467560283213,-18.496132618000161],[-64.137467679598799,-18.496150690762708],[-64.137486621945726,-18.496150576923512],[-64.13748674126343,-18.49616864968592],[-64.137505683612204,-18.49616853584471],[-64.13750580293204,-18.496186608606973],[-64.137524745282633,-18.496186494763752],[-64.137543687633126,-18.49618638091863],[-64.137543806957055,-18.496204453680615],[-64.137562749309396,-18.496204339833479],[-64.13756286863547,-18.496222412595316],[-64.137638638051314,-18.496221957187359],[-64.137638518717296,-18.496203884425999],[-64.137676403420443,-18.49620365671089],[-64.137676284082602,-18.496185583949742],[-64.137695226431958,-18.496185470089465],[-64.137695107092256,-18.496167397328392],[-64.137714049439509,-18.496167283466338],[-64.137713930097959,-18.496149210705358],[-64.137732872443095,-18.496149096841528],[-64.137732991786635,-18.496167169602387],[-64.137751934133604,-18.496167055736546],[-64.137752053479261,-18.496185128497263],[-64.137960419308754,-18.496183875846615],[-64.137960299941241,-18.496165803087212],[-64.137979242286562,-18.49616568919863],[-64.137979361656051,-18.496183761957919],[-64.138036188697157,-18.496183420280449],[-64.138036069321714,-18.496165347521519],[-64.13809289635563,-18.496165005827351],[-64.138092657593248,-18.496128860310133],[-64.13814948461399,-18.49612851859963],[-64.138149365227036,-18.496110445841307],[-64.138187249902899,-18.496110218025066],[-64.138187369293803,-18.496128290783151],[-64.138206311633496,-18.49612817687207],[-64.138206431026546,-18.496146249629973],[-64.138225373368101,-18.496146135716881],[-64.138225731554016,-18.496200353990076],[-64.138244673901383,-18.496200240074728],[-64.138244793298938,-18.496218312832273],[-64.138263735648167,-18.496218198914914],[-64.138263855047853,-18.496236271672284],[-64.138282797398929,-18.496236157752907],[-64.13828339440937,-18.496326521538712],[-64.138264452048361,-18.496326635458683],[-64.138264571448886,-18.496344708215865],[-64.138283513811871,-18.496344594295774],[-64.138283991423251,-18.496416885323647],[-64.138302933794037,-18.496416771401183],[-64.138303053199209,-18.496434844157942],[-64.138321995571843,-18.496434730233467],[-64.138322114979147,-18.496452802990085],[-64.138341057353628,-18.496452689063595],[-64.138341176763049,-18.496470761820042],[-64.138322234386578,-18.496470875746649],[-64.138322353794152,-18.49648894850317],[-64.138303411415549,-18.496489062428005],[-64.138303650227144,-18.496525207941215],[-64.138322592609711,-18.496525094016143],[-64.138322831425839,-18.496561239528962],[-64.138303889039278,-18.496561353454272],[-64.138304008445559,-18.496579426210747],[-64.138285066056923,-18.496579540134281],[-64.138285304865903,-18.496615685647392],[-64.138266362473132,-18.49661579956927],[-64.138266481875846,-18.496633872325877],[-64.13828542427062,-18.496633758403881],[-64.138285543675465,-18.496651831160321],[-64.138304486072045,-18.496651717236311],[-64.138304605479007,-18.49666978999262],[-64.138323547877462,-18.496669676066595],[-64.138323667286556,-18.496687748822744],[-64.138342609686859,-18.496687634894705],[-64.138342848509424,-18.496723780406651],[-64.138361790913564,-18.496723666476477],[-64.138361910327035,-18.496741739232281],[-64.138380852733036,-18.496741625300096],[-64.138437679950144,-18.496741283492167],[-64.138437799371701,-18.496759356247466],[-64.138456741779137,-18.496759242307583],[-64.138475684186403,-18.496759128365802],[-64.138475803612053,-18.496777201120821],[-64.138494746021195,-18.496777087177026],[-64.138494865448976,-18.496795159931903],[-64.138513807859965,-18.496795045986094],[-64.138513927289878,-18.496813118740786],[-64.138532869702715,-18.496813004792962],[-64.138533108566918,-18.496849150302047],[-64.138552050983577,-18.496849036352092],[-64.138552170417896,-18.496867109106468],[-64.138571112836374,-18.496866995154498],[-64.138590055254767,-18.496866881200635],[-64.138590294131703,-18.496903026708765],[-64.138609236553918,-18.496902912752766],[-64.138609355994589,-18.49692098550668],[-64.138628298418652,-18.496920871548671],[-64.13862841786144,-18.496938944302414],[-64.138647360287322,-18.496938830342391],[-64.138647479732242,-18.496956903095992],[-64.13866642216,-18.49695678913395],[-64.138666541607037,-18.496974861887374],[-64.138685484036642,-18.496974747923318],[-64.138685603485811,-18.496992820676613],[-64.13870454591725,-18.496992706710543],[-64.13870466536855,-18.497010779463679],[-64.138723607801836,-18.497010665495598],[-64.138723727255254,-18.497028738248577],[-64.138742669690387,-18.497028624278482],[-64.138742789145923,-18.497046697031305],[-64.138761731582917,-18.497046583059198],[-64.13876185104057,-18.497064655811847],[-64.138780793479427,-18.497064541837723],[-64.138780912939211,-18.497082614590241],[-64.138799855379901,-18.497082500614102],[-64.138818797820434,-18.497082386636066],[-64.13881891728434,-18.497100459388314],[-64.138837859726735,-18.497100345408263],[-64.138837979192743,-18.497118418160355],[-64.138856921637,-18.497118304178294],[-64.13885704110514,-18.497136376930207],[-64.138875983551259,-18.497136262946128],[-64.138876103021516,-18.49715433569791],[-64.138895045469468,-18.497154221711821],[-64.138895164941843,-18.497172294463443],[-64.138914107391628,-18.497172180475339],[-64.138914226866135,-18.497190253226808],[-64.138933169317781,-18.49719013923669],[-64.138933408271185,-18.49722628473927],[-64.138952350726669,-18.497226170747016],[-64.138952470205567,-18.497244243498152],[-64.138971412662897,-18.497244129503883],[-64.138971532143913,-18.497262202254856],[-64.138990474603091,-18.497262088258573],[-64.138990594086238,-18.497280161009396],[-64.139009536547235,-18.497280047011103],[-64.139009656032513,-18.497298119761762],[-64.139028598495386,-18.497298005761454],[-64.139028717982782,-18.497316078511943],[-64.139047660447503,-18.497315964509621],[-64.139047779937002,-18.497334037259979],[-64.139066722403584,-18.497333923255642],[-64.139066841895229,-18.497351996005836],[-64.13908578436363,-18.497351881999485],[-64.139085903857378,-18.497369954749534],[-64.139104846327655,-18.497369840741172],[-64.139104965823549,-18.497387913491043],[-64.139123908295659,-18.497387799480663],[-64.13912402779367,-18.497405872230406],[-64.139142970267628,-18.497405758218012],[-64.139143089767771,-18.497423830967591],[-64.13916203224359,-18.497423716953183],[-64.139162151745836,-18.497441789702616],[-64.139181094223474,-18.497441675686193],[-64.139181213727852,-18.497459748435464],[-64.139200156207366,-18.497459634417023],[-64.139200275713875,-18.497477707166123],[-64.139219218195237,-18.497477593145671],[-64.139219337703864,-18.497495665894643],[-64.139238280187058,-18.497495551872181],[-64.139238399697817,-18.497513624620982],[-64.139257342182859,-18.497513510596505],[-64.139276284667773,-18.497513396570131],[-64.139276404182638,-18.497531469318673],[-64.139295346669414,-18.497531355290285],[-64.139295466186383,-18.497549428038646],[-64.139314408675006,-18.497549314008243],[-64.139333351163472,-18.497549199975946],[-64.139333470684576,-18.497567272724048],[-64.139352413174876,-18.497567158689733],[-64.139371355665062,-18.497567044653529],[-64.139371475190273,-18.497585117401371],[-64.139390417682307,-18.497585003363149],[-64.139391015320342,-18.497675367101177],[-64.139372072818375,-18.497675481139993],[-64.139372670449916,-18.497765844877737],[-64.139353727937873,-18.497765958915256],[-64.139353966987485,-18.49780210441034],[-64.139335024471364,-18.497802218446203],[-64.139335263517552,-18.497838363941398],[-64.139316320997295,-18.497838477975602],[-64.139316679561645,-18.497892696218472],[-64.139297737035307,-18.497892810251141],[-64.139297856555032,-18.497910882998823],[-64.139316799083389,-18.497910768966033],[-64.139317038127245,-18.497946914461046],[-64.139298095594938,-18.497947028494075],[-64.139298334635384,-18.497983173989159],[-64.139279392098956,-18.497983288020528],[-64.139279511617417,-18.498001360768153],[-64.139260569078871,-18.498001474797746],[-64.139260688595456,-18.498019547545461],[-64.139241746054822,-18.498019661573274],[-64.139241865569559,-18.498037734321059],[-64.139222923026765,-18.498037848347103],[-64.139223042539669,-18.498055921094952],[-64.139204099994757,-18.498056035119223],[-64.1392042195058,-18.498074107867186],[-64.139223162052701,-18.498073993842798],[-64.139223520592637,-18.49812821208608],[-64.139242463145365,-18.498128098059439],[-64.13924306072461,-18.498218461796959],[-64.139262003287101,-18.498218347767832],[-64.139262242323738,-18.498254493262362],[-64.139281184890095,-18.498254379231099],[-64.139281304410602,-18.498272451978188],[-64.139300246978806,-18.498272337944915],[-64.139300366501431,-18.498290410691851],[-64.139319309071482,-18.498290296656556],[-64.139319428596238,-18.498308369403322],[-64.139338371168137,-18.498308255366016],[-64.13933849069501,-18.498326328112643],[-64.139357433268742,-18.498326214073323],[-64.139357552797748,-18.498344286819794],[-64.139376495373341,-18.498344172778463],[-64.139376614904464,-18.498362245524785],[-64.139395557481905,-18.498362131481439],[-64.139395677015159,-18.498380204227583],[-64.139414619594461,-18.498380090182216],[-64.139414739129833,-18.498398162928236],[-64.139433681710969,-18.498398048880855],[-64.139434159861807,-18.498470339864049],[-64.139434279399865,-18.49848841260977],[-64.139415336808781,-18.498488526657741],[-64.139415456345006,-18.498506599403537],[-64.139396513751805,-18.498506713449736],[-64.139396633286154,-18.498524786195624],[-64.13935874809539,-18.498525014282578],[-64.139358867625916,-18.498543087028644],[-64.139339925028352,-18.498543201069396],[-64.139340044557031,-18.498561273815561],[-64.139321101957322,-18.498561387854537],[-64.139321221484153,-18.498579460600801],[-64.139302278882326,-18.498579574638001],[-64.139302517932421,-18.49861572013064],[-64.139283575326488,-18.498615834166184],[-64.139283933896678,-18.498670052405224],[-64.13930287650858,-18.498669938369321],[-64.139303474138288,-18.498760302099768],[-64.139284531516452,-18.498760416136268],[-64.139284651040825,-18.498778488882383],[-64.139246765792805,-18.498778716949932],[-64.139246885313355,-18.498796789696222],[-64.139227942687128,-18.498796903727271],[-64.139228062205817,-18.498814976473664],[-64.139209119577473,-18.498815090502941],[-64.139209478128407,-18.498869308742268],[-64.139190535493967,-18.498869422770007],[-64.139190894040169,-18.498923641009355],[-64.139171951399661,-18.498923755035552],[-64.139172309941145,-18.498977973274947],[-64.139153367294512,-18.498978087299609],[-64.139154323395303,-18.499122669270744],[-64.139135380732654,-18.499122783294464],[-64.139135500243896,-18.499140856040814],[-64.139116557579115,-18.499140970062758],[-64.139116677088495,-18.499159042809204],[-64.139097734421597,-18.499159156829375],[-64.139097973436805,-18.499195302322391],[-64.139079030765814,-18.499195416340903],[-64.139079389283694,-18.499249634580497],[-64.139060446606592,-18.499249748597471],[-64.139060685615235,-18.499285894090612],[-64.139022800252647,-18.499286122119354],[-64.139022919753216,-18.499304194866088],[-64.139003977069748,-18.499304308877736],[-64.139004096568456,-18.49932238162458],[-64.138966211197115,-18.499322609642427],[-64.138966330691972,-18.499340682389466],[-64.138947388004112,-18.499340796395664],[-64.138947507497136,-18.499358869142796],[-64.138909622117026,-18.49935909714975],[-64.138909741606227,-18.499377169897059],[-64.138890798913962,-18.499377283897815],[-64.138890918401302,-18.499395356645223],[-64.138871975706934,-18.499395470644203],[-64.138872095192426,-18.499413543391704],[-64.138853152495912,-18.499413657388903],[-64.138853271979556,-18.499431730136489],[-64.138834329280925,-18.499431844131916],[-64.138834448762722,-18.499449916879581],[-64.138815506062002,-18.499450030873227],[-64.138815625541937,-18.499468103620952],[-64.138796682839072,-18.499468217612829],[-64.138796563361112,-18.499450144864984],[-64.138777620660079,-18.499450258854843],[-64.138777740136049,-18.499468331602809],[-64.138758797432914,-18.499468445590889],[-64.138758916907037,-18.499486518338966],[-64.138683146085143,-18.499486974272823],[-64.13868326555145,-18.499505047021337],[-64.138626437427632,-18.499505388952183],[-64.138626556888127,-18.499523461701024],[-64.138607614177914,-18.499523575674303],[-64.138607733636562,-18.499541648423204],[-64.138588790924231,-18.499541762394706],[-64.138588910381031,-18.499559835143707],[-64.138569967666598,-18.499559949113433],[-64.138570087121536,-18.499578021862522],[-64.138513258971372,-18.499578363760691],[-64.138514453468844,-18.499759091253161],[-64.13853339620556,-18.499758977287811],[-64.13853351565804,-18.499777050036752],[-64.138552458396617,-18.499776936069388],[-64.138552816760878,-18.499831154315611],[-64.138533874016346,-18.499831268283337],[-64.138533993469395,-18.499849341032139],[-64.138515050722731,-18.499849454998088],[-64.138515170173918,-18.499867527746968],[-64.138496227425136,-18.499867641711138],[-64.13849634687449,-18.499885714460081],[-64.138477404123606,-18.499885828422478],[-64.138477523571112,-18.499903901171532],[-64.138458580818082,-18.499904015132152],[-64.138458700263712,-18.499922087881281],[-64.138439757508579,-18.499922201840125],[-64.138439876952376,-18.499940274589349],[-64.138420934195096,-18.499940388546413],[-64.138421053637046,-18.499958461295698],[-64.13834528259865,-18.499958917105491],[-64.138345402032797,-18.499976989855231],[-64.138326459270857,-18.499977103803062],[-64.138326578703143,-18.499995176552893],[-64.138307635939114,-18.499995290498948],[-64.138307755369553,-18.500013363248851],[-64.138288812603378,-18.500013477193129],[-64.138288932031969,-18.500031549943127],[-64.138269989263662,-18.500031663885633],[-64.138270108690406,-18.500049736635692],[-64.138251165919982,-18.500049850576417],[-64.138251285344879,-18.500067923326579],[-64.138232342572309,-18.500068037265532],[-64.138232461995358,-18.500086110015776],[-64.138213519220699,-18.500086223952948],[-64.138213638641901,-18.500104296703284],[-64.138194695865096,-18.500104410638677],[-64.13819481528445,-18.500122483389088],[-64.138175872505528,-18.500122597322711],[-64.138175991923021,-18.500140670073186],[-64.138157049141981,-18.50014078400503],[-64.138157168557626,-18.500158856755618],[-64.138119282991156,-18.500159084613863],[-64.138119402402992,-18.500177157364643],[-64.138043631260444,-18.50017761305886],[-64.138043750664437,-18.500195685810091],[-64.138024807876462,-18.500195799729028],[-64.138024927278636,-18.500213872480316],[-64.13800598448853,-18.500213986397476],[-64.138006103888841,-18.500232059148875],[-64.137987161096618,-18.500232173064258],[-64.137987280495082,-18.500250245815728],[-64.137968337700755,-18.500250359729339],[-64.137968457097372,-18.500268432480908],[-64.137911628707542,-18.500268774210713],[-64.137911748098347,-18.500286846962592],[-64.137892805299472,-18.500286960868856],[-64.137892924688416,-18.500305033620805],[-64.137873981887452,-18.500305147525292],[-64.137874220661772,-18.500341293029358],[-64.137855277856659,-18.50034140693219],[-64.137855397242049,-18.500359479684295],[-64.137836454434819,-18.500359593585351],[-64.137836693202033,-18.500395739089658],[-64.137817750390695,-18.500395852989055],[-64.13781798915447,-18.50043199849349],[-64.137799046339026,-18.500432112391231],[-64.137799165719144,-18.500450185143514],[-64.137780222901583,-18.500450299039482],[-64.137780342279854,-18.500468371791825],[-64.13776139946016,-18.500468485686014],[-64.13776151883657,-18.500486558438467],[-64.137742576014745,-18.500486672330879],[-64.137742695389306,-18.500504745083408],[-64.137723752565364,-18.500504858974043],[-64.137723871938078,-18.500522931726664],[-64.13774281476401,-18.500522817835915],[-64.137743769766587,-18.500667399854589],[-64.137762712608264,-18.500667285960986],[-64.137764145152474,-18.500884158983354],[-64.137783088017841,-18.500884045086426],[-64.137783565544922,-18.500956336092276],[-64.137764622671597,-18.500956449989683],[-64.13776486143199,-18.500992595492647],[-64.137745918554558,-18.500992709388392],[-64.137746515448001,-18.501083073145757],[-64.137727572560507,-18.501083187040209],[-64.137727930692265,-18.501137405294546],[-64.137708987798675,-18.501137519187452],[-64.137709704054004,-18.501245955695932],[-64.137690761148335,-18.501246069587662],[-64.137691119271906,-18.501300287841772],[-64.137672176360141,-18.50130040173196],[-64.137672415105897,-18.501336547234775],[-64.137653472190024,-18.501336661123307],[-64.137653591561104,-18.501354733874784],[-64.137634648643115,-18.501354847761544],[-64.137634768012362,-18.501372920513081],[-64.137615825092254,-18.50137303439806],[-64.137615944459654,-18.501391107149697],[-64.137597001537415,-18.5013912210329],[-64.137597240268647,-18.501427366536312],[-64.137578297342287,-18.50142748041786],[-64.137578416706134,-18.501445553169638],[-64.13752158792029,-18.501445894803261],[-64.137521468562412,-18.501427822051127],[-64.137502525635497,-18.50142793592509],[-64.137502406279737,-18.50140986317281],[-64.137350862875465,-18.501410774095337],[-64.137350982215324,-18.501428846848572],[-64.137313096358895,-18.501429074560487],[-64.137312977023001,-18.501411001807018],[-64.13729403409657,-18.501411115660012],[-64.137293795429173,-18.501374970152717],[-64.137236966660993,-18.501375311699618],[-64.137218023737972,-18.501375425544794],[-64.137217904412438,-18.501357352790638],[-64.137198961491265,-18.501357466633799],[-64.137199200138525,-18.50139361214233],[-64.137180257213259,-18.501393725983835],[-64.137180376535113,-18.501411798738182],[-64.137142490680176,-18.501412026415743],[-64.137142609998193,-18.501430099170285],[-64.137104724138752,-18.501430326840499],[-64.137104604824714,-18.501412254085722],[-64.137028833112097,-18.501412709402935],[-64.137028952418191,-18.501430782158192],[-64.137010009487739,-18.501430895982871],[-64.137010128791971,-18.50144896873822],[-64.136991185859372,-18.50144908256113],[-64.136991305161757,-18.50146715531654],[-64.136972362227027,-18.50146726913767],[-64.136972242926603,-18.50144919638214],[-64.136953299993735,-18.501449310201259],[-64.136953180695443,-18.501431237445551],[-64.13693423776445,-18.501431351262653],[-64.136934357060724,-18.501449424018478],[-64.136915414127571,-18.501449537833803],[-64.136915533422012,-18.501467610589692],[-64.136896590486742,-18.501467724403238],[-64.136896709779336,-18.501485797159233],[-64.136858823904376,-18.501486024780881],[-64.136859062482046,-18.501522170293235],[-64.136688576002243,-18.501523194498972],[-64.136688456731221,-18.501505121741744],[-64.136669513790338,-18.501505235532782],[-64.136650570849298,-18.501505349321931],[-64.136650451582398,-18.501487276564436],[-64.136631508643205,-18.501487390351567],[-64.13663162790813,-18.501505463109179],[-64.136612684966806,-18.501505576894537],[-64.13661280422987,-18.501523649652245],[-64.136499146567203,-18.501524332325289],[-64.1364992658185,-18.501542405083665],[-64.136480322872245,-18.501542518855992],[-64.136480561371258,-18.501578664372875],[-64.136461618420896,-18.501578778143543],[-64.136461976164497,-18.501632996418955],[-64.136443033208025,-18.501633110188088],[-64.136443152454191,-18.50165118294662],[-64.136424209495601,-18.501651296713973],[-64.136424328739906,-18.50166936947258],[-64.136367499857386,-18.501669710763622],[-64.136367619095878,-18.501687783522559],[-64.136348676132769,-18.501687897282569],[-64.1363487953694,-18.501705970041581],[-64.136329852404174,-18.501706083799814],[-64.136329971638958,-18.501724156558893],[-64.136311028671614,-18.50172427031535],[-64.13631114790455,-18.50174234307454],[-64.136273261965457,-18.501742570582003],[-64.136273381194556,-18.501760643341388],[-64.136235495250958,-18.501760870841505],[-64.13623561447622,-18.501778943601099],[-64.136197728528074,-18.501779171093876],[-64.1361978477495,-18.501797243853648],[-64.136159961796835,-18.501797471339081],[-64.136160200232155,-18.501833616859034],[-64.13612231427102,-18.501833844337359],[-64.136122433484914,-18.501851917097518],[-64.13604666155301,-18.501852372031898],[-64.136046780759102,-18.501870444792505],[-64.136027837773781,-18.501870558521482],[-64.136027956978026,-18.501888631282153],[-64.136009013990588,-18.501888745009349],[-64.136009133192985,-18.501906817770127],[-64.135990190203415,-18.501906931495547],[-64.135990309403951,-18.501925004256393],[-64.13593348042852,-18.501925345421647],[-64.135933599623229,-18.501943418182826],[-64.13591465662914,-18.501943531900906],[-64.135914775822016,-18.50196160466216],[-64.13587688982949,-18.501961832092871],[-64.135877009018515,-18.501979904854309],[-64.135858066020049,-18.50198001856694],[-64.135858185207226,-18.501998091328488],[-64.135744527201638,-18.501998773565173],[-64.135744646377034,-18.502016846327397],[-64.135725703373652,-18.502016960026996],[-64.135725822547187,-18.502035032789308],[-64.135687936536016,-18.502035260183057],[-64.135688055705728,-18.502053332945547],[-64.13566911269794,-18.502053446639696],[-64.135669231865805,-18.502071519402293],[-64.135650288855899,-18.502071633094669],[-64.135650169690024,-18.502053560331955],[-64.13563122668198,-18.502053674022314],[-64.135631345845866,-18.502071746785148],[-64.135612402835676,-18.50207186047373],[-64.135612641159895,-18.502108005999524],[-64.135593698145598,-18.502108119686451],[-64.135593817305917,-18.50212619244941],[-64.135574874289503,-18.50212630613456],[-64.135574993447975,-18.502144378897583],[-64.135556050429443,-18.502144492580957],[-64.135556169586067,-18.502162565344094],[-64.135537226565432,-18.502162679025687],[-64.135537345720209,-18.502180751788895],[-64.135499459674477,-18.502180979146637],[-64.135499578825431,-18.502199051910058],[-64.135461692775181,-18.502199279260459],[-64.135461931069528,-18.502235424787635],[-64.135442988040253,-18.50223553846023],[-64.135443107185651,-18.5022536112239],[-64.135405221122653,-18.502253838563639],[-64.135405459405916,-18.502289984091341],[-64.135386516370232,-18.502290097758607],[-64.135386873790196,-18.502344316050241],[-64.13540581683182,-18.50234420238262],[-64.135406412544427,-18.502434566200716],[-64.135425355595856,-18.502434452530604],[-64.135425593885827,-18.50247059805735],[-64.135406650830419,-18.502470711727696],[-64.135406769973628,-18.502488784491149],[-64.135368883858462,-18.502489011826395],[-64.13536900299782,-18.502507084590039],[-64.135350059938034,-18.502507198254939],[-64.135350298213211,-18.502543343782371],[-64.135331355149319,-18.502543457445611],[-64.135331831693378,-18.502615748500514],[-64.135312888621385,-18.502615862162333],[-64.135313246024907,-18.502670080453488],[-64.135294302946818,-18.502670194113765],[-64.135294422079625,-18.502688266877549],[-64.135275478999446,-18.502688380536053],[-64.135276312918947,-18.502814889882266],[-64.1352573698247,-18.502815003539705],[-64.135257488954622,-18.502833076303439],[-64.135238545858243,-18.502833189959105],[-64.135238664986318,-18.50285126272291],[-64.135181835690432,-18.502851603678888],[-64.13518207393507,-18.502887749207105],[-64.135163130832183,-18.502887862855541],[-64.135163249952726,-18.502905935619729],[-64.13512536374256,-18.50290616291116],[-64.135125482859252,-18.50292423567554],[-64.13508759664461,-18.502924462959623],[-64.135087715757479,-18.502942535724213],[-64.135068772647941,-18.502942649363529],[-64.135068891758948,-18.502960722128194],[-64.135012062423598,-18.50296106303513],[-64.135012181528793,-18.5029791358001],[-64.134993238414737,-18.502979249432073],[-64.13499347662156,-18.50301539496219],[-64.134974533503396,-18.503015508592508],[-64.134974652605024,-18.503033581357631],[-64.134955709484728,-18.503033694986168],[-64.134955828584509,-18.503051767751355],[-64.134880056094062,-18.503052222247025],[-64.134880532462773,-18.503124513309409],[-64.134823703069642,-18.503124854162682],[-64.134823822156207,-18.503142926928522],[-64.134804879022894,-18.503143040542607],[-64.134804998107612,-18.503161113308558],[-64.134786054972167,-18.503161226920867],[-64.134786174055037,-18.503179299686892],[-64.1347482877798,-18.503179526906059],[-64.134748406858833,-18.503197599672298],[-64.134729463719012,-18.50319771327916],[-64.134729582796197,-18.503215786045455],[-64.134710639654244,-18.503215899650534],[-64.134710758729568,-18.503233972416929],[-64.134691815585512,-18.503234086020235],[-64.134692053732593,-18.50327023155317],[-64.134654167436125,-18.503270458754567],[-64.134654286505892,-18.503288531521221],[-64.134616400204877,-18.503288758715279],[-64.134616519270821,-18.50330683148211],[-64.134597576118139,-18.50330694507641],[-64.134597814246462,-18.503343090610251],[-64.134559927932713,-18.503343317793647],[-64.134560046993101,-18.503361390560748],[-64.134541103834025,-18.503361504149719],[-64.134540865717355,-18.503325358615243],[-64.134521922562129,-18.503325472202079],[-64.134502979406776,-18.503325585787024],[-64.134502741298604,-18.503289440251947],[-64.134483798147059,-18.503289553834755],[-64.134483440991801,-18.503235335531485],[-64.134464497846082,-18.503235449112044],[-64.134464259747247,-18.50319930357615],[-64.134483202888973,-18.503199189995829],[-64.134483083837779,-18.503181117227925],[-64.134502026977387,-18.503181003645828],[-64.134501788871418,-18.503144858110172],[-64.134520732006891,-18.503144744526416],[-64.13452061295213,-18.503126671758672],[-64.1345395560855,-18.50312655817314],[-64.134539437028891,-18.503108485405463],[-64.134558380160129,-18.503108371818151],[-64.134558261101674,-18.503090299050555],[-64.134577204230808,-18.50309018546147],[-64.134577085170477,-18.50307211269395],[-64.134596028297494,-18.503071999103085],[-64.13459590923533,-18.50305392633566],[-64.134614852360187,-18.503053812743019],[-64.134614733296175,-18.503035739975697],[-64.134690505786367,-18.503035285586655],[-64.134690148571295,-18.502981067285827],[-64.13470909168754,-18.502980953684183],[-64.134708972614135,-18.502962880917313],[-64.134803688183354,-18.502962312881259],[-64.134803569100157,-18.502944240114928],[-64.134822512211613,-18.50294412650215],[-64.134822274041653,-18.502907980969617],[-64.134860160256196,-18.502907753738846],[-64.134860041167443,-18.502889680972757],[-64.134878984272518,-18.50288956735465],[-64.134878031551594,-18.502744985225704],[-64.134859088462406,-18.502745098842862],[-64.134855992231692,-18.502275206905114],[-64.134837049194047,-18.502275320517288],[-64.134836930112087,-18.502257247749856],[-64.134817987076275,-18.502257361360019],[-64.134817748916745,-18.502221215824804],[-64.134798805884756,-18.502221329432832],[-64.13479856772976,-18.502185183897257],[-64.134779624701608,-18.502185297503146],[-64.134779505626298,-18.502167224735189],[-64.134760562600022,-18.502167338339067],[-64.134760443526829,-18.502149265570939],[-64.134741500502386,-18.502149379172806],[-64.134741262360407,-18.502113233636248],[-64.134722319339787,-18.50211334723598],[-64.134722200270986,-18.502095274467507],[-64.134703257252212,-18.502095388065225],[-64.134702900052602,-18.502041169759288],[-64.13468395703967,-18.502041283354753],[-64.134683837975388,-18.502023210585907],[-64.134664894964317,-18.502023324179355],[-64.134664775902166,-18.502005251410363],[-64.134645832892929,-18.5020053650018],[-64.134645594773005,-18.501969219463483],[-64.13462665176759,-18.501969333052784],[-64.1346264136522,-18.501933187514066],[-64.134607470650622,-18.501933301101243],[-64.134607351595108,-18.501915228331718],[-64.134569465595561,-18.501915455500136],[-64.134550522595575,-18.501915569081504],[-64.134550403546157,-18.501897496311578],[-64.134569346544154,-18.501897382730331],[-64.134568632238654,-18.501788946110818],[-64.134549689252566,-18.501789059691355],[-64.134549570204115,-18.50177098692118],[-64.134530627219874,-18.501771100499699],[-64.134530389127363,-18.501734954959023],[-64.134511446146959,-18.501735068535414],[-64.134511327102885,-18.501716995764923],[-64.134492384124357,-18.501717109339296],[-64.134492265082415,-18.501699036568635],[-64.13447332210572,-18.501699150140993],[-64.134472964986671,-18.50164493182843],[-64.134454022015788,-18.50164504539854],[-64.134453902978365,-18.501626972627516],[-64.134434960009344,-18.501627086195608],[-64.134434840974038,-18.501609013424407],[-64.134396955039563,-18.501609240554668],[-64.134378012072119,-18.501609354116958],[-64.13437789304291,-18.501591281345377],[-64.134358950077313,-18.501591394905649],[-64.134358831050235,-18.5015733221339],[-64.134377774013856,-18.501573208573745],[-64.134376940814249,-18.501446699171431],[-64.134357997864541,-18.501446812730755],[-64.134357878838557,-18.50142873995874],[-64.134338935890696,-18.50142885351605],[-64.134338816866844,-18.501410780743864],[-64.134319873920859,-18.501410894299159],[-64.134300930974703,-18.50141100785256],[-64.13430057391588,-18.501356789535123],[-64.134281630975551,-18.501356903086272],[-64.134281511958193,-18.501338830313603],[-64.134262569019725,-18.501338943862738],[-64.134262450004513,-18.501320871089902],[-64.134243507067865,-18.501320984637022],[-64.13424338805477,-18.501302911864059],[-64.134224445120012,-18.501303025409168],[-64.134224326109049,-18.501284952636034],[-64.134205383176109,-18.501285066179125],[-64.134205264167264,-18.501266993405832],[-64.134186321236186,-18.501267106946909],[-64.134186202229458,-18.501249034173465],[-64.134167259300227,-18.501249147712528],[-64.134167378304966,-18.501267220486092],[-64.13409160657875,-18.501267674623868],[-64.134091487581941,-18.501249601849832],[-64.134072544652042,-18.501249715379419],[-64.134072425657365,-18.501231642605227],[-64.134053482729314,-18.5012317561328],[-64.134053363736768,-18.501213683358475],[-64.134034420810551,-18.501213796884034],[-64.134032873945742,-18.500978850812825],[-64.134051816846124,-18.500978737288808],[-64.13405134088444,-18.500906446189259],[-64.134032397991987,-18.500906559712799],[-64.134032279003904,-18.500888486937718],[-64.134013336113298,-18.500888600459248],[-64.134013217127332,-18.50087052768399],[-64.133994274238589,-18.500870641203502],[-64.133993322371666,-18.500726058999305],[-64.133974379498667,-18.500726172515968],[-64.133973903576447,-18.500653881412532],[-64.133992846441487,-18.500653767896338],[-64.133992727459287,-18.500635695120533],[-64.134011670322209,-18.500635581602562],[-64.134011432354242,-18.500599436051033],[-64.134030375213058,-18.500599322531407],[-64.134030256227305,-18.500581249755705],[-64.134068141940517,-18.500581022711],[-64.134067665982954,-18.500508731608836],[-64.13404872313437,-18.500508845131662],[-64.13404860414731,-18.500490772355899],[-64.134029661300559,-18.500490885876712],[-64.134029542315616,-18.500472813100824],[-64.134010599470699,-18.500472926619619],[-64.134010480487888,-18.500454853843554],[-64.133991537644832,-18.500454967360337],[-64.133990942742741,-18.500364603478918],[-64.134009885575864,-18.500364489962731],[-64.134009766593877,-18.500346417186464],[-64.134028709424868,-18.500346303668497],[-64.134028352473763,-18.500292085339844],[-64.134047295298672,-18.500291971820335],[-64.134047057327976,-18.500255826267946],[-64.134066000148749,-18.500255712746782],[-64.134065524201063,-18.50018342164207],[-64.134046581388219,-18.500183535162758],[-64.134046462403631,-18.500165462386366],[-64.134027519592621,-18.500165575905037],[-64.134027400610165,-18.50014750312852],[-64.134008457801016,-18.500147616645179],[-64.134007743920989,-18.500039179984487],[-64.133988801123621,-18.500039293498542],[-64.133988682146082,-18.500021220721521],[-64.133969739350562,-18.500021334233558],[-64.13396962037514,-18.500003261456371],[-64.133950677581495,-18.500003374966393],[-64.133950558608205,-18.499985302189067],[-64.133931615816394,-18.499985415697076],[-64.133931496845221,-18.499967342919607],[-64.133912554055243,-18.499967456425605],[-64.133912435086202,-18.499949383647959],[-64.133893492298085,-18.499949497151938],[-64.133893373331162,-18.499931424374147],[-64.133874430544907,-18.499931537876119],[-64.133874192615451,-18.499895392320202],[-64.133855249833019,-18.499895505820035],[-64.133855130870487,-18.499877433041899],[-64.133836188089887,-18.499877546539722],[-64.133835355369897,-18.499751037090945],[-64.133816412603068,-18.499751150586043],[-64.133816293645609,-18.499733077807406],[-64.133797350880627,-18.499733191300489],[-64.133797231925286,-18.499715118521674],[-64.13377828916218,-18.499715232012747],[-64.13377817020897,-18.499697159233779],[-64.133759227447698,-18.499697272722834],[-64.133759108496605,-18.499679199943714],[-64.13374016573718,-18.499679313430754],[-64.133740046788205,-18.499661240651477],[-64.133721104030641,-18.499661354136506],[-64.133720985083784,-18.499643281357098],[-64.133702042328082,-18.499643394840113],[-64.133701923383356,-18.499625322060524],[-64.133682980629487,-18.499625435541521],[-64.133682861686879,-18.499607362761793],[-64.133663918934857,-18.499607476240772],[-64.133663799994366,-18.499589403460885],[-64.133644857244207,-18.499589516937853],[-64.133644738305833,-18.499571444157809],[-64.133625795557506,-18.499571557632773],[-64.133625676621278,-18.499553484852594],[-64.133606733874828,-18.499553598325541],[-64.133606614940717,-18.499535525545184],[-64.133587672196086,-18.499535639016113],[-64.133587553264107,-18.49951756623561],[-64.133568610521323,-18.499517679704528],[-64.133568491591475,-18.499499606923866],[-64.133549548850539,-18.499499720390762],[-64.133548240652971,-18.499300919799953],[-64.133529297933762,-18.499301033263656],[-64.133529179009514,-18.499282960482333],[-64.133510236292153,-18.499283073944017],[-64.133510117370037,-18.499265001162552],[-64.133491174654523,-18.499265114622222],[-64.133491055734524,-18.499247041840594],[-64.133472113020858,-18.499247155298253],[-64.133471994102976,-18.499229082516493],[-64.133453051391157,-18.499229195972141],[-64.133452932475407,-18.4992111231902],[-64.13343398976545,-18.499211236643831],[-64.133433870851832,-18.499193163861747],[-64.133414928143708,-18.499193277313367],[-64.133414809232207,-18.49917520453112],[-64.13339586652593,-18.499175317980722],[-64.133395747616561,-18.499157245198333],[-64.133376804912132,-18.499157358645924],[-64.13337668600488,-18.499139285863393],[-64.133357743302298,-18.499139399308969],[-64.133357624397163,-18.499121326526264],[-64.133338681696458,-18.499121439969826],[-64.133338562793455,-18.499103367186976],[-64.133319620094582,-18.499103480628523],[-64.133319501193697,-18.499085407845506],[-64.133300558496671,-18.499085521285043],[-64.133300439597903,-18.499067448501897],[-64.133281496902725,-18.499067561939423],[-64.133281378006089,-18.499049489156096],[-64.133262435312787,-18.499049602591604],[-64.133262316418268,-18.499031529808136],[-64.133243373726799,-18.499031643241629],[-64.133243254834397,-18.499013570458001],[-64.133224312144762,-18.49901368388948],[-64.133224193254506,-18.498995611105705],[-64.133205250566718,-18.498995724535167],[-64.133205131678565,-18.498977651751254],[-64.133186188992639,-18.498977765178708],[-64.133186070106618,-18.498959692394617],[-64.133167127422553,-18.498959805820054],[-64.133167008538663,-18.498941733035817],[-64.133148065856432,-18.498941846459239],[-64.13314794697466,-18.498923773674843],[-64.133129004294275,-18.498923887096254],[-64.133128885414607,-18.498905814311726],[-64.133109942736084,-18.498905927731123],[-64.133109823858547,-18.498887854946425],[-64.1330908811819,-18.498887968363807],[-64.133090762306495,-18.498869895578942],[-64.133071819631652,-18.498870008994313],[-64.133071700758364,-18.498851936209309],[-64.133052758085384,-18.498852049622663],[-64.133052639214227,-18.498833976837499],[-64.133033696543094,-18.498834090248842],[-64.133033577674041,-18.498816017463543],[-64.13301463500477,-18.498816130872871],[-64.133014516137848,-18.498798058087392],[-64.132995573470438,-18.498798171494705],[-64.132995454605634,-18.498780098709087],[-64.132976511940058,-18.49878021211439],[-64.132976393077385,-18.498762139328601],[-64.132957450413642,-18.498762252731886],[-64.132957331553115,-18.498744179945977],[-64.132938388891219,-18.498744293347251],[-64.132938270032795,-18.498726220561167],[-64.132919327372761,-18.498726333960427],[-64.132919208516455,-18.49870826117418],[-64.132900265858282,-18.498708374571429],[-64.132900147004108,-18.498690301785039],[-64.132881204347768,-18.49869041518027],[-64.132881085495725,-18.498672342393714],[-64.132862142841233,-18.498672455786934],[-64.132862023991308,-18.498654383000254],[-64.132843081338663,-18.49865449639146],[-64.132842962490855,-18.498636423604605],[-64.132824019840086,-18.498636536993793],[-64.13282390099441,-18.498618464206785],[-64.13280495834546,-18.498618577593962],[-64.132804839501901,-18.498600504806792],[-64.132785896854799,-18.498600618191958],[-64.132785778013371,-18.498582545404645],[-64.13276683536813,-18.498582658787793],[-64.13276671652882,-18.498564586000345],[-64.132709888598228,-18.498564926138069],[-64.132710007431584,-18.498582998925873],[-64.132653179493815,-18.498583339046895],[-64.132653298321344,-18.49860141183504],[-64.132539642430174,-18.49860209202663],[-64.132539404799076,-18.498565946448903],[-64.132520462154048,-18.498566059807299],[-64.132520343340687,-18.498547987018245],[-64.132501400697492,-18.498548100374627],[-64.132501281886263,-18.498530027585431],[-64.132482339244916,-18.498530140939799],[-64.132482220435818,-18.498512068150436],[-64.132463277796347,-18.49851218150279],[-64.132463158989367,-18.498494108713306],[-64.132444216351729,-18.498494222063645],[-64.132425273713949,-18.49849433541209],[-64.132425154911061,-18.498476262622312],[-64.132406212275129,-18.498476375968743],[-64.132406093474373,-18.498458303178804],[-64.13238715084033,-18.498458416523217],[-64.132386913243195,-18.49842227094301],[-64.132367970612961,-18.498422384285295],[-64.132367851816582,-18.498404311495037],[-64.132348909188195,-18.498404424835307],[-64.132329966559666,-18.498404538173684],[-64.132329847767394,-18.498386465383135],[-64.132310905140713,-18.498386578719497],[-64.132291962513918,-18.498386692053966],[-64.132291843725767,-18.498368619263143],[-64.132272901100805,-18.498368732595598],[-64.132272663528894,-18.498332587013632],[-64.132291606149892,-18.498332473681412],[-64.132291368574556,-18.498296328099524],[-64.132310311191418,-18.498296214765649],[-64.13231019240196,-18.498278141974772],[-64.132291249787087,-18.498278255308527],[-64.132291130999747,-18.498260182517491],[-64.132272188386708,-18.498260295849235],[-64.132271832031506,-18.49820607747559],[-64.132252889424265,-18.498206190805082],[-64.132252414293859,-18.498133899639239],[-64.132233471694434,-18.498134012966361],[-64.132232877794436,-18.498043649007681],[-64.132251820383928,-18.498043535681148],[-64.132251701602357,-18.498025462889412],[-64.13223275901484,-18.498025576215827],[-64.132232402676905,-18.497971357840097],[-64.132213460095244,-18.497971471164259],[-64.132213222541267,-18.497935325580013],[-64.132194279963414,-18.497935438902044],[-64.132194042413957,-18.497899293317442],[-64.132175099839941,-18.497899406637337],[-64.132174981067408,-18.497881333844848],[-64.132156038495253,-18.497881447162733],[-64.132155919724823,-18.497863374370102],[-64.132136977154516,-18.497863487685972],[-64.132136858386232,-18.497845414893174],[-64.132117915817787,-18.49784552820703],[-64.132117797051606,-18.497827455414107],[-64.132098854485008,-18.497827568725953],[-64.132098735720959,-18.497809495932845],[-64.13207979315618,-18.497809609242676],[-64.132079674394262,-18.49779153644943],[-64.132060731831359,-18.497791649757247],[-64.132060613071559,-18.497773576963837],[-64.132041670510503,-18.497773690269639],[-64.13204155175282,-18.497755617476084],[-64.132022609193612,-18.497755730779872],[-64.132022490438061,-18.497737657986182],[-64.132003547880686,-18.497737771287959],[-64.132003429127252,-18.497719698494084],[-64.131984486571739,-18.497719811793846],[-64.131984367820422,-18.49770173899983],[-64.131965425266756,-18.497701852297581],[-64.131965306517571,-18.497683779503401],[-64.131946363965767,-18.497683892799134],[-64.131946245218714,-18.49766582000483],[-64.131927302668743,-18.497665933298549],[-64.131927183923793,-18.497647860504063],[-64.131908241375669,-18.497647973795772],[-64.131908122632865,-18.49762990100114],[-64.131889180086588,-18.497630014290834],[-64.131889061345902,-18.497611941496043],[-64.131870118801473,-18.497612054783723],[-64.131869762586177,-18.497557836398808],[-64.131850820047589,-18.497557949684239],[-64.131850701311436,-18.497539876889078],[-64.131831758774666,-18.497539990172495],[-64.131831402572942,-18.497485771786447],[-64.131812460042013,-18.497485885067615],[-64.131811747654169,-18.497377448293832],[-64.131792805135007,-18.497377561572392],[-64.131792686406158,-18.497359488776514],[-64.131773743888871,-18.497359602053063],[-64.131773625162168,-18.497341529257053],[-64.131754682646701,-18.497341642531588],[-64.131754563922115,-18.497323569735411],[-64.131735621408495,-18.497323683007931],[-64.131735502686027,-18.49730561021159],[-64.131716560174254,-18.4973057234821],[-64.131716441453918,-18.497287650685614],[-64.131697498944007,-18.497287763954109],[-64.131697380225773,-18.497269691157456],[-64.131678437717738,-18.49726980442394],[-64.131677962854141,-18.497197513236561],[-64.131659020353879,-18.497197626500672],[-64.131658901640321,-18.497179553703617],[-64.131639959141907,-18.497179666965717],[-64.131639840430466,-18.497161594168528],[-64.1316208979339,-18.497161707428614],[-64.131620423097431,-18.497089416238968],[-64.131601480608708,-18.497089529496684],[-64.1316013619019,-18.497071456699061],[-64.131582419415011,-18.497071569954766],[-64.131581944597158,-18.496999278763465],[-64.131563002118057,-18.4969993920168],[-64.131562883415924,-18.496981319218758],[-64.131543940938698,-18.496981432470079],[-64.131543703538796,-18.496945286873668],[-64.131524761065393,-18.496945400122858],[-64.131524642367637,-18.496927327324499],[-64.13150569989611,-18.496927440571675],[-64.131505581200472,-18.496909367773149],[-64.131486638730763,-18.49690948101831],[-64.131486163957561,-18.496837189823374],[-64.131467221495654,-18.496837303066169],[-64.131466034592066,-18.496656575075178],[-64.131464729013913,-18.496457774281016],[-64.131445786593588,-18.496457887519426],[-64.131445667907471,-18.496439814719619],[-64.131426725488978,-18.496439927956018],[-64.131426606804993,-18.496421855156083],[-64.131407664388391,-18.496421968390468],[-64.131406596256483,-18.496259313188247],[-64.131387653857587,-18.496259426419673],[-64.131387535178931,-18.496241353619123],[-64.131368592781882,-18.496241466848534],[-64.131368474105358,-18.496223394047842],[-64.131349531710157,-18.496223507275239],[-64.13134941303575,-18.496205434474383],[-64.131330470642425,-18.496205547699766],[-64.131330114625982,-18.496151329296662],[-64.131311172238455,-18.496151442519796],[-64.131310934898821,-18.496115296917303],[-64.131291992515116,-18.496115410138305],[-64.131291873847502,-18.496097337336909],[-64.131272931465645,-18.496097450555897],[-64.131272575469552,-18.496043232151077],[-64.131253633093522,-18.496043345367816],[-64.131253514430412,-18.496025272566019],[-64.131234572056272,-18.496025385780744],[-64.13123445339528,-18.496007312978815],[-64.131215511022958,-18.496007426191525],[-64.131215392364084,-18.495989353389415],[-64.131196449993624,-18.495989466600115],[-64.131196331336881,-18.495971393797863],[-64.131177388968254,-18.495971507006548],[-64.131177270313628,-18.495953434204136],[-64.131158327946878,-18.495953547410807],[-64.131158209294384,-18.495935474608245],[-64.131139266929452,-18.495935587812905],[-64.131139148279075,-18.495917515010209],[-64.131120205916005,-18.495917628212855],[-64.13112008726776,-18.495899555409981],[-64.131101144906523,-18.495899668610612],[-64.131101026260396,-18.495881595807592],[-64.13108208390102,-18.495881709006209],[-64.13108196525701,-18.49586363620303],[-64.131063022899511,-18.495863749399636],[-64.131062904257632,-18.495845676596325],[-64.131043961901938,-18.495845789790916],[-64.131043843262191,-18.495827716987431],[-64.131024900908358,-18.495827830180012],[-64.131024782270714,-18.495809757376374],[-64.131005839918728,-18.495809870566941],[-64.131005721283216,-18.495791797763143],[-64.130986778933078,-18.495791910951699],[-64.130986541666431,-18.495755765343791],[-64.130967599320158,-18.495755878530215],[-64.130967480689023,-18.495737805726076],[-64.130948538344583,-18.495737918910486],[-64.130948301086704,-18.495701773301874],[-64.130929358746087,-18.495701886484152],[-64.130929240119329,-18.495683813679694],[-64.130910297780574,-18.495683926859957],[-64.130910179155947,-18.495665854055328],[-64.130891236819039,-18.495665967233581],[-64.130891118196544,-18.495647894428789],[-64.130872175861469,-18.495648007605027],[-64.130872057241092,-18.495629934800089],[-64.130853114907879,-18.495630047974313],[-64.130852284582915,-18.495503538337974],[-64.130833342263472,-18.495503651509477],[-64.130833105032977,-18.495467505898525],[-64.130814162717343,-18.495467619067895],[-64.130814044104298,-18.495449546262247],[-64.130795101790554,-18.4954496594296],[-64.130794864568813,-18.495413513817979],[-64.130775922258877,-18.495413626983208],[-64.130774143143086,-18.495142534889755],[-64.130755200862808,-18.49514264805131],[-64.130754963653658,-18.49510650243802],[-64.130736021377217,-18.495106615597447],[-64.130717079100648,-18.495106728754973],[-64.130716960500266,-18.495088655948038],[-64.13069801822553,-18.495088769103553],[-64.130697781029113,-18.495052623489325],[-64.130678838758229,-18.495052736642709],[-64.130678720162209,-18.495034663835423],[-64.130659777893158,-18.495034776986795],[-64.130659659299269,-18.495016704179378],[-64.130640717032065,-18.495016817328736],[-64.130621774764748,-18.495016930476201],[-64.130621537585327,-18.494980784860743],[-64.130602595321818,-18.494980898006077],[-64.130583653058167,-18.494981011149513],[-64.130583534472649,-18.494962938341494],[-64.130564592210845,-18.494963051482916],[-64.13056447362743,-18.494944978674752],[-64.130545531367488,-18.494945091814163],[-64.130545175624022,-18.494890873389103],[-64.130526233369935,-18.494890986526265],[-64.130526114791024,-18.494872913717717],[-64.130507172538756,-18.494873026852865],[-64.130488230286346,-18.494873139986115],[-64.130488111711557,-18.494855067177319],[-64.130469169460994,-18.494855180308562],[-64.130469050888323,-18.494837107499592],[-64.13045010863965,-18.494837220628821],[-64.130449990069096,-18.49481914781969],[-64.130431047822242,-18.494819260946901],[-64.130430929253819,-18.494801188137618],[-64.130374102518374,-18.494801527507537],[-64.13035516027297,-18.494801640627053],[-64.130354923152424,-18.494765495007471],[-64.130335980910829,-18.494765608124855],[-64.130336099469062,-18.494783680934773],[-64.130317157225335,-18.494783794050385],[-64.130317275781707,-18.494801866860403],[-64.130241506797589,-18.494802319304366],[-64.130241388249161,-18.494784246493875],[-64.130222446004765,-18.494784359600008],[-64.130222327458469,-18.494766286789378],[-64.130203385215907,-18.494766399893503],[-64.130184442973245,-18.494766512995731],[-64.130184324431056,-18.494748440184804],[-64.130165382190228,-18.494748553285017],[-64.130165263650156,-18.494730480473944],[-64.130146321411161,-18.494730593572147],[-64.13014620287322,-18.49471252076091],[-64.130127260636087,-18.494712633857102],[-64.130127142100264,-18.49469456104574],[-64.130108199865006,-18.494694674139915],[-64.130108081331286,-18.494676601328383],[-64.130089139097862,-18.494676714420546],[-64.130089020566274,-18.494658641608847],[-64.130070078334683,-18.494658754699],[-64.130069959805226,-18.494640681887162],[-64.130051017575482,-18.494640794975297],[-64.130050899048157,-18.494622722163292],[-64.130031956820261,-18.49462283524942],[-64.130031838295039,-18.494604762437287],[-64.130012896069019,-18.4946048755214],[-64.130012777545929,-18.49458680270909],[-64.129993835321741,-18.494586915791192],[-64.129993716800769,-18.494568842978733],[-64.129974774578429,-18.494568956058821],[-64.129974656059588,-18.494550883246202],[-64.129955713839095,-18.494550996324275],[-64.129955595322357,-18.494532923511514],[-64.129936653103712,-18.494533036587573],[-64.129936534589106,-18.494514963774677],[-64.129917592372337,-18.494515076848721],[-64.129898650155411,-18.494515189920872],[-64.129898531644912,-18.494497117107684],[-64.129841704999279,-18.494497456312416],[-64.129822762783789,-18.494497569376868],[-64.129822644281376,-18.494479496563173],[-64.129803702067747,-18.494479609625614],[-64.129803583567437,-18.494461536811755],[-64.129784641355641,-18.494461649872186],[-64.129784522857477,-18.494443577058203],[-64.129765580647543,-18.494443690116618],[-64.129765462151482,-18.494425617302458],[-64.12974651994341,-18.494425730358859],[-64.129745927475142,-18.494335366286965],[-64.129726985276832,-18.494335479340883],[-64.129726866785575,-18.494317406526275],[-64.12991628874255,-18.494316275903028],[-64.129916170231567,-18.494298203089567]]]},"properties":{"FID":10,"Zona":"Yaguari","IDUH":11,"UH":"SC11 - Yag","AreaHa":45.3932}},{"type":"Feature","id":11,"geometry":{"type":"Polygon","coordinates":[[[-64.123295024255285,-18.498566821611949],[-64.123294906409654,-18.49854874876532],[-64.123275963705993,-18.498548861198422],[-64.123275610175867,-18.498494642657903],[-64.123256667478074,-18.49849475508876],[-64.123256549636949,-18.49847668224173],[-64.123237606940975,-18.498476794670566],[-64.123237489101982,-18.498458721823404],[-64.123218546407841,-18.498458834250236],[-64.123218428570965,-18.4984407614029],[-64.123161600493745,-18.498441098671663],[-64.123142657801068,-18.498441211090789],[-64.123142539972264,-18.498423138242956],[-64.123294081494024,-18.49842223883779],[-64.123293963649473,-18.498404165990859],[-64.123312906337091,-18.498404053556804],[-64.123312788490693,-18.498385980709973],[-64.123331731176194,-18.498385868274141],[-64.123331613327949,-18.498367795427377],[-64.123407384060627,-18.49836734566556],[-64.12340726620458,-18.498349272819226],[-64.123426208885434,-18.498349160374154],[-64.123426091027525,-18.498331087527905],[-64.123463976384826,-18.498330862632308],[-64.123463858523081,-18.498312789786258],[-64.123482801199557,-18.498312677335733],[-64.123482683335965,-18.498294604489782],[-64.123501626010309,-18.498294492037484],[-64.123501508144855,-18.49827641919159],[-64.123520450817097,-18.498276306737512],[-64.123520332949795,-18.498258233891715],[-64.123539275619876,-18.49825812143586],[-64.123539157750727,-18.498240048590134],[-64.123577043086556,-18.498239823672968],[-64.123576925213584,-18.498221750827454],[-64.123595867879303,-18.498221638366147],[-64.123595750004469,-18.498203565520729],[-64.123614692668056,-18.498203453057645],[-64.123614574791361,-18.498185380212284],[-64.123633517452845,-18.498185267747424],[-64.123633399574317,-18.498167194902155],[-64.123652342233683,-18.498167082435518],[-64.123652224353293,-18.498149009590321],[-64.123746937638103,-18.498148447229291],[-64.123746819747922,-18.498130374384672],[-64.123765762402485,-18.498130261906898],[-64.123765644510456,-18.498112189062347],[-64.123784587162902,-18.4981120765828],[-64.123784469269026,-18.498094003738316],[-64.123841297219585,-18.498093666288646],[-64.123841179319882,-18.498075593444486],[-64.123860121967809,-18.498075480957588],[-64.123860004066245,-18.498057408113521],[-64.12391683200326,-18.498057070641813],[-64.123916714095898,-18.498038997798076],[-64.123935656739306,-18.498038885303835],[-64.123935538830082,-18.498020812460162],[-64.123954481471372,-18.49802069996414],[-64.123954363560287,-18.498002627120556],[-64.123992248838476,-18.498002402123067],[-64.123992130923568,-18.497984329279674],[-64.124011073560496,-18.497984216778203],[-64.124010955643712,-18.497966143934917],[-64.124048840913161,-18.497965918926532],[-64.124048722992555,-18.497947846083427],[-64.124067665625091,-18.497947733576506],[-64.124067547702637,-18.497929660733476],[-64.124105432963333,-18.497929435714187],[-64.124105315037042,-18.49791136287137],[-64.124124257665201,-18.497911250359],[-64.124124139737063,-18.49789317751625],[-64.124143082363076,-18.497893065002106],[-64.124142964433076,-18.497874992159467],[-64.124161907056987,-18.497874879643543],[-64.124161789125154,-18.497856806800957],[-64.124180731746947,-18.497856694283257],[-64.124180613813252,-18.497838621440767],[-64.124199556432913,-18.497838508921291],[-64.124199438497385,-18.497820436078875],[-64.1242183811149,-18.497820323557619],[-64.124218263177525,-18.497802250715292],[-64.12431297625325,-18.497801688081175],[-64.12431285830607,-18.49778361523942],[-64.124350743531437,-18.497783390172746],[-64.124350625580419,-18.497765317331162],[-64.124369568190914,-18.497765204795098],[-64.124369450238049,-18.497747131953609],[-64.124388392846427,-18.497747019415765],[-64.1243882748917,-18.497728946574352],[-64.124407217497932,-18.497728834034735],[-64.124407099541358,-18.497710761193428],[-64.124426042145501,-18.497710648652031],[-64.124425924187079,-18.497692575810781],[-64.124444866789091,-18.497692463267608],[-64.124444748828822,-18.49767439042645],[-64.124520519227545,-18.497673940235281],[-64.12452040125946,-18.497655867394542],[-64.12453934385681,-18.497655754842132],[-64.124539225886878,-18.497637682001493],[-64.12455816848211,-18.497637569447299],[-64.124558050510345,-18.497619496606756],[-64.124633820881954,-18.497619046371522],[-64.124633702902358,-18.497600973531387],[-64.12465264549293,-18.497600860967957],[-64.124652527511486,-18.497582788127922],[-64.124671470099955,-18.497582675562711],[-64.124671352116664,-18.497564602722743],[-64.124728179875277,-18.497564265016109],[-64.124728061886159,-18.497546192176483],[-64.124747004470095,-18.497546079603932],[-64.124746886479116,-18.497528006764377],[-64.124784771642638,-18.497527781613826],[-64.124784653647836,-18.497509708774459],[-64.124841481386099,-18.49750937103477],[-64.124841363385485,-18.497491298195733],[-64.124860305962656,-18.497491185612162],[-64.124860187960181,-18.497473112773196],[-64.124898073110131,-18.497472887600608],[-64.124897955103833,-18.49745481476187],[-64.124916897676599,-18.497454702172849],[-64.124916779668439,-18.497436629334167],[-64.124935722239115,-18.497436516743374],[-64.124935604229108,-18.497418443904781],[-64.124954546797653,-18.497418331312211],[-64.124954428785799,-18.497400258473693],[-64.124973371352212,-18.497400145879343],[-64.12497325333851,-18.497382073040932],[-64.125011138466959,-18.497381847846786],[-64.125011020449406,-18.497363775008559],[-64.125238331184917,-18.497362423685903],[-64.125238213143675,-18.49734435084904],[-64.125276098260358,-18.497344125602307],[-64.125275744125545,-18.497289907092263],[-64.125313629229794,-18.497289681838652],[-64.125313511181162,-18.49727160900213],[-64.12533245373109,-18.497271496372601],[-64.125332571781712,-18.497289569209006],[-64.125351514333488,-18.497289456577462],[-64.125351396280877,-18.497271383741175],[-64.125370338830535,-18.497271271107856],[-64.125370220776077,-18.49725319827165],[-64.125464933512404,-18.497252635077217],[-64.12546481544814,-18.497234562241566],[-64.125502700537751,-18.497234336950765],[-64.125502582469665,-18.497216264115313],[-64.125597295181365,-18.497215700855733],[-64.125597413259399,-18.497233773690592],[-64.12567318343423,-18.497233323048345],[-64.125673065348266,-18.497215250213955],[-64.12569200788964,-18.497215137548775],[-64.125692125977594,-18.497233210383047],[-64.125730011063951,-18.497232985046764],[-64.125729892972004,-18.497214912212726],[-64.125843548215855,-18.497214236159106],[-64.125843430112155,-18.497196163325764],[-64.125938142801658,-18.497195599896223],[-64.125938260915305,-18.497213672728975],[-64.126070858688806,-18.497212883847205],[-64.126070740561261,-18.497194811015277],[-64.126203338314212,-18.497194022041477],[-64.126203220172911,-18.497175949210316],[-64.126316875372467,-18.497175272873861],[-64.126316993525691,-18.497193345704311],[-64.126335936060471,-18.497193232974819],[-64.126336054215813,-18.497211305805099],[-64.126392881825268,-18.497210967604897],[-64.126392763663972,-18.497192894774972],[-64.126411706198184,-18.497192782037899],[-64.126411588035026,-18.497174709208032],[-64.126430530567148,-18.497174596469186],[-64.126430412402144,-18.497156523639404],[-64.12644935493212,-18.497156410898778],[-64.126449473099115,-18.49717448372844],[-64.126468415630967,-18.4971743709858],[-64.126487358162635,-18.497174258241266],[-64.126487476333736,-18.497192331070657],[-64.126506418867294,-18.497192218324109],[-64.126525361400695,-18.497192105575667],[-64.126526070453977,-18.497300542549816],[-64.126545012999173,-18.497300429798774],[-64.126545131177195,-18.497318502627571],[-64.126564073724211,-18.497318389874515],[-64.12656419190435,-18.497336462703146],[-64.126583134453227,-18.497336349948075],[-64.126583370817883,-18.49737249560501],[-64.126602313370611,-18.497372382847807],[-64.126602549739772,-18.497408528504351],[-64.126621492296351,-18.497408415745017],[-64.126621610483113,-18.497426488573122],[-64.126640553041526,-18.497426375811774],[-64.126640671230419,-18.497444448639733],[-64.126659613790665,-18.497444335876374],[-64.12665973198169,-18.497462408704159],[-64.126678674543797,-18.497462295938789],[-64.126678792736939,-18.497480368766439],[-64.126659850172842,-18.49748048153193],[-64.126659968364123,-18.497498554359655],[-64.12667891093021,-18.49749844159405],[-64.126679029123636,-18.497516514421633],[-64.12669797169157,-18.497516401654014],[-64.12673585682704,-18.497516176113088],[-64.126735975026534,-18.497534248940269],[-64.126754917596031,-18.497534136166848],[-64.126792802734656,-18.497533910614315],[-64.126792920940261,-18.497551983441095],[-64.12681186351135,-18.497551870661869],[-64.126811981719072,-18.497569943488521],[-64.126944579726768,-18.497569153980052],[-64.126944343283654,-18.497533008328393],[-64.126963285851673,-18.497532895534121],[-64.126963167628347,-18.497514822708354],[-64.127038937891072,-18.497514371512803],[-64.127039174353783,-18.49755051716334],[-64.127058116923109,-18.49755040435948],[-64.127058235156639,-18.497568477184601],[-64.127190833151943,-18.497567687503686],[-64.127190714904501,-18.497549614679389],[-64.127209657472719,-18.49754950186037],[-64.127209539223429,-18.497531429036187],[-64.127304252052596,-18.497530864913241],[-64.127304370311819,-18.497548937736834],[-64.127323312879241,-18.497548824906445],[-64.127323194618015,-18.497530752082969],[-64.127474735136488,-18.497529849372558],[-64.12747461685953,-18.497511776549974],[-64.128118663898192,-18.497507938681704],[-64.12811878224268,-18.497526011500273],[-64.128137724802215,-18.497525898588513],[-64.128213495039105,-18.497525446922527],[-64.128213613393669,-18.497543519740454],[-64.128232555954526,-18.497543406819101],[-64.128232674311207,-18.497561479636904],[-64.128251616873925,-18.497561366713537],[-64.12828950199895,-18.497561140861123],[-64.128289620361727,-18.49757921367852],[-64.128308562925994,-18.497579100749352],[-64.128308681290903,-18.497597173566607],[-64.128365508988921,-18.497596834767378],[-64.128365390618072,-18.497578761950475],[-64.128384333181813,-18.497578649013729],[-64.128384214809103,-18.497560576196918],[-64.128403157370713,-18.497560463258392],[-64.128403275745399,-18.497578536075086],[-64.128422218308884,-18.497578423134545],[-64.128422455062662,-18.497614568767581],[-64.12844139762997,-18.497614455824912],[-64.128441516009048,-18.497632528641262],[-64.128460458578203,-18.497632415696579],[-64.128460576959398,-18.497650488512789],[-64.128479519530401,-18.497650375566092],[-64.128479637913713,-18.497668448382136],[-64.128498580486578,-18.497668335433424],[-64.128498698872008,-18.497686408249326],[-64.128517641446734,-18.497686295298603],[-64.128536584021305,-18.497686182345983],[-64.128536702410855,-18.497704255161587],[-64.128555644987287,-18.497704142206956],[-64.128555763378955,-18.497722215022431],[-64.128574705957206,-18.497722102065786],[-64.128574824351006,-18.497740174881098],[-64.128593766931132,-18.497740061922443],[-64.128593885327049,-18.497758134737612],[-64.128612827909024,-18.497758021776942],[-64.128631770490856,-18.497757908814378],[-64.128631888890894,-18.497775981629246],[-64.128650831474573,-18.497775868664668],[-64.128650949876729,-18.497793941479404],[-64.128669892462241,-18.497793828512815],[-64.128707777632897,-18.497793602573946],[-64.128707896041149,-18.497811675388295],[-64.128726838628268,-18.497811562415905],[-64.128726957038623,-18.497829635230094],[-64.128745899627575,-18.497829522255685],[-64.128746018040061,-18.497847595069736],[-64.128764960630889,-18.497847482093313],[-64.128765079045493,-18.497865554907179],[-64.128784021638154,-18.497865441928745],[-64.12878414005489,-18.497883514742487],[-64.128803082649398,-18.497883401762042],[-64.128803201068266,-18.497901474575617],[-64.128822143664621,-18.497901361593154],[-64.128822262085606,-18.49791943440659],[-64.128841204683795,-18.497919321422117],[-64.128841323106897,-18.49793739423539],[-64.128860265706962,-18.497937281248902],[-64.128860384132196,-18.497955354062004],[-64.128879326734108,-18.497955241073502],[-64.128879445161445,-18.497973313886476],[-64.128898387765204,-18.497973200895963],[-64.128898506194687,-18.497991273708774],[-64.128917448800266,-18.497991160716243],[-64.128917567231881,-18.498009233528911],[-64.128936509839335,-18.49800912053437],[-64.128936628273053,-18.498027193346861],[-64.128955570882354,-18.498027080350305],[-64.128955689318204,-18.498045153162661],[-64.128974631929353,-18.49804504016409],[-64.12897475036732,-18.498063112976297],[-64.12899369298033,-18.498062999975719],[-64.128993811420415,-18.498081072787773],[-64.129012754035259,-18.498080959785181],[-64.12901287247746,-18.498099032597072],[-64.129031815094166,-18.498098919592465],[-64.129145470791528,-18.498098241525028],[-64.12914558924777,-18.498116314336038],[-64.129164531865513,-18.498116201318048],[-64.129221359717889,-18.498115862252707],[-64.129221478182231,-18.49813393506324],[-64.129240420801409,-18.498133822037552],[-64.12935407651355,-18.498133143843621],[-64.129354194991933,-18.498151216653277],[-64.129373137612134,-18.498151103614205],[-64.129429965471957,-18.498150764485615],[-64.129430083958397,-18.498168837294774],[-64.129449026580019,-18.498168724248004],[-64.129449145068605,-18.498186797056984],[-64.129468087692103,-18.4981866840082],[-64.129468206182807,-18.498204756817042],[-64.129487148808138,-18.498204643766243],[-64.129487267300959,-18.498222716574947],[-64.129506209928152,-18.498222603522134],[-64.129506328423105,-18.498240676330671],[-64.129525271052131,-18.498240563275843],[-64.129525389549201,-18.498258636084238],[-64.129544332180089,-18.498258523027399],[-64.12954445067929,-18.498276595835613],[-64.129563393312026,-18.498276482776763],[-64.129563511813345,-18.498294555584845],[-64.129582454447942,-18.498294442523978],[-64.129582572951378,-18.498312515331907],[-64.129601515587822,-18.498312402269026],[-64.129601634093376,-18.498330475076802],[-64.129620576731654,-18.49833036201191],[-64.129620695239339,-18.49834843481953],[-64.129639637879478,-18.498348321752626],[-64.129639756389281,-18.498366394560072],[-64.129658699031282,-18.498366281491151],[-64.129658817543202,-18.498384354298469],[-64.12967776018705,-18.498384241227534],[-64.129677878701088,-18.498402314034696],[-64.129696821346784,-18.498402200961749],[-64.129696939862953,-18.498420273768758],[-64.129715882510482,-18.498420160693801],[-64.129716001028768,-18.498438233500632],[-64.129734943678159,-18.498438120423664],[-64.129735062198577,-18.498456193230364],[-64.129754004849829,-18.498456080151382],[-64.129754123372365,-18.498474152957922],[-64.129773066025464,-18.498474039876925],[-64.129773184550118,-18.498492112683323],[-64.12979212720505,-18.498491999600311],[-64.129792245731821,-18.498510072406546],[-64.129811188388629,-18.498509959321524],[-64.129811306917532,-18.498528032127584],[-64.129830249576173,-18.498527919040544],[-64.129830368107207,-18.498545991846484],[-64.129849310767696,-18.498545878757433],[-64.129849547834141,-18.498582024368957],[-64.129868490498467,-18.498581911277771],[-64.129868609033892,-18.498599984083338],[-64.129925437031986,-18.498599644798066],[-64.129925199949369,-18.498563499187576],[-64.129963085272792,-18.498563272988392],[-64.129962966727732,-18.498545200183326],[-64.129981909387269,-18.498545087081009],[-64.129981672293553,-18.49850894147102],[-64.130000614948983,-18.498508828367047],[-64.130000496400342,-18.498490755562109],[-64.13001943905364,-18.498490642456357],[-64.130019557604271,-18.498508715261174],[-64.130038500259417,-18.498508602153407],[-64.13009532822403,-18.498508262818742],[-64.130095446782747,-18.49852633562303],[-64.130114389439328,-18.498526222507561],[-64.130114508000148,-18.498544295311724],[-64.130133450658604,-18.498544182194244],[-64.130133569221542,-18.498562254998248],[-64.130152511881818,-18.498562141878754],[-64.130152630446887,-18.498580214682612],[-64.130171573109024,-18.498580101561107],[-64.130171454541966,-18.49856202875737],[-64.130247225181193,-18.498561576252868],[-64.130247106606333,-18.498543503449579],[-64.130284991921158,-18.498543277186197],[-64.130285110499997,-18.498561349989249],[-64.130304053159207,-18.498561236854599],[-64.130304171740164,-18.498579309657508],[-64.130323114401193,-18.498579196520843],[-64.130323232984281,-18.498597269323568],[-64.130342175647172,-18.498597156184889],[-64.130342294232378,-18.498615228987482],[-64.130361236897116,-18.498615115846793],[-64.130380179561726,-18.498615002704202],[-64.130380298151053,-18.498633075506532],[-64.130399240817482,-18.498632962361931],[-64.130418183483812,-18.498632849215436],[-64.130418302077231,-18.498650922017486],[-64.130437244745409,-18.498650808868977],[-64.13043736334096,-18.498668881670877],[-64.130475248680867,-18.498668655367936],[-64.130475130081336,-18.498650582566274],[-64.13051301541671,-18.498650356255986],[-64.130512896813357,-18.498632283454526],[-64.130531839478849,-18.498632170296656],[-64.130531720873648,-18.498614097495274],[-64.130569606200254,-18.49861387117409],[-64.130569487591217,-18.498595798372918],[-64.130588430252317,-18.498595685209601],[-64.130588548863344,-18.498613758010656],[-64.130626434189153,-18.498613531678103],[-64.130626315574148,-18.498595458877283],[-64.130645258234864,-18.498595345708285],[-64.130645139618011,-18.498577272907564],[-64.130664082276581,-18.498577159736787],[-64.130663726420877,-18.498522941334709],[-64.13068266907338,-18.49852282816239],[-64.130682550453102,-18.498504755361772],[-64.130701493103473,-18.498504642187676],[-64.130701374481347,-18.498486569387115],[-64.130852915663439,-18.498485663927081],[-64.130853034301452,-18.498503736726693],[-64.130871976950587,-18.498503623535541],[-64.131156116671178,-18.498501925440859],[-64.131156235341109,-18.498519998238521],[-64.131232005936013,-18.498519545340788],[-64.131231887258124,-18.498501472543598],[-64.13136448578004,-18.498500679900431],[-64.131364604471813,-18.498518752696789],[-64.131459317707581,-18.498518186465645],[-64.13145919900586,-18.498500113669884],[-64.131553912228284,-18.498499547391958],[-64.131553793516773,-18.498481474596726],[-64.131572736158873,-18.498481361335575],[-64.131572498732297,-18.498445215745242],[-64.131591441370261,-18.498445102482432],[-64.131591322655197,-18.498427029687328],[-64.131610265291073,-18.498426916422741],[-64.131610146574147,-18.498408843627743],[-64.131723802374452,-18.498408164001134],[-64.131723921103287,-18.498426236795428],[-64.131913347446101,-18.498425103931623],[-64.13191310994884,-18.498388958345362],[-64.131988880466224,-18.498388505147723],[-64.131988761709863,-18.498370432355006],[-64.132064532217115,-18.498369979127524],[-64.132064413452937,-18.498351906335245],[-64.13208335607743,-18.498351793023755],[-64.132083474843597,-18.498369865815913],[-64.132102417469937,-18.498369752502409],[-64.132102536238222,-18.498387825294419],[-64.132121478866409,-18.4983877119789],[-64.132159364122359,-18.498387485342178],[-64.132159482896739,-18.4984055581338],[-64.132178425526504,-18.498405444812477],[-64.132178544303002,-18.498423517603921],[-64.132197486934629,-18.498423404280587],[-64.132197605713259,-18.4984414770719],[-64.132216548346719,-18.498441363746554],[-64.132235490980023,-18.498441250419308],[-64.132235609762759,-18.498459323210341],[-64.132254552397939,-18.498459209881084],[-64.132255027538193,-18.49853150104439],[-64.132273970181188,-18.498531387712763],[-64.132273851393933,-18.4985133149221],[-64.132463277796347,-18.49851218150279],[-64.132482220435818,-18.498512068150436],[-64.132482339244916,-18.498530140939799],[-64.132501281886263,-18.498530027585431],[-64.132501400697492,-18.498548100374627],[-64.132520343340687,-18.498547987018245],[-64.132520462154048,-18.498566059807299],[-64.132539404799076,-18.498565946448903],[-64.132539642430174,-18.49860209202663],[-64.132653298321344,-18.49860141183504],[-64.132653179493815,-18.498583339046895],[-64.132710007431584,-18.498582998925873],[-64.132709888598228,-18.498564926138069],[-64.13276671652882,-18.498564586000345],[-64.13276683536813,-18.498582658787793],[-64.132785778013371,-18.498582545404645],[-64.132785896854799,-18.498600618191958],[-64.132804839501901,-18.498600504806792],[-64.13280495834546,-18.498618577593962],[-64.13282390099441,-18.498618464206785],[-64.132824019840086,-18.498636536993793],[-64.132842962490855,-18.498636423604605],[-64.132843081338663,-18.49865449639146],[-64.132862023991308,-18.498654383000254],[-64.132862142841233,-18.498672455786934],[-64.132881085495725,-18.498672342393714],[-64.132881204347768,-18.49869041518027],[-64.132900147004108,-18.498690301785039],[-64.132900265858282,-18.498708374571429],[-64.132919208516455,-18.49870826117418],[-64.132919327372761,-18.498726333960427],[-64.132938270032795,-18.498726220561167],[-64.132938388891219,-18.498744293347251],[-64.132957331553115,-18.498744179945977],[-64.132957450413642,-18.498762252731886],[-64.132976393077385,-18.498762139328601],[-64.132976511940058,-18.49878021211439],[-64.132995454605634,-18.498780098709087],[-64.132995573470438,-18.498798171494705],[-64.133014516137848,-18.498798058087392],[-64.13301463500477,-18.498816130872871],[-64.133033577674041,-18.498816017463543],[-64.133033696543094,-18.498834090248842],[-64.133052639214227,-18.498833976837499],[-64.133052758085384,-18.498852049622663],[-64.133071700758364,-18.498851936209309],[-64.133071819631652,-18.498870008994313],[-64.133090762306495,-18.498869895578942],[-64.1330908811819,-18.498887968363807],[-64.133109823858547,-18.498887854946425],[-64.133109942736084,-18.498905927731123],[-64.133128885414607,-18.498905814311726],[-64.133129004294275,-18.498923887096254],[-64.13314794697466,-18.498923773674843],[-64.133148065856432,-18.498941846459239],[-64.133167008538663,-18.498941733035817],[-64.133167127422553,-18.498959805820054],[-64.133186070106618,-18.498959692394617],[-64.133186188992639,-18.498977765178708],[-64.133205131678565,-18.498977651751254],[-64.133205250566718,-18.498995724535167],[-64.133224193254506,-18.498995611105705],[-64.133224312144762,-18.49901368388948],[-64.133243254834397,-18.499013570458001],[-64.133243373726799,-18.499031643241629],[-64.133262316418268,-18.499031529808136],[-64.133262435312787,-18.499049602591604],[-64.133281378006089,-18.499049489156096],[-64.133281496902725,-18.499067561939423],[-64.133300439597903,-18.499067448501897],[-64.133300558496671,-18.499085521285043],[-64.133319501193697,-18.499085407845506],[-64.133319620094582,-18.499103480628523],[-64.133338562793455,-18.499103367186976],[-64.133338681696458,-18.499121439969826],[-64.133357624397163,-18.499121326526264],[-64.133357743302298,-18.499139399308969],[-64.13337668600488,-18.499139285863393],[-64.133376804912132,-18.499157358645924],[-64.133395747616561,-18.499157245198333],[-64.13339586652593,-18.499175317980722],[-64.133414809232207,-18.49917520453112],[-64.133414928143708,-18.499193277313367],[-64.133433870851832,-18.499193163861747],[-64.13343398976545,-18.499211236643831],[-64.133452932475407,-18.4992111231902],[-64.133453051391157,-18.499229195972141],[-64.133471994102976,-18.499229082516493],[-64.133472113020858,-18.499247155298253],[-64.133491055734524,-18.499247041840594],[-64.133491174654523,-18.499265114622222],[-64.133510117370037,-18.499265001162552],[-64.133510236292153,-18.499283073944017],[-64.133529179009514,-18.499282960482333],[-64.133529297933762,-18.499301033263656],[-64.133548240652971,-18.499300919799953],[-64.133549548850539,-18.499499720390762],[-64.133568491591475,-18.499499606923866],[-64.133568610521323,-18.499517679704528],[-64.133587553264107,-18.49951756623561],[-64.133587672196086,-18.499535639016113],[-64.133606614940717,-18.499535525545184],[-64.133606733874828,-18.499553598325541],[-64.133625676621278,-18.499553484852594],[-64.133625795557506,-18.499571557632773],[-64.133644738305833,-18.499571444157809],[-64.133644857244207,-18.499589516937853],[-64.133663799994366,-18.499589403460885],[-64.133663918934857,-18.499607476240772],[-64.133682861686879,-18.499607362761793],[-64.133682980629487,-18.499625435541521],[-64.133701923383356,-18.499625322060524],[-64.133702042328082,-18.499643394840113],[-64.133720985083784,-18.499643281357098],[-64.133721104030641,-18.499661354136506],[-64.133740046788205,-18.499661240651477],[-64.13374016573718,-18.499679313430754],[-64.133759108496605,-18.499679199943714],[-64.133759227447698,-18.499697272722834],[-64.13377817020897,-18.499697159233779],[-64.13377828916218,-18.499715232012747],[-64.133797231925286,-18.499715118521674],[-64.133797350880627,-18.499733191300489],[-64.133816293645609,-18.499733077807406],[-64.133816412603068,-18.499751150586043],[-64.133835355369897,-18.499751037090945],[-64.133836188089887,-18.499877546539722],[-64.133855130870487,-18.499877433041899],[-64.133855249833019,-18.499895505820035],[-64.133874192615451,-18.499895392320202],[-64.133874430544907,-18.499931537876119],[-64.133893373331162,-18.499931424374147],[-64.133893492298085,-18.499949497151938],[-64.133912435086202,-18.499949383647959],[-64.133912554055243,-18.499967456425605],[-64.133931496845221,-18.499967342919607],[-64.133931615816394,-18.499985415697076],[-64.133950558608205,-18.499985302189067],[-64.133950677581495,-18.500003374966393],[-64.13396962037514,-18.500003261456371],[-64.133969739350562,-18.500021334233558],[-64.133988682146082,-18.500021220721521],[-64.133988801123621,-18.500039293498542],[-64.134007743920989,-18.500039179984487],[-64.134008457801016,-18.500147616645179],[-64.134027400610165,-18.50014750312852],[-64.134027519592621,-18.500165575905037],[-64.134046462403631,-18.500165462386366],[-64.134046581388219,-18.500183535162758],[-64.134065524201063,-18.50018342164207],[-64.134066000148749,-18.500255712746782],[-64.134047057327976,-18.500255826267946],[-64.134047295298672,-18.500291971820335],[-64.134028352473763,-18.500292085339844],[-64.134028709424868,-18.500346303668497],[-64.134009766593877,-18.500346417186464],[-64.134009885575864,-18.500364489962731],[-64.133990942742741,-18.500364603478918],[-64.133991537644832,-18.500454967360337],[-64.134010480487888,-18.500454853843554],[-64.134010599470699,-18.500472926619619],[-64.134029542315616,-18.500472813100824],[-64.134029661300559,-18.500490885876712],[-64.13404860414731,-18.500490772355899],[-64.13404872313437,-18.500508845131662],[-64.134067665982954,-18.500508731608836],[-64.134068141940517,-18.500581022711],[-64.134030256227305,-18.500581249755705],[-64.134030375213058,-18.500599322531407],[-64.134011432354242,-18.500599436051033],[-64.134011670322209,-18.500635581602562],[-64.133992727459287,-18.500635695120533],[-64.133992846441487,-18.500653767896338],[-64.133973903576447,-18.500653881412532],[-64.133974379498667,-18.500726172515968],[-64.133993322371666,-18.500726058999305],[-64.133994274238589,-18.500870641203502],[-64.134013217127332,-18.50087052768399],[-64.134013336113298,-18.500888600459248],[-64.134032279003904,-18.500888486937718],[-64.134032397991987,-18.500906559712799],[-64.13405134088444,-18.500906446189259],[-64.134051816846124,-18.500978737288808],[-64.134032873945742,-18.500978850812825],[-64.134034420810551,-18.501213796884034],[-64.134053363736768,-18.501213683358475],[-64.134053482729314,-18.5012317561328],[-64.134072425657365,-18.501231642605227],[-64.134072544652042,-18.501249715379419],[-64.134091487581941,-18.501249601849832],[-64.13409160657875,-18.501267674623868],[-64.134167378304966,-18.501267220486092],[-64.134167259300227,-18.501249147712528],[-64.134186202229458,-18.501249034173465],[-64.134186321236186,-18.501267106946909],[-64.134205264167264,-18.501266993405832],[-64.134205383176109,-18.501285066179125],[-64.134224326109049,-18.501284952636034],[-64.134224445120012,-18.501303025409168],[-64.13424338805477,-18.501302911864059],[-64.134243507067865,-18.501320984637022],[-64.134262450004513,-18.501320871089902],[-64.134262569019725,-18.501338943862738],[-64.134281511958193,-18.501338830313603],[-64.134281630975551,-18.501356903086272],[-64.13430057391588,-18.501356789535123],[-64.134300930974703,-18.50141100785256],[-64.134319873920859,-18.501410894299159],[-64.134338816866844,-18.501410780743864],[-64.134338935890696,-18.50142885351605],[-64.134357878838557,-18.50142873995874],[-64.134357997864541,-18.501446812730755],[-64.134376940814249,-18.501446699171431],[-64.134377774013856,-18.501573208573745],[-64.134358831050235,-18.5015733221339],[-64.134358950077313,-18.501591394905649],[-64.13437789304291,-18.501591281345377],[-64.134378012072119,-18.501609354116958],[-64.134396955039563,-18.501609240554668],[-64.134434840974038,-18.501609013424407],[-64.134434960009344,-18.501627086195608],[-64.134453902978365,-18.501626972627516],[-64.134454022015788,-18.50164504539854],[-64.134472964986671,-18.50164493182843],[-64.13447332210572,-18.501699150140993],[-64.134492265082415,-18.501699036568635],[-64.134492384124357,-18.501717109339296],[-64.134511327102885,-18.501716995764923],[-64.134511446146959,-18.501735068535414],[-64.134530389127363,-18.501734954959023],[-64.134530627219874,-18.501771100499699],[-64.134549570204115,-18.50177098692118],[-64.134549689252566,-18.501789059691355],[-64.134568632238654,-18.501788946110818],[-64.134569346544154,-18.501897382730331],[-64.134550403546157,-18.501897496311578],[-64.134550522595575,-18.501915569081504],[-64.134569465595561,-18.501915455500136],[-64.134607351595108,-18.501915228331718],[-64.134607470650622,-18.501933301101243],[-64.1346264136522,-18.501933187514066],[-64.13462665176759,-18.501969333052784],[-64.134645594773005,-18.501969219463483],[-64.134645832892929,-18.5020053650018],[-64.134664775902166,-18.502005251410363],[-64.134664894964317,-18.502023324179355],[-64.134683837975388,-18.502023210585907],[-64.13468395703967,-18.502041283354753],[-64.134702900052602,-18.502041169759288],[-64.134703257252212,-18.502095388065225],[-64.134722200270986,-18.502095274467507],[-64.134722319339787,-18.50211334723598],[-64.134741262360407,-18.502113233636248],[-64.134741500502386,-18.502149379172806],[-64.134760443526829,-18.502149265570939],[-64.134760562600022,-18.502167338339067],[-64.134779505626298,-18.502167224735189],[-64.134779624701608,-18.502185297503146],[-64.13479856772976,-18.502185183897257],[-64.134798805884756,-18.502221329432832],[-64.134817748916745,-18.502221215824804],[-64.134817987076275,-18.502257361360019],[-64.134836930112087,-18.502257247749856],[-64.134837049194047,-18.502275320517288],[-64.134855992231692,-18.502275206905114],[-64.134859088462406,-18.502745098842862],[-64.134878031551594,-18.502744985225704],[-64.134878984272518,-18.50288956735465],[-64.134860041167443,-18.502889680972757],[-64.134860160256196,-18.502907753738846],[-64.134822274041653,-18.502907980969617],[-64.134822512211613,-18.50294412650215],[-64.134803569100157,-18.502944240114928],[-64.134803688183354,-18.502962312881259],[-64.134708972614135,-18.502962880917313],[-64.13470909168754,-18.502980953684183],[-64.134690148571295,-18.502981067285827],[-64.134690505786367,-18.503035285586655],[-64.134614733296175,-18.503035739975697],[-64.134614852360187,-18.503053812743019],[-64.13459590923533,-18.50305392633566],[-64.134596028297494,-18.503071999103085],[-64.134577085170477,-18.50307211269395],[-64.134577204230808,-18.50309018546147],[-64.134558261101674,-18.503090299050555],[-64.134558380160129,-18.503108371818151],[-64.134539437028891,-18.503108485405463],[-64.1345395560855,-18.50312655817314],[-64.13452061295213,-18.503126671758672],[-64.134520732006891,-18.503144744526416],[-64.134501788871418,-18.503144858110172],[-64.134502026977387,-18.503181003645828],[-64.134483083837779,-18.503181117227925],[-64.134483202888973,-18.503199189995829],[-64.134464259747247,-18.50319930357615],[-64.134464497846082,-18.503235449112044],[-64.134483440991801,-18.503235335531485],[-64.134483798147059,-18.503289553834755],[-64.134502741298604,-18.503289440251947],[-64.134502979406776,-18.503325585787024],[-64.134521922562129,-18.503325472202079],[-64.134522041618396,-18.503343544969454],[-64.134503098461067,-18.503343658554517],[-64.134503336570063,-18.503379804089398],[-64.134484393408584,-18.503379917672802],[-64.134484750567154,-18.503434135975201],[-64.134465807399579,-18.503434249557063],[-64.134466045501995,-18.503470395092059],[-64.134447102330313,-18.503470508672265],[-64.13444745947902,-18.50352472697487],[-64.134428516301242,-18.503524840553538],[-64.134428635349096,-18.50354291332112],[-64.134409692169214,-18.503543026898008],[-64.134409811215221,-18.503561099665653],[-64.134390868033208,-18.503561213240765],[-64.134390987077339,-18.50357928600852],[-64.134353100708921,-18.503579513153294],[-64.134353219749229,-18.503597585921241],[-64.134334276562853,-18.503597699490907],[-64.134334871756565,-18.50368806333071],[-64.134353814952874,-18.503687949760455],[-64.134429587736847,-18.503687495460468],[-64.134430182983664,-18.503777859296431],[-64.134411239777947,-18.503777972874865],[-64.134411954066735,-18.503886409477545],[-64.134393010848939,-18.503886523054792],[-64.134393129895571,-18.503904595821915],[-64.134374186675657,-18.503904709397389],[-64.134374543810381,-18.503958927698875],[-64.134355600584371,-18.503959041272811],[-64.134355719627564,-18.503977114040001],[-64.134317833171181,-18.50397734118242],[-64.134317952210537,-18.503995413949838],[-64.134280065749621,-18.503995641084913],[-64.13428018478514,-18.504013713852526],[-64.134185468620515,-18.504014281657629],[-64.134185587646243,-18.50403235442581],[-64.134166644410939,-18.504032467981261],[-64.13416676343482,-18.504050540749496],[-64.134109933722044,-18.504050881404837],[-64.134110052740098,-18.504068954173412],[-64.134091109500247,-18.504069067721517],[-64.134091228516439,-18.504087140490181],[-64.134072285274499,-18.504087254036513],[-64.134072404288844,-18.504105326805256],[-64.13401557455613,-18.504105667433226],[-64.134015693564663,-18.504123740202299],[-64.133958863824773,-18.504124080813565],[-64.13395898282748,-18.504142153582929],[-64.133902153080399,-18.504142494177493],[-64.133902272077293,-18.504160566947206],[-64.133864385574569,-18.504160794001006],[-64.133864504567612,-18.504178866770914],[-64.133826618060368,-18.504179093817367],[-64.133826737049574,-18.504197166587485],[-64.133788850537826,-18.50419739362659],[-64.133788969523195,-18.504215466396889],[-64.133770026265111,-18.504215579913716],[-64.133770145248647,-18.50423365268411],[-64.133732258728116,-18.50423387971232],[-64.133732496687628,-18.504270025253486],[-64.133713553423178,-18.504270138764983],[-64.133713791379265,-18.504306284306235],[-64.133694848110693,-18.504306397816073],[-64.133694967086953,-18.504324470586774],[-64.133619194003415,-18.504324924607651],[-64.133619312971859,-18.504342997378782],[-64.133600369698641,-18.504343110879379],[-64.133600607631976,-18.504379256421789],[-64.133581664354651,-18.504379369920727],[-64.133581783319528,-18.504397442691975],[-64.133468123640782,-18.504398123646514],[-64.133468242593878,-18.504416196418461],[-64.133449299311621,-18.504416309904368],[-64.13344941826287,-18.504434382676397],[-64.133373645124507,-18.504434836601536],[-64.133373526181202,-18.504416763829038],[-64.133297753048595,-18.504417217723372],[-64.13329787198397,-18.50443529049635],[-64.133278928698473,-18.50443540396531],[-64.133279047631973,-18.50445347673838],[-64.133241161056617,-18.504453703670858],[-64.133241279986279,-18.504471776444099],[-64.133203393406433,-18.50447200336923],[-64.133203512332273,-18.504490076142691],[-64.133184569040139,-18.504490189602535],[-64.133184687964118,-18.504508262376085],[-64.133165744669853,-18.504508375834149],[-64.133165863591998,-18.504526448607784],[-64.133146920295616,-18.504526562064072],[-64.13314715813631,-18.504562707611445],[-64.133071384933544,-18.504563161418581],[-64.133071503846153,-18.50458123419271],[-64.133052560543135,-18.504581347639871],[-64.133052679453883,-18.504599420414067],[-64.133033736148761,-18.504599533859455],[-64.133033855057661,-18.504617606633747],[-64.133014911750394,-18.504617720077352],[-64.133015030657447,-18.504635792851701],[-64.132996087348047,-18.504635906293537],[-64.132996444064077,-18.504690124616786],[-64.132977500748581,-18.504690238057076],[-64.132977619652223,-18.50470831083155],[-64.132939733016869,-18.504708537706684],[-64.13293985191666,-18.504726610481331],[-64.132920908596773,-18.504726723916175],[-64.132921027494717,-18.504744796690929],[-64.132883140850581,-18.504745023555163],[-64.132883259744688,-18.504763096330109],[-64.132864316420424,-18.504763209759499],[-64.132864435312698,-18.504781282534545],[-64.132826548659779,-18.504781509387875],[-64.132826667548201,-18.504799582163113],[-64.132807724219532,-18.504799695587053],[-64.132807843106107,-18.504817768362351],[-64.132788899775335,-18.504817881784515],[-64.132789018660063,-18.504835954559926],[-64.132770075327173,-18.504836067980314],[-64.132770194210053,-18.504854140755803],[-64.132732307539854,-18.504854367591122],[-64.132732426418897,-18.504872440366817],[-64.132713483081602,-18.504872553781755],[-64.132713601958798,-18.504890626557508],[-64.132694658619414,-18.504890739970669],[-64.132694896370211,-18.504926885522352],[-64.132675953026691,-18.504926998933851],[-64.132676071900306,-18.504945071709759],[-64.132657128554669,-18.504945185119482],[-64.132657247426437,-18.504963257895469],[-64.132638304078668,-18.504963371303415],[-64.132638422948588,-18.504981444079469],[-64.132600536248688,-18.504981670889908],[-64.132600655114771,-18.504999743666186],[-64.132581711762626,-18.504999857068682],[-64.132581830626847,-18.505017929845039],[-64.132562887272584,-18.505018043245755],[-64.132563124997475,-18.505054188798582],[-64.132544181639091,-18.505054302197642],[-64.13254430049976,-18.505072374974134],[-64.132525357139244,-18.505072488371411],[-64.132525475998065,-18.505090561147988],[-64.132506532635446,-18.505090674543492],[-64.13250665149242,-18.505108747320151],[-64.132487708127655,-18.505108860713879],[-64.132487826982782,-18.505126933490619],[-64.1324688836159,-18.505127046882571],[-64.132469121322572,-18.505163192436161],[-64.132450177951569,-18.505163305826454],[-64.132450296803128,-18.505181378603318],[-64.132431353430022,-18.505181491991834],[-64.132431472279734,-18.505199564768795],[-64.132412528904482,-18.505199678155531],[-64.132412647752346,-18.505217750932548],[-64.132393704374977,-18.505217864317512],[-64.13239382322098,-18.505235937094625],[-64.132374879841507,-18.505236050477809],[-64.132374998685648,-18.505254123255014],[-64.132356055304044,-18.505254236636418],[-64.132356174146338,-18.505272309413709],[-64.132337230762616,-18.505272422793336],[-64.132337349603077,-18.505290495570708],[-64.132299462831213,-18.505290722324514],[-64.132299581667823,-18.505308795102064],[-64.13228063827971,-18.505308908476245],[-64.132280757114472,-18.505326981253905],[-64.132261813724242,-18.505327094626303],[-64.132261932557171,-18.505345167404041],[-64.132205102379629,-18.505345507510221],[-64.132205221206718,-18.505363580288282],[-64.132186277811954,-18.505363693653337],[-64.132186396637195,-18.505381766431476],[-64.13214850984329,-18.505381993156131],[-64.132148628664694,-18.50540006593446],[-64.132110741866256,-18.505400292651768],[-64.132110860683824,-18.505418365430319],[-64.132091917282423,-18.50541847878625],[-64.132092036098143,-18.505436551564877],[-64.132016262483162,-18.505437004970112],[-64.132016381291066,-18.505455077749183],[-64.131978494478801,-18.505455304440662],[-64.131978613282868,-18.505473377219911],[-64.131921783057436,-18.505473717243266],[-64.131921901855691,-18.505491790022855],[-64.131902958444982,-18.505491903360298],[-64.131903077241375,-18.505509976139976],[-64.131884133828521,-18.505510089475646],[-64.131884252623067,-18.505528162255398],[-64.131827422377725,-18.50552850225138],[-64.131827303589134,-18.505510429471272],[-64.131808360175739,-18.505510542799357],[-64.131808241389265,-18.505492470019089],[-64.131770354566029,-18.505492696669332],[-64.131751411154198,-18.505492809991612],[-64.131751292373835,-18.505474737210957],[-64.13173234896388,-18.505474850531222],[-64.131732230185648,-18.505456777750432],[-64.131713286777511,-18.505456891068679],[-64.131713168001397,-18.505438818287711],[-64.131694224595122,-18.505438931603948],[-64.13169410582114,-18.505420858822834],[-64.131675162416698,-18.505420972137053],[-64.131675043644847,-18.505402899355779],[-64.131656100242282,-18.505403012667983],[-64.131655981472548,-18.505384939886579],[-64.131637038071815,-18.505385053196768],[-64.131636919304199,-18.505366980415193],[-64.131617975905328,-18.505367093723375],[-64.13161785713983,-18.505349020941637],[-64.131598913742806,-18.505349134247801],[-64.131598794979439,-18.50533106146592],[-64.131579851584249,-18.50533117477007],[-64.131579732823013,-18.505313101988023],[-64.131560789429699,-18.505313215290158],[-64.131560670670595,-18.505295142507986],[-64.131541727279114,-18.505295255808107],[-64.131541608522113,-18.505277183025754],[-64.131522665132479,-18.505277296323861],[-64.13152254637761,-18.505259223541362],[-64.131503602989838,-18.505259336837454],[-64.131503484237086,-18.505241264054796],[-64.131484540851162,-18.505241377348874],[-64.131484422100542,-18.505223304566069],[-64.131465478716493,-18.505223417858133],[-64.13146535996799,-18.50520534507519],[-64.13144641658576,-18.505205458365239],[-64.131446297839375,-18.505187385582119],[-64.131427354459007,-18.505187498870153],[-64.131427235714753,-18.505169426086887],[-64.131408292336232,-18.505169539372908],[-64.131408173594096,-18.505151466589481],[-64.131313456709378,-18.505152032990559],[-64.131294513332037,-18.505152146265083],[-64.13129439460198,-18.505134073480939],[-64.131275451226472,-18.505134186753452],[-64.131275332498518,-18.505116113969127],[-64.131256389124857,-18.505116227239622],[-64.131256270399035,-18.505098154455144],[-64.131237327027222,-18.505098267723632],[-64.131237208303531,-18.505080194939001],[-64.131218264933608,-18.505080308205471],[-64.131218146212021,-18.505062235420688],[-64.131199202843916,-18.505062348685144],[-64.131199084124461,-18.505044275900225],[-64.131180140758204,-18.505044389162666],[-64.13118002204088,-18.505026316377577],[-64.131161078676485,-18.505026429638004],[-64.131160959961278,-18.505008356852763],[-64.131142016598716,-18.505008470111175],[-64.131141897885641,-18.504990397325777],[-64.131122954524955,-18.504990510582175],[-64.131122835813997,-18.504972437796646],[-64.131103892455144,-18.504972551051029],[-64.131103773746318,-18.504954478265326],[-64.131084830389312,-18.504954591517695],[-64.131084711682604,-18.504936518731835],[-64.131065768327446,-18.50493663198219],[-64.131065649622855,-18.504918559196181],[-64.131046706269558,-18.504918672444521],[-64.131046587567084,-18.504900599658352],[-64.131027644215663,-18.504900712904682],[-64.131027525515321,-18.504882640118382],[-64.13100858216572,-18.504882753362697],[-64.131008463467509,-18.504864680576219],[-64.130989520119755,-18.504864793818516],[-64.130989401423662,-18.504846721031896],[-64.130970458077755,-18.504846834272179],[-64.130970339383794,-18.504828761485392],[-64.130951396039762,-18.504828874723664],[-64.130951277347933,-18.504810801936753],[-64.13093233400572,-18.50481091517301],[-64.130932215316008,-18.504792842385925],[-64.130894328635165,-18.504793068852518],[-64.13087538529453,-18.504793182082967],[-64.130875266610914,-18.50477510929548],[-64.13085632327217,-18.504775222523918],[-64.130856204590671,-18.504757149736292],[-64.130837261253745,-18.504757262962713],[-64.130837142574379,-18.504739190174927],[-64.130818199239286,-18.504739303399333],[-64.130818080562051,-18.504721230611416],[-64.13079913722882,-18.504721343833811],[-64.130799018553702,-18.504703271045713],[-64.130780075222347,-18.504703384266094],[-64.130779956549347,-18.50468531147785],[-64.130761013219825,-18.504685424696216],[-64.130760894548942,-18.504667351907809],[-64.130741951221268,-18.504667465124164],[-64.130741832552516,-18.504649392335615],[-64.13070394590072,-18.504649618762397],[-64.130685002574651,-18.504649731972943],[-64.130684883911997,-18.504631659184021],[-64.130665940587747,-18.504631772392553],[-64.130665821927224,-18.50461369960345],[-64.130646878604821,-18.504613812809968],[-64.130646759946416,-18.504595740020722],[-64.130627816625875,-18.504595853225226],[-64.130627697969587,-18.504577780435817],[-64.130608754650893,-18.504577893638306],[-64.130608635996737,-18.504559820848765],[-64.130589692679905,-18.504559934049244],[-64.13058957402788,-18.504541861259536],[-64.130570630712882,-18.504541974457993],[-64.13057039341318,-18.504505828878223],[-64.130589336724213,-18.504505715679997],[-64.130589218072586,-18.504487642890187],[-64.130570274763542,-18.504487756088292],[-64.130570156114047,-18.504469683298343],[-64.130513326192101,-18.504470022880934],[-64.130494382884507,-18.504470136071337],[-64.130494264243083,-18.504452063280851],[-64.13047532093735,-18.504452176469243],[-64.130475202298058,-18.504434103678612],[-64.130456258994158,-18.50443421686499],[-64.130437315690131,-18.50443433004947],[-64.130437197054945,-18.504416257258562],[-64.130418253752779,-18.504416370441028],[-64.130418135119726,-18.504398297649992],[-64.130361305218329,-18.504398637185663],[-64.130342361917599,-18.50439875036043],[-64.130342243292631,-18.504380677568864],[-64.130304356694708,-18.50438090391247],[-64.130285413395555,-18.504381017081432],[-64.13028529477667,-18.504362944289468],[-64.130266351479364,-18.504363057456416],[-64.13026623286261,-18.504344984664311],[-64.130247289567166,-18.504345097829244],[-64.130247170952543,-18.504327025036975],[-64.130190341071284,-18.504327364520041],[-64.130171397777289,-18.504327477677268],[-64.130171279170739,-18.504309404884516],[-64.130152335878563,-18.504309518039733],[-64.130152217274158,-18.504291445246803],[-64.13013327398383,-18.504291558400002],[-64.130133155381529,-18.50427348560693],[-64.130114212093062,-18.504273598758118],[-64.130114093492892,-18.504255525964883],[-64.130076206919526,-18.504255752261333],[-64.130057263632622,-18.504255865406716],[-64.130057145038563,-18.504237792613097],[-64.130038201753507,-18.504237905756465],[-64.130038083161551,-18.504219832962711],[-64.130019139878371,-18.504219946104065],[-64.130019021288533,-18.50420187331013],[-64.130000078007185,-18.50420198644947],[-64.129999959419479,-18.504183913655393],[-64.129981016140007,-18.504184026792718],[-64.129980897554432,-18.504165953998474],[-64.12996195427678,-18.504166067133788],[-64.129961835693322,-18.504147994339416],[-64.129942892417532,-18.504148107472719],[-64.129942773836191,-18.504130034678166],[-64.129923830562262,-18.504130147809452],[-64.129923711983054,-18.504112075014756],[-64.129904768710972,-18.504112188144028],[-64.129904650133895,-18.504094115349176],[-64.129885706863661,-18.504094228476429],[-64.129885588288687,-18.504076155681428],[-64.129866645020286,-18.504076268806674],[-64.129866526447458,-18.504058196011535],[-64.129847583180918,-18.504058309134763],[-64.129847464610194,-18.504040236339446],[-64.129828521345502,-18.504040349460663],[-64.129828402776909,-18.5040222766652],[-64.129809459514092,-18.504022389784399],[-64.129809340947631,-18.504004316988777],[-64.129790397686634,-18.504004430105965],[-64.12979027912229,-18.503986357310215],[-64.129771335863154,-18.503986470425385],[-64.129771217300927,-18.503968397629464],[-64.129600727980446,-18.503969415579643],[-64.129581784721921,-18.503969528675739],[-64.129581666179718,-18.503951455878592],[-64.12956272292304,-18.503951568972674],[-64.129562485842982,-18.50391542337805],[-64.129524599337202,-18.503915649560057],[-64.129524717873196,-18.503933722357626],[-64.129505774618096,-18.503933835445906],[-64.129505893152228,-18.50395190824355],[-64.129316460573975,-18.503953039023244],[-64.12931634205971,-18.503934966224417],[-64.129278455546412,-18.503935192357371],[-64.129259512289536,-18.503935305421003],[-64.129259393781368,-18.503917232621777],[-64.129221507271197,-18.503917458743118],[-64.129202564015941,-18.503917571800947],[-64.129202445513855,-18.503899499001353],[-64.129183502260432,-18.503899612057168],[-64.129183383760477,-18.503881539257399],[-64.129164440508887,-18.5038816523112],[-64.129164203513383,-18.503845506711325],[-64.129145260265631,-18.503845619762995],[-64.129145141770081,-18.503827546962885],[-64.12903148229266,-18.503828225232372],[-64.129031600776301,-18.503846298033192],[-64.128993714278749,-18.503846524108091],[-64.128993595799074,-18.50382845130704],[-64.128974652552088,-18.503828564341525],[-64.128974534074544,-18.503810491540342],[-64.128955590829406,-18.503810604572816],[-64.128955472353979,-18.503792531771452],[-64.128898642623724,-18.503792870857147],[-64.128879699380022,-18.503792983881922],[-64.128879580912681,-18.503774911080058],[-64.12886063767084,-18.503775024102815],[-64.128860519205645,-18.50375695130079],[-64.128841575965637,-18.503757064321537],[-64.128841457502546,-18.503738991519384],[-64.128746741310451,-18.503739556594088],[-64.128746859763595,-18.503757629396834],[-64.128708973281817,-18.503757855413678],[-64.128690030040744,-18.503757968419258],[-64.128689793146492,-18.503721822812999],[-64.128670849909241,-18.503721935816447],[-64.128651906671848,-18.503722048818002],[-64.128651788228908,-18.503703976014577],[-64.128613901757689,-18.503704202011761],[-64.128594958521887,-18.503704315007507],[-64.128594840085043,-18.503686242203685],[-64.128575896851075,-18.503686355197416],[-64.12857601528593,-18.50370442800136],[-64.128557072049844,-18.503704540993315],[-64.128557190482866,-18.503722613797329],[-64.128481417529215,-18.503723065746669],[-64.128481535954407,-18.503741138551131],[-64.12846259271366,-18.503741251533846],[-64.128462711137004,-18.503759324338358],[-64.128424824651162,-18.503759550298337],[-64.128424706231783,-18.503741477493584],[-64.128405762990639,-18.503741590470611],[-64.128405644573377,-18.50372351766568],[-64.128386701334065,-18.503723630640692],[-64.128386582918935,-18.503705557835616],[-64.128367639681485,-18.503705670808614],[-64.128367402855616,-18.503669525198102],[-64.128348459622003,-18.503669638168972],[-64.128329516388263,-18.503669751137942],[-64.128329397979513,-18.503651678332428],[-64.12831045474762,-18.503651791299383],[-64.128310217934484,-18.503615645687958],[-64.128291274706413,-18.503615758652785],[-64.128291156302041,-18.503597685846898],[-64.128291037897796,-18.503579613041001],[-64.128272094673576,-18.503579726003696],[-64.128271976271463,-18.503561653197625],[-64.128215146603935,-18.50356199207398],[-64.128196203381151,-18.503562105028973],[-64.128196084987124,-18.50354403222239],[-64.128177141766187,-18.503544145175368],[-64.128177023374278,-18.50352607236864],[-64.128158080155217,-18.503526185319604],[-64.128157961765424,-18.503508112512716],[-64.128139018548197,-18.503508225461665],[-64.128138900160536,-18.503490152654649],[-64.128119956945156,-18.503490265601588],[-64.128119838559613,-18.503472192794387],[-64.128081952132419,-18.503472418682342],[-64.12806300891863,-18.503472531623476],[-64.128062890539184,-18.503454458815895],[-64.128043947327228,-18.503454571755018],[-64.128043828949899,-18.503436498947277],[-64.128024885739805,-18.503436611884382],[-64.128005942529555,-18.503436724819593],[-64.128005824156347,-18.503418652011604],[-64.127986880947986,-18.503418764944801],[-64.127986762576896,-18.503400692136644],[-64.127967819370355,-18.503400805067827],[-64.127967701001396,-18.503382732259514],[-64.127948757796702,-18.503382845188682],[-64.12794863942986,-18.50336477238022],[-64.127929696227028,-18.50336488530737],[-64.127929341133296,-18.503310666881418],[-64.127910397936276,-18.503310779806323],[-64.127910161211787,-18.5032746341886],[-64.127891218018632,-18.503274747111373],[-64.127891099658555,-18.503256674302346],[-64.127872156467234,-18.503256787223105],[-64.127872038109288,-18.503238714413943],[-64.127834151730212,-18.503238940249538],[-64.127815208540468,-18.503239053164496],[-64.127815090188633,-18.503220980354911],[-64.127777203812698,-18.5032212061789],[-64.127758260624532,-18.503221319088045],[-64.127758142278793,-18.503203246278087],[-64.12773919909246,-18.503203359185225],[-64.127739080748853,-18.503185286375103],[-64.127720137564395,-18.503185399280227],[-64.127720019222906,-18.503167326469978],[-64.127701076040282,-18.503167439373083],[-64.12770095770091,-18.503149366562663],[-64.127682014520133,-18.503149479463758],[-64.12768177784578,-18.50311333384256],[-64.12766283466884,-18.503113446741523],[-64.127643891491772,-18.503113559638589],[-64.127643773158766,-18.503095486827711],[-64.12762482998356,-18.503095599722766],[-64.127624474991336,-18.50304138128957],[-64.127605531821942,-18.503041494182376],[-64.12760541349347,-18.503023421371108],[-64.127586470325923,-18.503023534261899],[-64.127586351999554,-18.503005461450506],[-64.127567408833869,-18.503005574339284],[-64.127567290509631,-18.502987501527723],[-64.127548347345808,-18.502987614414486],[-64.127548229023688,-18.502969541602759],[-64.127529285861698,-18.502969654487508],[-64.127510342699566,-18.502969767370363],[-64.127510224381567,-18.502951694558377],[-64.127491281221282,-18.502951807439217],[-64.127491162905415,-18.502933734627067],[-64.127472219746977,-18.502933847505894],[-64.127472101433213,-18.502915774693616],[-64.12733949933434,-18.502916564791501],[-64.127320556176812,-18.502916677655044],[-64.127320437879092,-18.502898604841761],[-64.127301494723412,-18.502898717703292],[-64.127301376427795,-18.502880644889867],[-64.12728243327399,-18.502880757749381],[-64.127282314980519,-18.502862684935792],[-64.127263371828533,-18.502862797793298],[-64.12726325353718,-18.502844724979564],[-64.127187480935845,-18.502845176390149],[-64.127168537785167,-18.502845289238056],[-64.127168419503889,-18.502827216423714],[-64.127149476355058,-18.502827329269607],[-64.127149358075897,-18.502809256455087],[-64.127130414928928,-18.502809369298966],[-64.127111471781831,-18.50280948214095],[-64.127111353506777,-18.502791409326168],[-64.127092410361527,-18.502791522166138],[-64.127092292088591,-18.502773449351192],[-64.127035462657943,-18.502773787859379],[-64.127016519514143,-18.502773900691647],[-64.127016401249307,-18.502755827876225],[-64.126997458107326,-18.502755940706482],[-64.126997339844607,-18.502737867890882],[-64.126978396704487,-18.502737980719129],[-64.126978041923095,-18.502683762271758],[-64.126996985057261,-18.502683649443867],[-64.126996748533031,-18.502647503812366],[-64.126977805402859,-18.502647616640019],[-64.12697768714294,-18.502629543824096],[-64.126958744014601,-18.502629656649734],[-64.126958389241608,-18.502575438201404],[-64.126939446119124,-18.502575551024794],[-64.126939327863724,-18.502557478208484],[-64.126920384743059,-18.502557591029859],[-64.12692014823665,-18.502521445396908],[-64.126901205119822,-18.502521558216152],[-64.126900850367178,-18.50246733976612],[-64.126919793478038,-18.502467226947232],[-64.126918610958214,-18.502286498779327],[-64.126899667867221,-18.502286611597039],[-64.126898603628902,-18.502123956241871],[-64.126879660555659,-18.502124069056624],[-64.126879542309624,-18.502105996239081],[-64.126860599238228,-18.502106109051823],[-64.126860244506901,-18.502051890598654],[-64.126841301441345,-18.502052003409144],[-64.126840355513039,-18.501907420864857],[-64.126859298562707,-18.501907308055308],[-64.126859062078012,-18.501871162419111],[-64.126878005123601,-18.501871049607903],[-64.12687788687947,-18.501852976789877],[-64.126858943835884,-18.501853089600967],[-64.126858825593885,-18.501835016782799],[-64.126839882552161,-18.501835129591875],[-64.12683976431228,-18.501817056773529],[-64.126820821272403,-18.501817169580594],[-64.126820703034639,-18.501799096762106],[-64.12680175999661,-18.501799209567157],[-64.126801523525472,-18.501763063929847],[-64.126782580491266,-18.501763176732762],[-64.126781752860509,-18.501636667000206],[-64.126762809840116,-18.501636779800403],[-64.12676269160967,-18.501618706981198],[-64.126743748591096,-18.501618819779384],[-64.126743630362782,-18.501600746960051],[-64.126724687346055,-18.501600859756223],[-64.126724569119872,-18.501582786936723],[-64.126705626104993,-18.501582899730881],[-64.126705507880928,-18.501564826911217],[-64.12668656486791,-18.501564939703361],[-64.126686091980943,-18.50149264842392],[-64.126667148975756,-18.501492761213694],[-64.126667030756337,-18.501474688393632],[-64.126648087752969,-18.501474801181391],[-64.126647851318538,-18.501438655540912],[-64.126666794317941,-18.501438542753387],[-64.126666439661335,-18.501384324292772],[-64.126590667686784,-18.501384775430093],[-64.126590785897577,-18.501402848250805],[-64.126571842901626,-18.501402961030511],[-64.126552899905533,-18.501403073808326],[-64.126552427079105,-18.501330782524327],[-64.126533484090814,-18.501330895299773],[-64.126533365886544,-18.501312822478557],[-64.126514422900101,-18.501312935251988],[-64.126514186495925,-18.501276789609225],[-64.126495243513347,-18.501276902380525],[-64.126495125313454,-18.501258829558996],[-64.126476182332695,-18.501258942328285],[-64.12647606413492,-18.501240869506578],[-64.126457121156022,-18.501240982273853],[-64.126457002960379,-18.50122290945199],[-64.126438059983315,-18.50122302221725],[-64.126437823596405,-18.501186876573211],[-64.126418880623177,-18.501186989336343],[-64.126418762431925,-18.501168916514143],[-64.126399819460559,-18.501169029275257],[-64.126399701271424,-18.501150956452904],[-64.126380758301906,-18.50115106921201],[-64.126380521927999,-18.501114923566952],[-64.126361578962332,-18.501115036323927],[-64.126361460777559,-18.501096963501254],[-64.12634251781374,-18.501097076256212],[-64.126342399631085,-18.501079003433361],[-64.126323456669141,-18.501079116186308],[-64.126323220308237,-18.501042970540269],[-64.126304277350101,-18.50104308329108],[-64.126304040993716,-18.501006937644689],[-64.126285098039418,-18.501007050393373],[-64.126284861687552,-18.500970904746584],[-64.126265918737076,-18.500971017493132],[-64.126265800563345,-18.500952944669564],[-64.126246857614731,-18.500953057414105],[-64.126246739443104,-18.500934984590401],[-64.126227796496366,-18.500935097332928],[-64.12622767832687,-18.500917024509054],[-64.126208735381965,-18.500917137249562],[-64.126208499047351,-18.500880991601477],[-64.126189556106269,-18.500881104339857],[-64.126189437941164,-18.500863031515646],[-64.126170495001929,-18.500863144252016],[-64.126170376838942,-18.500845071427669],[-64.126151433901569,-18.500845184162021],[-64.126151315740685,-18.5008271113375],[-64.126132372805188,-18.500827224069841],[-64.12613225464645,-18.500809151245171],[-64.126113311712757,-18.500809263975498],[-64.126112957243294,-18.500755045500931],[-64.126094014315456,-18.500755158229008],[-64.126093896161223,-18.500737085403955],[-64.126074953235218,-18.500737198130022],[-64.126074716931143,-18.500701052479581],[-64.126055774009004,-18.500701165203516],[-64.126055537709433,-18.500665019552709],[-64.126036594791103,-18.500665132274516],[-64.12603647664352,-18.500647059448941],[-64.126017533727051,-18.50064717216873],[-64.126017415581586,-18.500629099342994],[-64.125998472666964,-18.500629212060769],[-64.125998354523617,-18.500611139234891],[-64.125979411610842,-18.500611251950652],[-64.125979175328524,-18.500575106298555],[-64.125960232419615,-18.500575219012191],[-64.125960114280659,-18.500557146185965],[-64.125941171373569,-18.50055725889759],[-64.125941053236716,-18.500539186071201],[-64.125922110331487,-18.500539298780811],[-64.12592199219678,-18.500521225954298],[-64.125903049293385,-18.500521338661891],[-64.12590293116078,-18.500503265835199],[-64.125883988259275,-18.500503378540781],[-64.125883870128803,-18.500485305713944],[-64.125864927229117,-18.500485418417512],[-64.125864809100776,-18.500467345590511],[-64.125845866202923,-18.500467458292064],[-64.125845748076699,-18.500449385464929],[-64.125826805180708,-18.500449498164468],[-64.125826687056616,-18.50043142533719],[-64.125807744162472,-18.500431538034714],[-64.125807626040498,-18.500413465207259],[-64.12578868314823,-18.500413577902769],[-64.125788565028387,-18.500395505075176],[-64.125769622137938,-18.500395617768675],[-64.125769504020198,-18.50037754494091],[-64.125750561131625,-18.500377657632402],[-64.125750443016003,-18.50035958480451],[-64.125731500129262,-18.500359697493984],[-64.125731382015786,-18.500341624665925],[-64.125712439130893,-18.500341737353388],[-64.12571232101952,-18.500323664525165],[-64.125693378136518,-18.50032377721061],[-64.125693260027276,-18.500305704382246],[-64.125674317146093,-18.500305817065684],[-64.125674199038968,-18.500287744237156],[-64.125655256159632,-18.500287856918579],[-64.12565513805464,-18.50026978408992],[-64.125636195177151,-18.500269896769332],[-64.125636077074276,-18.500251823940495],[-64.125617134198663,-18.500251936617893],[-64.125617016097905,-18.500233863788917],[-64.125598073224126,-18.500233976464298],[-64.1255979551255,-18.500215903635155],[-64.125560069381493,-18.50021612898],[-64.12554112650929,-18.500216241649582],[-64.125541008416761,-18.500198168820077],[-64.12552206554642,-18.500198281487641],[-64.125521947456008,-18.500180208657969],[-64.1255030045875,-18.500180321323523],[-64.125502296059807,-18.500071884344031],[-64.12548335320308,-18.500071997006984],[-64.125483235117585,-18.500053924176818],[-64.125464292262734,-18.500054036837753],[-64.125463701847252,-18.499963672685862],[-64.125444759002207,-18.499963785344313],[-64.125444640921501,-18.499945712513732],[-64.125425698078288,-18.499945825170169],[-64.125424989608874,-18.499837388185103],[-64.125406046777428,-18.499837500838943],[-64.125405928701653,-18.499819428007857],[-64.125386985872055,-18.499819540659683],[-64.125386867798426,-18.499801467828441],[-64.125367924970675,-18.499801580478252],[-64.125367806899149,-18.499783507646882],[-64.125348864073288,-18.499783620294679],[-64.12534874600388,-18.499765547463131],[-64.125329803179838,-18.499765660108917],[-64.125329448978391,-18.499711441613709],[-64.125310506160176,-18.499711554257242],[-64.125310388095286,-18.499693481425343],[-64.125291445278918,-18.499693594066869],[-64.125291327216146,-18.499675521234789],[-64.125272384401654,-18.499675633874297],[-64.125272266341028,-18.499657561042071],[-64.125253323528355,-18.499657673679572],[-64.125253205469832,-18.499639600847182],[-64.125234262659006,-18.499639713482669],[-64.125234144602629,-18.499621640650137],[-64.125215201793651,-18.499621753283609],[-64.125215083739377,-18.499603680450942],[-64.12519614093226,-18.499603793082404],[-64.125196022880118,-18.499585720249556],[-64.125177080074877,-18.499585832879003],[-64.125176962024824,-18.499567760046013],[-64.125158019221416,-18.499567872673445],[-64.125157901173523,-18.499549799840292],[-64.125138958371949,-18.49954991246571],[-64.125120015570246,-18.499550025089235],[-64.12511989752646,-18.49953195225584],[-64.125100954726591,-18.499532064877354],[-64.125082011926636,-18.499532177496967],[-64.125081893886943,-18.499514104663284],[-64.125062951088807,-18.499514217280883],[-64.12504400829053,-18.499514329896595],[-64.125043890254958,-18.499496257062628],[-64.125024947458542,-18.499496369676326],[-64.125024829425072,-18.499478296842206],[-64.125005886630532,-18.499478409453889],[-64.125005768599195,-18.499460336619627],[-64.124986825806474,-18.499460449229296],[-64.124986707777254,-18.499442376394899],[-64.124967764986394,-18.499442489002554],[-64.124948822195378,-18.499442601608315],[-64.124948704170265,-18.49942452877362],[-64.124910818591843,-18.499424753979223],[-64.124891875802419,-18.499424866579179],[-64.124891757783402,-18.499406793744107],[-64.12487281499584,-18.499406906342049],[-64.124872696978954,-18.499388833506817],[-64.124853754193211,-18.499388946102748],[-64.124853636178443,-18.499370873267384],[-64.12483469339459,-18.499370985861301],[-64.124834575381954,-18.499352913025771],[-64.124815632599919,-18.499353025617676],[-64.124815514589415,-18.499334952781982],[-64.124796571809227,-18.499335065371877],[-64.124796453800826,-18.499316992536038],[-64.124777511022515,-18.499317105123914],[-64.124777275010089,-18.499280959451909],[-64.124758332235601,-18.499281072037657],[-64.124758214231576,-18.499262999201463],[-64.124739271458964,-18.499263111785204],[-64.124739153457071,-18.499245038948871],[-64.12456866851511,-18.499246052116149],[-64.124549725743108,-18.499246164680816],[-64.124549607761224,-18.499228091843261],[-64.124530664991056,-18.499228204405913],[-64.124530547011275,-18.499210131568219],[-64.124511604242969,-18.499210244128861],[-64.12449266147452,-18.499210356687605],[-64.124492543498846,-18.499192283849652],[-64.124473600732273,-18.499192396406382],[-64.124473482758731,-18.499174323568255],[-64.124416654464085,-18.499174661226728],[-64.124397711698961,-18.49917477377576],[-64.124397593733491,-18.499156700937135],[-64.124378650970186,-18.499156813484152],[-64.124378533006848,-18.499138740645364],[-64.12435959024539,-18.499138853190374],[-64.124359472284183,-18.499120780351458],[-64.124340529524574,-18.499120892894453],[-64.124340411565484,-18.499102820055356],[-64.124321468807736,-18.49910293259634],[-64.124321350850764,-18.499084859757101],[-64.124302408094877,-18.499084972296071],[-64.124302290140022,-18.499066899456668],[-64.124283347385983,-18.499067011993628],[-64.124283229433246,-18.499048939154079],[-64.124264286681054,-18.499049051689024],[-64.124264168730448,-18.499030978849344],[-64.12424522598009,-18.499031091382275],[-64.124245108031602,-18.499013018542414],[-64.124226165283105,-18.499013131073333],[-64.124226047336734,-18.498995058233326],[-64.124207104590113,-18.498995170762235],[-64.124206986645873,-18.498977097922072],[-64.124169101156141,-18.498977322973957],[-64.124150158411069,-18.498977435497064],[-64.124150040472927,-18.498959362656532],[-64.124131097729716,-18.498959475177621],[-64.124112154986364,-18.498959587696813],[-64.124111801184668,-18.498905369174256],[-64.124092858447128,-18.498905481691203],[-64.124092740515493,-18.498887408850155],[-64.124073797779801,-18.498887521365091],[-64.124054855043994,-18.498887633878127],[-64.124054619189067,-18.498851488195481],[-64.124035676457098,-18.498851600706388],[-64.124035558531816,-18.498833527864893],[-64.124016615801693,-18.498833640373785],[-64.124016497878543,-18.498815567532123],[-64.123997555150254,-18.498815680039009],[-64.123978612421837,-18.498815792543994],[-64.123978494502794,-18.49879771970209],[-64.123959551776252,-18.498797832205064],[-64.123959433859326,-18.498779759362989],[-64.123845777509004,-18.498780434340325],[-64.123826834783458,-18.498780546829916],[-64.123826716880586,-18.498762473986975],[-64.123807774156901,-18.498762586474552],[-64.123807656256147,-18.498744513631468],[-64.123656114477726,-18.498745413462913],[-64.123637171754808,-18.498745525933316],[-64.123637053872059,-18.498727453089128],[-64.123618111150989,-18.498727565557516],[-64.123617993270358,-18.498709492713207],[-64.123466451512854,-18.498710392391157],[-64.123447508792552,-18.498710504842371],[-64.12344739092994,-18.498692431996943],[-64.123428448211499,-18.498692544446143],[-64.123428330351004,-18.498674471600562],[-64.12340938763441,-18.498674584047755],[-64.123409269776047,-18.498656511202014],[-64.123390327061287,-18.498656623647193],[-64.123390209205041,-18.49863855080131],[-64.123371266492143,-18.498638663244478],[-64.123371148638014,-18.498620590398456],[-64.123352205926992,-18.498620702839609],[-64.123352088074981,-18.49860262999341],[-64.123333145365777,-18.498602742432549],[-64.123333027515898,-18.498584669586212],[-64.123314084808541,-18.498584782023336],[-64.123313966960779,-18.498566709176835],[-64.123295024255285,-18.498566821611949]]]},"properties":{"FID":11,"Zona":"Yaguari","IDUH":12,"UH":"SC12 - Yag","AreaHa":60.448799999999999}},{"type":"Feature","id":12,"geometry":{"type":"Polygon","coordinates":[[[-64.121523469476841,-18.499968991987387],[-64.121523351807454,-18.499950919132406],[-64.121542294676672,-18.499950806866515],[-64.121541941663423,-18.499896588301695],[-64.121579827389553,-18.499896363764925],[-64.121579592040121,-18.499860218055364],[-64.121598534898993,-18.499860105784371],[-64.121598417222486,-18.499842032929649],[-64.121617360079256,-18.49984192065688],[-64.121617124722704,-18.499805774947571],[-64.121636067575338,-18.49980566267314],[-64.121635949895264,-18.499787589818549],[-64.121654892745809,-18.499787477542334],[-64.121654775063874,-18.499769404687822],[-64.121673717912287,-18.499769292409834],[-64.121673482544892,-18.499733146700937],[-64.121692425389199,-18.49973303442129],[-64.121692307703711,-18.499714961566923],[-64.121730193387918,-18.499714737002179],[-64.121730075698608,-18.499696664147987],[-64.121749018538509,-18.49969655186289],[-64.121748900847351,-18.499678479008789],[-64.121767843685149,-18.499678366721913],[-64.12176796137831,-18.499696439575899],[-64.121824789896834,-18.499696102703549],[-64.121824672197718,-18.499678029849917],[-64.121843615034962,-18.499677917555459],[-64.121843497333998,-18.499659844701906],[-64.121862440169139,-18.499659732405672],[-64.121862322466328,-18.499641659552211],[-64.121843379633177,-18.499641771848324],[-64.121843144231917,-18.499605626141058],[-64.121862087061089,-18.499605513845179],[-64.121861851656419,-18.49956936813799],[-64.12188079448147,-18.499569255840449],[-64.121880676777351,-18.499551182986941],[-64.121956448068289,-18.499550733778293],[-64.121956330356355,-18.499532660925198],[-64.121975273176744,-18.499532548618415],[-64.121975155462977,-18.499514475765398],[-64.121994098281263,-18.499514363456839],[-64.121993745134759,-18.499460144897967],[-64.122012687946963,-18.499460032587862],[-64.122012217078904,-18.499387741175997],[-64.121993274274658,-18.499387853485633],[-64.12199268570258,-18.499297489219419],[-64.122011628496892,-18.499297376910373],[-64.122011510780908,-18.499279304057133],[-64.122068339157082,-18.499278967118972],[-64.122068221435256,-18.499260894266062],[-64.122143992593649,-18.499260444989115],[-64.122143874864022,-18.499242372136631],[-64.122162817651301,-18.499242259812771],[-64.122162699919826,-18.49922418696038],[-64.122181642704973,-18.499224074634746],[-64.122181524971651,-18.499206001782447],[-64.12216258218848,-18.499206114107963],[-64.122162464457276,-18.49918804125549],[-64.122143521675952,-18.499188153578995],[-64.122143403946865,-18.499170080726376],[-64.122124461167417,-18.499170193047867],[-64.122123048452821,-18.498953318812291],[-64.122141991208423,-18.498953206492207],[-64.122141520299948,-18.498880915079685],[-64.122160463047507,-18.49888080275818],[-64.122160227590115,-18.498844657051936],[-64.122141284846535,-18.498844769373211],[-64.122141049393662,-18.498808623666605],[-64.122122106653933,-18.498808735985744],[-64.122121988929678,-18.498790663132269],[-64.122140931667417,-18.498790550813247],[-64.122140813941328,-18.498772477959843],[-64.12215975667695,-18.498772365639045],[-64.122159638949,-18.498754292785733],[-64.122178581682519,-18.498754180463152],[-64.122178346223052,-18.498718034756667],[-64.122197288952449,-18.498717922432427],[-64.122196935758311,-18.498663703872758],[-64.122234821204756,-18.498663479219296],[-64.122234703469687,-18.498645406366244],[-64.122291531632428,-18.498645069372191],[-64.122291413891531,-18.498626996519473],[-64.122310356610157,-18.49862688418445],[-64.12230988563995,-18.49855459277363],[-64.122328828350533,-18.498554480437178],[-64.12232871060634,-18.498536407584499],[-64.122745450160863,-18.498533935705733],[-64.122745567948741,-18.49855200855583],[-64.122764510656197,-18.49855189617579],[-64.12276462844622,-18.498569969025709],[-64.122859341991372,-18.498569407096507],[-64.122859224191416,-18.498551334247178],[-64.122878166898047,-18.498551221855767],[-64.122878049096244,-18.498533149006498],[-64.122915934505144,-18.498532924218232],[-64.122915816699518,-18.498514851369151],[-64.122972644805856,-18.498514514172889],[-64.122972526994403,-18.498496441324143],[-64.123029355093578,-18.498496104111176],[-64.123029237276285,-18.498478031262739],[-64.12304817997375,-18.498477918854739],[-64.123048062154623,-18.498459846006405],[-64.123067004849972,-18.498459733596633],[-64.123067122671088,-18.49847780644485],[-64.123086065368298,-18.49847769403307],[-64.123085947545192,-18.498459621184967],[-64.123104890240242,-18.498459508771404],[-64.123104772415289,-18.498441435923365],[-64.12312371510825,-18.498441323508022],[-64.123124068589476,-18.498495542051668],[-64.123143011288263,-18.498495429634083],[-64.123180896685398,-18.498495204793219],[-64.123181014518693,-18.498513277640676],[-64.123199957219057,-18.498513165217286],[-64.123200075054484,-18.498531238064601],[-64.123219017756711,-18.4985311256392],[-64.123237960458766,-18.498531013211899],[-64.1232380782983,-18.498549086058937],[-64.123257021002246,-18.498548973629628],[-64.123257138843897,-18.498567046476492],[-64.123276081549648,-18.498566934045169],[-64.123295024255285,-18.498566821611949],[-64.123295142101057,-18.49858489445857],[-64.123314084808541,-18.498584782023336],[-64.123333027515898,-18.498584669586212],[-64.123333145365777,-18.498602742432549],[-64.123352088074981,-18.49860262999341],[-64.123352205926992,-18.498620702839609],[-64.123371148638014,-18.498620590398456],[-64.123371266492143,-18.498638663244478],[-64.123390209205041,-18.49863855080131],[-64.123390327061287,-18.498656623647193],[-64.123409269776047,-18.498656511202014],[-64.12340938763441,-18.498674584047755],[-64.123428330351004,-18.498674471600562],[-64.123428448211499,-18.498692544446143],[-64.12344739092994,-18.498692431996943],[-64.123447508792552,-18.498710504842371],[-64.123466451512854,-18.498710392391157],[-64.123617993270358,-18.498709492713207],[-64.123618111150989,-18.498727565557516],[-64.123637053872059,-18.498727453089128],[-64.123637171754808,-18.498745525933316],[-64.123656114477726,-18.498745413462913],[-64.123807656256147,-18.498744513631468],[-64.123807774156901,-18.498762586474552],[-64.123826716880586,-18.498762473986975],[-64.123826834783458,-18.498780546829916],[-64.123845777509004,-18.498780434340325],[-64.123959433859326,-18.498779759362989],[-64.123959551776252,-18.498797832205064],[-64.123978494502794,-18.49879771970209],[-64.123978612421837,-18.498815792543994],[-64.123997555150254,-18.498815680039009],[-64.124016497878543,-18.498815567532123],[-64.124016615801693,-18.498833640373785],[-64.124035558531816,-18.498833527864893],[-64.124035676457098,-18.498851600706388],[-64.124054619189067,-18.498851488195481],[-64.124054855043994,-18.498887633878127],[-64.124073797779801,-18.498887521365091],[-64.124092740515493,-18.498887408850155],[-64.124092858447128,-18.498905481691203],[-64.124111801184668,-18.498905369174256],[-64.124112154986364,-18.498959587696813],[-64.124131097729716,-18.498959475177621],[-64.124150040472927,-18.498959362656532],[-64.124150158411069,-18.498977435497064],[-64.124169101156141,-18.498977322973957],[-64.124206986645873,-18.498977097922072],[-64.124207104590113,-18.498995170762235],[-64.124226047336734,-18.498995058233326],[-64.124226165283105,-18.499013131073333],[-64.124245108031602,-18.499013018542414],[-64.12424522598009,-18.499031091382275],[-64.124264168730448,-18.499030978849344],[-64.124264286681054,-18.499049051689024],[-64.124283229433246,-18.499048939154079],[-64.124283347385983,-18.499067011993628],[-64.124302290140022,-18.499066899456668],[-64.124302408094877,-18.499084972296071],[-64.124321350850764,-18.499084859757101],[-64.124321468807736,-18.49910293259634],[-64.124340411565484,-18.499102820055356],[-64.124340529524574,-18.499120892894453],[-64.124359472284183,-18.499120780351458],[-64.12435959024539,-18.499138853190374],[-64.124378533006848,-18.499138740645364],[-64.124378650970186,-18.499156813484152],[-64.124397593733491,-18.499156700937135],[-64.124397711698961,-18.49917477377576],[-64.124416654464085,-18.499174661226728],[-64.124473482758731,-18.499174323568255],[-64.124473600732273,-18.499192396406382],[-64.124492543498846,-18.499192283849652],[-64.12449266147452,-18.499210356687605],[-64.124511604242969,-18.499210244128861],[-64.124530547011275,-18.499210131568219],[-64.124530664991056,-18.499228204405913],[-64.124549607761224,-18.499228091843261],[-64.124549725743108,-18.499246164680816],[-64.12456866851511,-18.499246052116149],[-64.124739153457071,-18.499245038948871],[-64.124739271458964,-18.499263111785204],[-64.124758214231576,-18.499262999201463],[-64.124758332235601,-18.499281072037657],[-64.124777275010089,-18.499280959451909],[-64.124777511022515,-18.499317105123914],[-64.124796453800826,-18.499316992536038],[-64.124796571809227,-18.499335065371877],[-64.124815514589415,-18.499334952781982],[-64.124815632599919,-18.499353025617676],[-64.124834575381954,-18.499352913025771],[-64.12483469339459,-18.499370985861301],[-64.124853636178443,-18.499370873267384],[-64.124853754193211,-18.499388946102748],[-64.124872696978954,-18.499388833506817],[-64.12487281499584,-18.499406906342049],[-64.124891757783402,-18.499406793744107],[-64.124891875802419,-18.499424866579179],[-64.124910818591843,-18.499424753979223],[-64.124948704170265,-18.49942452877362],[-64.124948822195378,-18.499442601608315],[-64.124967764986394,-18.499442489002554],[-64.124986707777254,-18.499442376394899],[-64.124986825806474,-18.499460449229296],[-64.125005768599195,-18.499460336619627],[-64.125005886630532,-18.499478409453889],[-64.125024829425072,-18.499478296842206],[-64.125024947458542,-18.499496369676326],[-64.125043890254958,-18.499496257062628],[-64.12504400829053,-18.499514329896595],[-64.125062951088807,-18.499514217280883],[-64.125081893886943,-18.499514104663284],[-64.125082011926636,-18.499532177496967],[-64.125100954726591,-18.499532064877354],[-64.12511989752646,-18.49953195225584],[-64.125120015570246,-18.499550025089235],[-64.125138958371949,-18.49954991246571],[-64.125157901173523,-18.499549799840292],[-64.125158019221416,-18.499567872673445],[-64.125176962024824,-18.499567760046013],[-64.125177080074877,-18.499585832879003],[-64.125196022880118,-18.499585720249556],[-64.12519614093226,-18.499603793082404],[-64.125215083739377,-18.499603680450942],[-64.125215201793651,-18.499621753283609],[-64.125234144602629,-18.499621640650137],[-64.125234262659006,-18.499639713482669],[-64.125253205469832,-18.499639600847182],[-64.125253323528355,-18.499657673679572],[-64.125272266341028,-18.499657561042071],[-64.125272384401654,-18.499675633874297],[-64.125291327216146,-18.499675521234789],[-64.125291445278918,-18.499693594066869],[-64.125310388095286,-18.499693481425343],[-64.125310506160176,-18.499711554257242],[-64.125329448978391,-18.499711441613709],[-64.125329803179838,-18.499765660108917],[-64.12534874600388,-18.499765547463131],[-64.125348864073288,-18.499783620294679],[-64.125367806899149,-18.499783507646882],[-64.125367924970675,-18.499801580478252],[-64.125386867798426,-18.499801467828441],[-64.125386985872055,-18.499819540659683],[-64.125405928701653,-18.499819428007857],[-64.125406046777428,-18.499837500838943],[-64.125424989608874,-18.499837388185103],[-64.125425698078288,-18.499945825170169],[-64.125444640921501,-18.499945712513732],[-64.125444759002207,-18.499963785344313],[-64.125463701847252,-18.499963672685862],[-64.125464292262734,-18.500054036837753],[-64.125483235117585,-18.500053924176818],[-64.12548335320308,-18.500071997006984],[-64.125502296059807,-18.500071884344031],[-64.1255030045875,-18.500180321323523],[-64.125521947456008,-18.500180208657969],[-64.12552206554642,-18.500198281487641],[-64.125541008416761,-18.500198168820077],[-64.12554112650929,-18.500216241649582],[-64.125560069381493,-18.50021612898],[-64.1255979551255,-18.500215903635155],[-64.125598073224126,-18.500233976464298],[-64.125617016097905,-18.500233863788917],[-64.125617134198663,-18.500251936617893],[-64.125636077074276,-18.500251823940495],[-64.125636195177151,-18.500269896769332],[-64.12565513805464,-18.50026978408992],[-64.125655256159632,-18.500287856918579],[-64.125674199038968,-18.500287744237156],[-64.125674317146093,-18.500305817065684],[-64.125693260027276,-18.500305704382246],[-64.125693378136518,-18.50032377721061],[-64.12571232101952,-18.500323664525165],[-64.125712439130893,-18.500341737353388],[-64.125731382015786,-18.500341624665925],[-64.125731500129262,-18.500359697493984],[-64.125750443016003,-18.50035958480451],[-64.125750561131625,-18.500377657632402],[-64.125769504020198,-18.50037754494091],[-64.125769622137938,-18.500395617768675],[-64.125788565028387,-18.500395505075176],[-64.12578868314823,-18.500413577902769],[-64.125807626040498,-18.500413465207259],[-64.125807744162472,-18.500431538034714],[-64.125826687056616,-18.50043142533719],[-64.125826805180708,-18.500449498164468],[-64.125845748076699,-18.500449385464929],[-64.125845866202923,-18.500467458292064],[-64.125864809100776,-18.500467345590511],[-64.125864927229117,-18.500485418417512],[-64.125883870128803,-18.500485305713944],[-64.125883988259275,-18.500503378540781],[-64.12590293116078,-18.500503265835199],[-64.125903049293385,-18.500521338661891],[-64.12592199219678,-18.500521225954298],[-64.125922110331487,-18.500539298780811],[-64.125941053236716,-18.500539186071201],[-64.125941171373569,-18.50055725889759],[-64.125960114280659,-18.500557146185965],[-64.125960232419615,-18.500575219012191],[-64.125979175328524,-18.500575106298555],[-64.125979411610842,-18.500611251950652],[-64.125998354523617,-18.500611139234891],[-64.125998472666964,-18.500629212060769],[-64.126017415581586,-18.500629099342994],[-64.126017533727051,-18.50064717216873],[-64.12603647664352,-18.500647059448941],[-64.126036594791103,-18.500665132274516],[-64.126055537709433,-18.500665019552709],[-64.126055774009004,-18.500701165203516],[-64.126074716931143,-18.500701052479581],[-64.126074953235218,-18.500737198130022],[-64.126093896161223,-18.500737085403955],[-64.126094014315456,-18.500755158229008],[-64.126112957243294,-18.500755045500931],[-64.126113311712757,-18.500809263975498],[-64.12613225464645,-18.500809151245171],[-64.126132372805188,-18.500827224069841],[-64.126151315740685,-18.5008271113375],[-64.126151433901569,-18.500845184162021],[-64.126170376838942,-18.500845071427669],[-64.126170495001929,-18.500863144252016],[-64.126189437941164,-18.500863031515646],[-64.126189556106269,-18.500881104339857],[-64.126208499047351,-18.500880991601477],[-64.126208735381965,-18.500917137249562],[-64.12622767832687,-18.500917024509054],[-64.126227796496366,-18.500935097332928],[-64.126246739443104,-18.500934984590401],[-64.126246857614731,-18.500953057414105],[-64.126265800563345,-18.500952944669564],[-64.126265918737076,-18.500971017493132],[-64.126284861687552,-18.500970904746584],[-64.126285098039418,-18.501007050393373],[-64.126304040993716,-18.501006937644689],[-64.126304277350101,-18.50104308329108],[-64.126323220308237,-18.501042970540269],[-64.126323456669141,-18.501079116186308],[-64.126342399631085,-18.501079003433361],[-64.12634251781374,-18.501097076256212],[-64.126361460777559,-18.501096963501254],[-64.126361578962332,-18.501115036323927],[-64.126380521927999,-18.501114923566952],[-64.126380758301906,-18.50115106921201],[-64.126399701271424,-18.501150956452904],[-64.126399819460559,-18.501169029275257],[-64.126418762431925,-18.501168916514143],[-64.126418880623177,-18.501186989336343],[-64.126437823596405,-18.501186876573211],[-64.126438059983315,-18.50122302221725],[-64.126457002960379,-18.50122290945199],[-64.126457121156022,-18.501240982273853],[-64.12647606413492,-18.501240869506578],[-64.126476182332695,-18.501258942328285],[-64.126495125313454,-18.501258829558996],[-64.126495243513347,-18.501276902380525],[-64.126514186495925,-18.501276789609225],[-64.126514422900101,-18.501312935251988],[-64.126533365886544,-18.501312822478557],[-64.126533484090814,-18.501330895299773],[-64.126552427079105,-18.501330782524327],[-64.126552899905533,-18.501403073808326],[-64.126571842901626,-18.501402961030511],[-64.126590785897577,-18.501402848250805],[-64.126590667686784,-18.501384775430093],[-64.126666439661335,-18.501384324292772],[-64.126666794317941,-18.501438542753387],[-64.126647851318538,-18.501438655540912],[-64.126648087752969,-18.501474801181391],[-64.126667030756337,-18.501474688393632],[-64.126667148975756,-18.501492761213694],[-64.126686091980943,-18.50149264842392],[-64.12668656486791,-18.501564939703361],[-64.126705507880928,-18.501564826911217],[-64.126705626104993,-18.501582899730881],[-64.126724569119872,-18.501582786936723],[-64.126724687346055,-18.501600859756223],[-64.126743630362782,-18.501600746960051],[-64.126743748591096,-18.501618819779384],[-64.12676269160967,-18.501618706981198],[-64.126762809840116,-18.501636779800403],[-64.126781752860509,-18.501636667000206],[-64.126782580491266,-18.501763176732762],[-64.126801523525472,-18.501763063929847],[-64.12680175999661,-18.501799209567157],[-64.126820703034639,-18.501799096762106],[-64.126820821272403,-18.501817169580594],[-64.12683976431228,-18.501817056773529],[-64.126839882552161,-18.501835129591875],[-64.126858825593885,-18.501835016782799],[-64.126858943835884,-18.501853089600967],[-64.12687788687947,-18.501852976789877],[-64.126878005123601,-18.501871049607903],[-64.126859062078012,-18.501871162419111],[-64.126859298562707,-18.501907308055308],[-64.126840355513039,-18.501907420864857],[-64.126841301441345,-18.502052003409144],[-64.126860244506901,-18.502051890598654],[-64.126860599238228,-18.502106109051823],[-64.126879542309624,-18.502105996239081],[-64.126879660555659,-18.502124069056624],[-64.126898603628902,-18.502123956241871],[-64.126899667867221,-18.502286611597039],[-64.126918610958214,-18.502286498779327],[-64.126919793478038,-18.502467226947232],[-64.126900850367178,-18.50246733976612],[-64.126901205119822,-18.502521558216152],[-64.12692014823665,-18.502521445396908],[-64.126920384743059,-18.502557591029859],[-64.126939327863724,-18.502557478208484],[-64.126939446119124,-18.502575551024794],[-64.126958389241608,-18.502575438201404],[-64.126958744014601,-18.502629656649734],[-64.12697768714294,-18.502629543824096],[-64.126977805402859,-18.502647616640019],[-64.126996748533031,-18.502647503812366],[-64.126996985057261,-18.502683649443867],[-64.126978041923095,-18.502683762271758],[-64.126978396704487,-18.502737980719129],[-64.126997339844607,-18.502737867890882],[-64.126997458107326,-18.502755940706482],[-64.127016401249307,-18.502755827876225],[-64.127016519514143,-18.502773900691647],[-64.127035462657943,-18.502773787859379],[-64.127092292088591,-18.502773449351192],[-64.127092410361527,-18.502791522166138],[-64.127111353506777,-18.502791409326168],[-64.127111471781831,-18.50280948214095],[-64.127130414928928,-18.502809369298966],[-64.127149358075897,-18.502809256455087],[-64.127149476355058,-18.502827329269607],[-64.127168419503889,-18.502827216423714],[-64.127168537785167,-18.502845289238056],[-64.127187480935845,-18.502845176390149],[-64.12726325353718,-18.502844724979564],[-64.127263371828533,-18.502862797793298],[-64.127282314980519,-18.502862684935792],[-64.12728243327399,-18.502880757749381],[-64.127301376427795,-18.502880644889867],[-64.127301494723412,-18.502898717703292],[-64.127320437879092,-18.502898604841761],[-64.127320556176812,-18.502916677655044],[-64.12733949933434,-18.502916564791501],[-64.127472101433213,-18.502915774693616],[-64.127472219746977,-18.502933847505894],[-64.127491162905415,-18.502933734627067],[-64.127491281221282,-18.502951807439217],[-64.127510224381567,-18.502951694558377],[-64.127510342699566,-18.502969767370363],[-64.127529285861698,-18.502969654487508],[-64.127548229023688,-18.502969541602759],[-64.127548347345808,-18.502987614414486],[-64.127567290509631,-18.502987501527723],[-64.127567408833869,-18.503005574339284],[-64.127586351999554,-18.503005461450506],[-64.127586470325923,-18.503023534261899],[-64.12760541349347,-18.503023421371108],[-64.127605531821942,-18.503041494182376],[-64.127624474991336,-18.50304138128957],[-64.12762482998356,-18.503095599722766],[-64.127643773158766,-18.503095486827711],[-64.127643891491772,-18.503113559638589],[-64.12766283466884,-18.503113446741523],[-64.12768177784578,-18.50311333384256],[-64.127682014520133,-18.503149479463758],[-64.12770095770091,-18.503149366562663],[-64.127701076040282,-18.503167439373083],[-64.127720019222906,-18.503167326469978],[-64.127720137564395,-18.503185399280227],[-64.127739080748853,-18.503185286375103],[-64.12773919909246,-18.503203359185225],[-64.127758142278793,-18.503203246278087],[-64.127758260624532,-18.503221319088045],[-64.127777203812698,-18.5032212061789],[-64.127815090188633,-18.503220980354911],[-64.127815208540468,-18.503239053164496],[-64.127834151730212,-18.503238940249538],[-64.127872038109288,-18.503238714413943],[-64.127872156467234,-18.503256787223105],[-64.127891099658555,-18.503256674302346],[-64.127891218018632,-18.503274747111373],[-64.127910161211787,-18.5032746341886],[-64.127910397936276,-18.503310779806323],[-64.127929341133296,-18.503310666881418],[-64.127929696227028,-18.50336488530737],[-64.12794863942986,-18.50336477238022],[-64.127948757796702,-18.503382845188682],[-64.127967701001396,-18.503382732259514],[-64.127967819370355,-18.503400805067827],[-64.127986762576896,-18.503400692136644],[-64.127986880947986,-18.503418764944801],[-64.128005824156347,-18.503418652011604],[-64.128005942529555,-18.503436724819593],[-64.128024885739805,-18.503436611884382],[-64.128043828949899,-18.503436498947277],[-64.128043947327228,-18.503454571755018],[-64.128062890539184,-18.503454458815895],[-64.12806300891863,-18.503472531623476],[-64.128081952132419,-18.503472418682342],[-64.128119838559613,-18.503472192794387],[-64.128119956945156,-18.503490265601588],[-64.128138900160536,-18.503490152654649],[-64.128139018548197,-18.503508225461665],[-64.128157961765424,-18.503508112512716],[-64.128158080155217,-18.503526185319604],[-64.128177023374278,-18.50352607236864],[-64.128177141766187,-18.503544145175368],[-64.128196084987124,-18.50354403222239],[-64.128196203381151,-18.503562105028973],[-64.128215146603935,-18.50356199207398],[-64.128271976271463,-18.503561653197625],[-64.128272094673576,-18.503579726003696],[-64.128291037897796,-18.503579613041001],[-64.128291156302041,-18.503597685846898],[-64.128272213075832,-18.503597798809711],[-64.128272331478215,-18.503615871615715],[-64.128253388249888,-18.503615984576751],[-64.128253506650438,-18.503634057382829],[-64.12821562018938,-18.503634283299448],[-64.128215738586078,-18.503652356105739],[-64.128177852120487,-18.503652582015011],[-64.128177970513363,-18.503670654821477],[-64.128140084043281,-18.503670880723398],[-64.128140202432306,-18.503688953530084],[-64.128121259195069,-18.503689066478319],[-64.128121495969552,-18.503725212091826],[-64.128102552728208,-18.503725325038403],[-64.128103263043016,-18.503833761878749],[-64.128084319789608,-18.503833874824139],[-64.128084556558335,-18.503870020437553],[-64.128065613300834,-18.503870133381284],[-64.128065731683407,-18.503888206188055],[-64.128046788423774,-18.503888319130009],[-64.128046906804499,-18.503906391936866],[-64.128027963542735,-18.50390650487704],[-64.128028318679782,-18.503960723297727],[-64.128009375411906,-18.503960836236359],[-64.128009493789207,-18.503978909043319],[-64.127990550519243,-18.503979021980175],[-64.127990668894697,-18.503997094787206],[-64.127971725622587,-18.503997207722286],[-64.127971843996193,-18.504015280529376],[-64.127896070898444,-18.504015732251208],[-64.127896189264249,-18.504033805058764],[-64.127877245987477,-18.504033917984604],[-64.127877364351406,-18.504051990792235],[-64.127858421072517,-18.504052103716294],[-64.127858539434612,-18.504070176524017],[-64.127820652872472,-18.504070402366686],[-64.127820771230716,-18.504088475174584],[-64.127801827947451,-18.504088588093193],[-64.127801946303848,-18.504106660901193],[-64.12778300301845,-18.50410677381802],[-64.127783121373,-18.504124846626109],[-64.127764178085485,-18.504124959541162],[-64.127764296438173,-18.504143032349329],[-64.127745353148526,-18.504143145262599],[-64.127745589850363,-18.504179290879055],[-64.127650873380261,-18.504179855418172],[-64.127650991721438,-18.504197928226947],[-64.127632048425042,-18.504198041129204],[-64.127632166764371,-18.504216113938053],[-64.127556393569407,-18.504216565528584],[-64.12755651190092,-18.504234638337881],[-64.127537568599848,-18.504234751230893],[-64.127537923589273,-18.504288969658887],[-64.12751898028209,-18.504289082550358],[-64.127519098610193,-18.50430715535974],[-64.127443325372198,-18.504307606907133],[-64.127443680333457,-18.504361825336488],[-64.127424737017662,-18.504361938218949],[-64.127424855336358,-18.504380011028779],[-64.127405912018432,-18.504380123909467],[-64.12740603033528,-18.504398196719389],[-64.127387087015251,-18.504398309598297],[-64.127387323645394,-18.504434455218238],[-64.127368380321229,-18.504434568095487],[-64.127368498634524,-18.504452640905537],[-64.127311668655253,-18.504452979526263],[-64.127311786962721,-18.504471052336626],[-64.127292843634066,-18.504471165206528],[-64.127292961939673,-18.504489238016983],[-64.127274018608873,-18.504489350885109],[-64.127274136912646,-18.504507423695621],[-64.1272551935797,-18.504507536561963],[-64.127255311881626,-18.504525609372575],[-64.127236368546576,-18.504525722237144],[-64.127236486846627,-18.504543795047844],[-64.12721754350946,-18.504543907910637],[-64.127217661807663,-18.504561980721423],[-64.127198718468392,-18.504562093582432],[-64.127198836764748,-18.504580166393293],[-64.127179893423332,-18.504580279252529],[-64.12718001171784,-18.504598352063454],[-64.12704740831019,-18.504599142025842],[-64.127047526590928,-18.504617214837584],[-64.127028583244467,-18.504617327681888],[-64.127028701523358,-18.504635400493704],[-64.127009758174751,-18.504635513336229],[-64.12700987645178,-18.504653586148137],[-64.126990933101041,-18.504653698988886],[-64.126991051376223,-18.504671771800851],[-64.126972108023367,-18.504671884639819],[-64.126972462843767,-18.504726103075917],[-64.126953519484843,-18.504726215913344],[-64.1269536377566,-18.504744288725433],[-64.12693469439553,-18.504744401561084],[-64.126934930935477,-18.504780547185359],[-64.126897044204966,-18.504780772851444],[-64.126897162471167,-18.504798845663768],[-64.126802445632592,-18.504799409796394],[-64.126802563888987,-18.504817482609287],[-64.126783620518907,-18.504817595430243],[-64.126783738773455,-18.504835668243206],[-64.126764795401215,-18.504835781062383],[-64.126764913653915,-18.50485385387541],[-64.126745970279558,-18.50485396669281],[-64.12674608853041,-18.504872039505948],[-64.126727145153922,-18.504872152321568],[-64.126727263402927,-18.50489022513478],[-64.126708320024321,-18.504890337948627],[-64.126708438271464,-18.504908410761928],[-64.126689494890769,-18.504908523573995],[-64.126689613136065,-18.504926596387353],[-64.126632782987087,-18.504926934812534],[-64.126632901226557,-18.504945007626233],[-64.126613957841315,-18.504945120430953],[-64.126614076078937,-18.504963193244738],[-64.126595132691591,-18.504963306047678],[-64.126595250927352,-18.504981378861544],[-64.12657630753786,-18.504981491662708],[-64.126576425771773,-18.504999564476652],[-64.126557482380164,-18.504999677276036],[-64.12655760061223,-18.505017750090047],[-64.126538657218489,-18.505017862887652],[-64.126538775448708,-18.50503593570177],[-64.126500888656864,-18.505036161291532],[-64.126501006883245,-18.505054234105845],[-64.126482063485113,-18.505054346898],[-64.126482181709648,-18.505072419712398],[-64.126463238309398,-18.505072532502776],[-64.126463356532071,-18.505090605317232],[-64.126444413129704,-18.505090718105834],[-64.126444531350529,-18.505108790920392],[-64.126425587946059,-18.505108903707217],[-64.126425706165037,-18.505126976521861],[-64.126406762758421,-18.505127089306907],[-64.126406880975551,-18.505145162121632],[-64.125743861588674,-18.505149108407924],[-64.125743625293651,-18.505112962770184],[-64.125724681884122,-18.505113075486861],[-64.125724445593633,-18.505076929848766],[-64.125553954937502,-18.505077944211415],[-64.125535011530573,-18.5050780569089],[-64.125534893405401,-18.505059984088607],[-64.125421232972954,-18.505060660232978],[-64.125402289567063,-18.505060772917073],[-64.125402171455931,-18.50504270009592],[-64.125364284647745,-18.505042925458184],[-64.125364402754911,-18.505060998279571],[-64.12513708187042,-18.505062350295312],[-64.125136963787114,-18.505044277472511],[-64.125099076975104,-18.505044502781693],[-64.125080133568886,-18.505044615433437],[-64.125080015491676,-18.505026542610249],[-64.12506107208732,-18.505026655259982],[-64.125060954012227,-18.505008582436663],[-64.125023067207081,-18.505008807730203],[-64.125004123804288,-18.505008920374131],[-64.125004005735306,-18.504990847550403],[-64.124985062334375,-18.504990960192316],[-64.12498494426751,-18.504972887368435],[-64.124852340471122,-18.504973675807921],[-64.124833397071072,-18.504973788434548],[-64.124833279020251,-18.504955715609693],[-64.124662788431735,-18.504956729162977],[-64.124643845032324,-18.504956841770532],[-64.124643727001498,-18.504938768944459],[-64.124567953410491,-18.50493921935524],[-64.124568071433359,-18.504957292181786],[-64.124454411030825,-18.504957967741788],[-64.124454293019866,-18.504939894914539],[-64.124435349620967,-18.504940007501116],[-64.124435231612139,-18.504921934673739],[-64.124340514625473,-18.504922497577617],[-64.124321571227725,-18.504922610152704],[-64.124321453230948,-18.504904537324556],[-64.124302509835047,-18.504904649897636],[-64.124283566439019,-18.504904762468811],[-64.124283448446349,-18.504886689640401],[-64.124264505052167,-18.504886802209565],[-64.124264387061629,-18.504868729380995],[-64.124245443669324,-18.504868841948145],[-64.124245325680889,-18.50485076911945],[-64.124226382290416,-18.50485088168459],[-64.124226264304113,-18.504832808855721],[-64.124207320915502,-18.504832921418846],[-64.124207202931316,-18.504814848589817],[-64.124169316157662,-18.504815073710141],[-64.124150372770615,-18.504815186267461],[-64.124150254792539,-18.504797113438052],[-64.124131311407339,-18.504797225993361],[-64.124112368022011,-18.504797338546769],[-64.124112250048043,-18.504779265717083],[-64.124093306664562,-18.504779378268481],[-64.124093188692711,-18.504761305438663],[-64.124074245311107,-18.504761417988046],[-64.124074127341373,-18.504743345158051],[-64.124055183961602,-18.50474345770542],[-64.124036240581688,-18.504743570250895],[-64.124036122616076,-18.50472549742064],[-64.124017179238024,-18.504725609964098],[-64.124017061274529,-18.50470753713368],[-64.123960231145503,-18.504707874752334],[-64.123941287768886,-18.504707987288096],[-64.123941169813477,-18.504689914457185],[-64.123922226438708,-18.504690026990925],[-64.123922108485431,-18.504671954159878],[-64.123903165112537,-18.504672066691612],[-64.123903047161377,-18.50465399386038],[-64.123884103790303,-18.504654106390102],[-64.123883985841275,-18.504636033558729],[-64.123770325623966,-18.504636708696527],[-64.123751382253943,-18.504636821212859],[-64.12375126431894,-18.504618748380619],[-64.123675490845429,-18.504619198426514],[-64.123656547476713,-18.504619310933247],[-64.123656429551787,-18.504601238100406],[-64.123561712716111,-18.504601800605052],[-64.12354276934856,-18.504601913100295],[-64.123542651435699,-18.504583840266697],[-64.123523708069996,-18.504583952759926],[-64.123523590159266,-18.504565879926172],[-64.123504646795411,-18.504565992417383],[-64.123504528886798,-18.504547919583477],[-64.12348558552479,-18.504548032072677],[-64.123485349711942,-18.504511886404551],[-64.123466406353799,-18.504511998891619],[-64.123466288449578,-18.504493926057368],[-64.123447345093268,-18.504494038542425],[-64.12344722719115,-18.504475965708028],[-64.123428283836688,-18.504476078191072],[-64.123428165936716,-18.504458005356515],[-64.123409222584115,-18.504458117837547],[-64.123409104686232,-18.504440045002863],[-64.123390161335507,-18.504440157481881],[-64.123390043439755,-18.504422084647025],[-64.123371100090864,-18.504422197124029],[-64.123370982197244,-18.504404124289014],[-64.123352038850186,-18.504404236764007],[-64.123351920958683,-18.504386163928846],[-64.123332977613487,-18.504386276401824],[-64.123332859724101,-18.504368203566504],[-64.123313916380766,-18.504368316037468],[-64.123313798493513,-18.504350243202015],[-64.123294855152039,-18.504350355670965],[-64.123294737266903,-18.504332282835339],[-64.123275793927249,-18.504332395302278],[-64.123275676044258,-18.504314322466509],[-64.123256732706452,-18.504314434931434],[-64.123256379064216,-18.504260216423564],[-64.123237435732236,-18.50426032888624],[-64.123237553610863,-18.504278401722335],[-64.123123893604301,-18.50427907645928],[-64.123104950269393,-18.504279188908804],[-64.12310459667566,-18.504224970397903],[-64.123123540004599,-18.504224857948731],[-64.123123304272156,-18.504188712274857],[-64.123142247596974,-18.504188599824026],[-64.123141776125749,-18.504116308476299],[-64.12312283280886,-18.504116420926657],[-64.123122243482825,-18.504026056740653],[-64.123103300175742,-18.504026169188531],[-64.123103064450234,-18.503990023513634],[-64.123122007753366,-18.50398991106599],[-64.123121536296054,-18.503917619716262],[-64.123102593000894,-18.503917732163433],[-64.123102121553714,-18.503845440812672],[-64.123083178266342,-18.503845553257477],[-64.123082942547555,-18.503809407581638],[-64.123063999264033,-18.503809520024316],[-64.123063174266406,-18.503683010156994],[-64.123044230996655,-18.503683122596946],[-64.123043406019605,-18.503556612727056],[-64.123024462763652,-18.503556725164291],[-64.123024344912309,-18.503538652325471],[-64.123043288166272,-18.503538539888353],[-64.123043170313096,-18.50352046704964],[-64.123062113564956,-18.503520354610743],[-64.123061995709918,-18.503502281772086],[-64.12308093895966,-18.503502169331409],[-64.123079878252554,-18.503339513783047],[-64.123060935020689,-18.503339626222665],[-64.12306069931347,-18.50330348054462],[-64.123041756085442,-18.503303592982107],[-64.123041402531598,-18.503249374464446],[-64.123022459309425,-18.503249486899684],[-64.123021634369081,-18.503122977023057],[-64.12300269116065,-18.503123089455578],[-64.123002337622793,-18.503068870936154],[-64.122983394420203,-18.503068983366425],[-64.122983040889522,-18.503014764846334],[-64.122964097692744,-18.503014877274357],[-64.122963508487601,-18.502924513072887],[-64.122944565300656,-18.502924625498423],[-64.122944211785153,-18.502870406976768],[-64.122925268603993,-18.502870519400059],[-64.122925150767756,-18.502852446559338],[-64.122906207588457,-18.502852558980617],[-64.122905971920346,-18.502816413298792],[-64.122887028744898,-18.50281652571794],[-64.122886793081307,-18.502780380035752],[-64.122867849909682,-18.502780492452768],[-64.122867732080081,-18.502762419611503],[-64.122848788910318,-18.502762532026509],[-64.122848553255508,-18.502726386343614],[-64.122829610089568,-18.502726498756488],[-64.122829492264358,-18.502708425914879],[-64.122810549100251,-18.502708538325741],[-64.12281031345421,-18.502672392642193],[-64.122791370293953,-18.502672505050921],[-64.122791134652417,-18.502636359366981],[-64.122772191495997,-18.502636471773585],[-64.12277195585898,-18.50260032608929],[-64.122753012706426,-18.502600438493758],[-64.12275265925787,-18.502546219966664],[-64.122733716111114,-18.502546332368883],[-64.122733362669749,-18.502492113841143],[-64.122714419528819,-18.502492226241113],[-64.12271394828349,-18.502419934869824],[-64.122695005150391,-18.502420047267432],[-64.122694887341382,-18.502401974424401],[-64.12267594421013,-18.502402086819995],[-64.122675826403253,-18.502384013976805],[-64.122656883273848,-18.502384126370387],[-64.122656765469088,-18.502366053527066],[-64.122637822341531,-18.502366165918634],[-64.122637704538889,-18.502348093075138],[-64.122618761413193,-18.502348205464692],[-64.122618643612668,-18.502330132621051],[-64.12259970048882,-18.502330245008594],[-64.122580757364844,-18.502330357394236],[-64.122580639568426,-18.502312284550321],[-64.122561696446297,-18.502312396933949],[-64.122561225269976,-18.502240105557497],[-64.122580168384175,-18.502239993174339],[-64.122579697202085,-18.502167701797781],[-64.122560754095844,-18.502167814180474],[-64.122560636302637,-18.50214974133613],[-64.122579579406903,-18.502149628953553],[-64.122579108227526,-18.502077337576296],[-64.122598051323678,-18.502077225192291],[-64.122597462342583,-18.501986860970515],[-64.122578519256365,-18.501986973353929],[-64.122578048081863,-18.5019146819754],[-64.122596991160151,-18.501914569592461],[-64.12259687336487,-18.501896496747847],[-64.122577930288585,-18.501896609130672],[-64.12257781249545,-18.501878536285922],[-64.122596755569745,-18.501878423903214],[-64.122596519979879,-18.501842278213839],[-64.122577576909563,-18.501842390596313],[-64.12257710573941,-18.501770099216671],[-64.122558162676867,-18.501770211596778],[-64.122557573727164,-18.50167984737082],[-64.122538630674427,-18.501679959748444],[-64.122538395099482,-18.501643814057577],[-64.122519452050568,-18.501643926433069],[-64.122519334265277,-18.501625853587488],[-64.122500391218253,-18.501625965960969],[-64.122500273435094,-18.501607893115214],[-64.122443444299066,-18.501608230223933],[-64.122424501253462,-18.501608342589712],[-64.122424383478375,-18.501590269743446],[-64.122405440434648,-18.501590382107214],[-64.12238649739075,-18.501590494469088],[-64.122386261848931,-18.501554348775986],[-64.122367318808884,-18.501554461135726],[-64.122367083271598,-18.501518315442269],[-64.12234814023536,-18.50151842779988],[-64.122348022468913,-18.501500354952977],[-64.12232907943455,-18.501500467308574],[-64.122328961670206,-18.501482394461508],[-64.122310018637705,-18.501482506815094],[-64.122309900875493,-18.501464433967886],[-64.122290957844825,-18.501464546319461],[-64.122290722324777,-18.501428400624707],[-64.122271779297961,-18.501428512974151],[-64.122271543782432,-18.501392367279006],[-64.122290486805298,-18.501392254929797],[-64.122289780250043,-18.501283817844271],[-64.122308723260844,-18.501283705493872],[-64.122308252218787,-18.501211414103278],[-64.122327195221487,-18.501211301751454],[-64.12232695969729,-18.501175156056174],[-64.122345902695898,-18.501175043702688],[-64.122343429682971,-18.500795513896271],[-64.122324486726086,-18.500795626247289],[-64.122324133449368,-18.500741407701891],[-64.122305190498309,-18.50074152005066],[-64.122304954985168,-18.500705374353327],[-64.122286012037932,-18.500705486699967],[-64.122285894283536,-18.500687413851114],[-64.122266951338162,-18.50068752619574],[-64.122266598081765,-18.500633307648648],[-64.122247655142218,-18.500633419991026],[-64.12224753739234,-18.500615347141828],[-64.122228594454654,-18.500615459482194],[-64.122228358959276,-18.500579313783412],[-64.122209416025413,-18.500579426121647],[-64.122209298279927,-18.500561353272083],[-64.122190355347911,-18.500561465608303],[-64.122190237604528,-18.500543392758612],[-64.122171294674374,-18.500543505092821],[-64.122171176933122,-18.500525432242949],[-64.122152234004815,-18.500525544575147],[-64.122152116265681,-18.500507471725133],[-64.122133173339236,-18.500507584055313],[-64.122133055602234,-18.500489511205139],[-64.122114112677622,-18.500489623533309],[-64.122113994942751,-18.500471550682988],[-64.122095052019972,-18.500471663009147],[-64.12207610909708,-18.500471775333413],[-64.122075991366302,-18.500453702482837],[-64.122057048445271,-18.500453814805088],[-64.122038105524098,-18.500453927125445],[-64.122037870070898,-18.500417781423678],[-64.122018927153547,-18.500417893741904],[-64.122018691704881,-18.500381748039779],[-64.121999748791367,-18.500381860355873],[-64.121999631069215,-18.500363787504636],[-64.121980688157564,-18.500363899818719],[-64.1219803349979,-18.500309681264429],[-64.121961392092075,-18.50030979357626],[-64.121961274374456,-18.500291720724668],[-64.121942331470464,-18.500291833034488],[-64.121942213754949,-18.500273760182715],[-64.121923270852818,-18.500273872490521],[-64.121923035426178,-18.500237726786644],[-64.121904092527885,-18.500237839092321],[-64.121903739394895,-18.50018362053591],[-64.121884796502457,-18.500183732839343],[-64.121884325668319,-18.500111441429819],[-64.121865382783653,-18.500111553730886],[-64.121865147371366,-18.500075408025669],[-64.121846204490552,-18.500075520324607],[-64.121845851379106,-18.500021301766186],[-64.12182690850409,-18.500021414062878],[-64.121826555399849,-18.499967195503785],[-64.121731841052622,-18.499967756957034],[-64.121731958743979,-18.499985829810672],[-64.121713015872132,-18.499985942095748],[-64.121713251251279,-18.500022087803195],[-64.121694308375353,-18.500022200086615],[-64.121694426063129,-18.50004027294041],[-64.121561825913815,-18.500041058872103],[-64.121561590566188,-18.500004913162851],[-64.121542647691143,-18.500005025430987],[-64.12154241234802,-18.499968879721376],[-64.121523469476841,-18.499968991987387]]]},"properties":{"FID":12,"Zona":"Yaguari","IDUH":13,"UH":"SC13 - Yag","AreaHa":28.902799999999999}},{"type":"Feature","id":13,"geometry":{"type":"Polygon","coordinates":[[[-64.106049012207251,-18.598345835685983],[-64.105988853045417,-18.598289175065617],[-64.105928693923374,-18.598232514423625],[-64.105569948011862,-18.598234620137347],[-64.105509789040966,-18.598177959352984],[-64.10544963010986,-18.598121298547017],[-64.10538947121853,-18.598064637719428],[-64.105388735345471,-18.597950614371857],[-64.105328576536351,-18.597893953519634],[-64.105268417767036,-18.597837292645796],[-64.105267681984216,-18.5977232692908],[-64.105207523297125,-18.597666608392323],[-64.105147364649838,-18.597609947472225],[-64.105206787562068,-18.597552585032936],[-64.105266210434522,-18.597495222576637],[-64.105262531653622,-18.596925105766555],[-64.105321954300706,-18.596867743301242],[-64.105381376908042,-18.596810380818898],[-64.105379905284536,-18.596582334091423],[-64.10531974698479,-18.596525673203111],[-64.105200166186435,-18.596526374735078],[-64.105140007963612,-18.596469713784913],[-64.105079849780552,-18.596413052813105],[-64.104960269051105,-18.596413754188731],[-64.104900110944939,-18.596357093155081],[-64.10483995287855,-18.596300432099813],[-64.104779794851964,-18.59624377102293],[-64.104719636865156,-18.596187109924397],[-64.104600056278798,-18.596187811063217],[-64.104539898368884,-18.596131149902853],[-64.104479740498746,-18.596074488720873],[-64.10441958266837,-18.596017827517269],[-64.104359424877785,-18.595961166292021],[-64.104120263986061,-18.595962568020202],[-64.104060106309504,-18.595905906692892],[-64.104059371412859,-18.595791883267964],[-64.104118794113219,-18.595734521174915],[-64.104178216773818,-18.595677159064884],[-64.104237639394654,-18.595619796937832],[-64.104297061975686,-18.595562434793738],[-64.104356484516956,-18.59550507263268],[-64.104415907018449,-18.595447710454561],[-64.104475329480167,-18.595390348259453],[-64.104534751902094,-18.595332986047303],[-64.104532546353369,-18.594990915802416],[-64.104591968624177,-18.594933553578063],[-64.104651390855238,-18.594876191336709],[-64.104710813046495,-18.594818829078324],[-64.104770235197989,-18.594761466802932],[-64.104829657309693,-18.594704104510534],[-64.10488907938165,-18.594646742201107],[-64.104948501413801,-18.594589379874677],[-64.105007923406177,-18.59453201753124],[-64.10506734535879,-18.594474655170796],[-64.105126767271642,-18.59441729279332],[-64.105186189144689,-18.594359930398838],[-64.105245610977974,-18.594302567987349],[-64.105305032771483,-18.594245205558856],[-64.105364454525244,-18.594187843113321],[-64.1054238762392,-18.594130480650804],[-64.105483297913381,-18.594073118171277],[-64.105542719547785,-18.594015755674732],[-64.105602141142455,-18.593958393161156],[-64.105661562697307,-18.59390103063059],[-64.105720984212397,-18.593843668083021],[-64.10578040568771,-18.59378630551841],[-64.10583982712329,-18.593728942936817],[-64.105899248519052,-18.593671580338214],[-64.105958669875051,-18.5936142177226],[-64.106018091191302,-18.59355685508995],[-64.106077512467735,-18.593499492440319],[-64.106076776330667,-18.593385469064177],[-64.106136197530233,-18.59332810639911],[-64.106195618690037,-18.593270743717063],[-64.106192673898235,-18.592814650211185],[-64.106252094869859,-18.592757287518534],[-64.106730407338603,-18.592754478813209],[-64.106789828100688,-18.592697115961084],[-64.106849248823011,-18.592639753091934],[-64.106908669505557,-18.592582390205799],[-64.106968090148357,-18.592525027302639],[-64.107027510751365,-18.59246766438249],[-64.107086931314612,-18.592410301445316],[-64.107565242679399,-18.592407490671611],[-64.107624663033121,-18.592350127574978],[-64.107684083347067,-18.592292764461348],[-64.107803661090017,-18.592292061507074],[-64.107863081321781,-18.592234698340825],[-64.107922501513741,-18.592177335157544],[-64.108161656813863,-18.592175928879001],[-64.108221814391257,-18.59223258891608],[-64.108281972008442,-18.592289248931507],[-64.108342129665402,-18.592345908925314],[-64.108402287362111,-18.592402568897505],[-64.108521865152554,-18.592401865483527],[-64.108582022926129,-18.592458525393866],[-64.10864218073948,-18.592515185282569],[-64.109598803463982,-18.592509554596479],[-64.109658223133252,-18.592452190892825],[-64.109717642762789,-18.592394827172157],[-64.109777062352521,-18.592337463434493],[-64.109836481902505,-18.59228009967984],[-64.109895901412713,-18.592222735908184],[-64.109895162789087,-18.592108712664349],[-64.109954582222429,-18.592051348877309],[-64.110014001615994,-18.591993985073238],[-64.110073420969812,-18.591936621252191],[-64.110132840283867,-18.591879257414156],[-64.110192259558119,-18.591821893559114],[-64.110251678792622,-18.591764529687048],[-64.110311097987349,-18.59170716579801],[-64.110370517142329,-18.591649801891975],[-64.110429936257532,-18.591592437968938],[-64.110489355332945,-18.591535074028883],[-64.11054877436861,-18.591477710071853],[-64.110608193364527,-18.591420346097824],[-64.110667612320654,-18.591362982106801],[-64.110727031237005,-18.591305618098747],[-64.110726292099471,-18.591191594876094],[-64.11078571093897,-18.59113423085266],[-64.110845129738735,-18.591076866812276],[-64.110844390532392,-18.590962843591416],[-64.110903809255277,-18.5909054795356],[-64.110963227938399,-18.590848115462819],[-64.110962488663219,-18.590734092243789],[-64.110902330784484,-18.590677433092917],[-64.110842172945482,-18.590620773920406],[-64.110834042205994,-18.589366518351767],[-64.110893460409685,-18.589309154318556],[-64.110952878573613,-18.589251790268346],[-64.111012296697808,-18.589194426201139],[-64.111071714782213,-18.589137062116915],[-64.111070975507886,-18.589023038881432],[-64.111130393515452,-18.58896567478185],[-64.111189811483257,-18.588908310665254],[-64.111249229411314,-18.588850946531686],[-64.111308647299609,-18.588793582381125],[-64.111368065148127,-18.588736218213572],[-64.111427482956898,-18.58867885402902],[-64.111486900725907,-18.588621489827464],[-64.111546318455154,-18.588564125608929],[-64.111538183528253,-18.587309870067585],[-64.111597600809887,-18.587252505849815],[-64.111657018051758,-18.587195141615055],[-64.111716435253896,-18.587137777363278],[-64.111775852416244,-18.587080413094533],[-64.111775112761293,-18.586966389861534],[-64.111834529846817,-18.586909025577391],[-64.111893946892593,-18.586851661276281],[-64.111891727737458,-18.586509591578487],[-64.111951144632272,-18.58645222726523],[-64.11201056148731,-18.586394862934984],[-64.1120699783026,-18.586337498587756],[-64.113026565430019,-18.586331852308639],[-64.113086722363448,-18.586388510850107],[-64.113146879336611,-18.586445169369956],[-64.113207036349536,-18.586501827868176],[-64.113267193402208,-18.586558486344792],[-64.113327350494657,-18.586615144799758],[-64.11338750762684,-18.586671803233113],[-64.113447664798784,-18.586728461644803],[-64.113452109423562,-18.587412600649071],[-64.113512266889927,-18.58746925902101],[-64.113572424396025,-18.58752591737132],[-64.113576128822089,-18.588096033139287],[-64.11363628658016,-18.588152691452855],[-64.113696444377979,-18.588209349744783],[-64.113697926355769,-18.588437396030038],[-64.113758084278274,-18.588494054294276],[-64.113818242240498,-18.588550712536918],[-64.113819724409552,-18.588778758804434],[-64.113879882496434,-18.588835417019375],[-64.113940040623078,-18.588892075212684],[-64.113950417596584,-18.59048839884311],[-64.114010576357288,-18.590545056972438],[-64.114130152623289,-18.590544350067958],[-64.114190311460817,-18.590601008135412],[-64.114250470338135,-18.590657666181244],[-64.114310629255186,-18.590714324205422],[-64.114370788212,-18.590770982207978],[-64.114430947208589,-18.590827640188895],[-64.11443168879552,-18.590941663272016],[-64.114491847874348,-18.59099832122827],[-64.114552006992909,-18.591054979162905],[-64.114552748670121,-18.591169002238548],[-64.114612907870892,-18.591225660148503],[-64.115449944772237,-18.591220707374955],[-64.115510104272332,-18.591277364981558],[-64.115570263812202,-18.591334022566553],[-64.115630423391849,-18.591390680129884],[-64.115631165800991,-18.591504703159465],[-64.115691325462848,-18.591561360698154],[-64.115751485164452,-18.591618018215179],[-64.115811644905847,-18.591674675710568],[-64.115871804687032,-18.591731333184313],[-64.115931964507951,-18.591787990636455],[-64.115992124368645,-18.591844648066928],[-64.116052284269088,-18.591901305475755],[-64.11611244420935,-18.591957962862953],[-64.11617260418933,-18.592014620228532],[-64.116232764209101,-18.592071277572444],[-64.116292924268663,-18.592127934894727],[-64.116353084367958,-18.592184592195387],[-64.11635902791086,-18.593096776090672],[-64.116299610396496,-18.593154141797875],[-64.116240192842341,-18.593211507488093],[-64.116180775248438,-18.593268873161318],[-64.116121357614759,-18.593326238817589],[-64.116128043177511,-18.594352445650593],[-64.116188204049209,-18.594409102952536],[-64.116248364960683,-18.594465760232822],[-64.116308525911961,-18.594522417491461],[-64.116368686903002,-18.594579074728472],[-64.116370916030405,-18.594921143611138],[-64.116431077188622,-18.5949778008174],[-64.116491238386601,-18.59503445800204],[-64.116551399624385,-18.595091115165019],[-64.11661156090193,-18.595147772306365],[-64.116671722219237,-18.595204429426055],[-64.116731883576321,-18.595261086524101],[-64.116732626884371,-18.595375109463998],[-64.116792788323721,-18.595431766537388],[-64.116852949802833,-18.595488423589096],[-64.116853693201207,-18.595602446521525],[-64.116913854762572,-18.595659103548577],[-64.117272593895237,-18.595656976518569],[-64.11733275560762,-18.595713633403228],[-64.117392917359794,-18.595770290266209],[-64.117452335344836,-18.595712924201244],[-64.11751175329006,-18.595655558119262],[-64.117571915076624,-18.595712214923402],[-64.117632076902936,-18.595768871705861],[-64.117692238769081,-18.59582552846668],[-64.117752400674959,-18.595882185205848],[-64.117871980512604,-18.59588147573136],[-64.117932142495377,-18.595938132408644],[-64.117992304517898,-18.59599478906426],[-64.118052466580195,-18.596051445698226],[-64.118112628682269,-18.596108102310545],[-64.118172790824147,-18.596164758901246],[-64.118232953005787,-18.596221415470261],[-64.118472113109902,-18.596219995810557],[-64.118532275405485,-18.59627665227741],[-64.118592437740872,-18.59633330872261],[-64.118652600116008,-18.59638996514618],[-64.118712762530919,-18.596446621548083],[-64.118832342723223,-18.596445911443382],[-64.118892505214987,-18.596502567783372],[-64.118952667746555,-18.596559224101732],[-64.119012830317885,-18.596615880398417],[-64.11907299292902,-18.596672536673452],[-64.119133155579917,-18.596729192926841],[-64.11919331827059,-18.596785849158596],[-64.119253481001039,-18.596842505368677],[-64.119313643771306,-18.596899161557108],[-64.119373806581308,-18.596955817723895],[-64.119433969431114,-18.597012473869039],[-64.119494132320682,-18.597069129992519],[-64.119554295250055,-18.597125786094349],[-64.119614458219203,-18.597182442174525],[-64.119674621228114,-18.597239098233057],[-64.119734784276801,-18.597295754269936],[-64.119794947365321,-18.597352410285151],[-64.120034108920294,-18.597350988559633],[-64.120094272122714,-18.597407644472678],[-64.120154435364924,-18.597464300364049],[-64.120632758706705,-18.597461455680449],[-64.12069292213701,-18.597518111389093],[-64.120753085607106,-18.597574767076075],[-64.120813249116978,-18.597631422741404],[-64.120873412666626,-18.597688078385104],[-64.120933576256078,-18.597744734007119],[-64.12093432246742,-18.597858756752785],[-64.120994486139125,-18.597915412350133],[-64.121054649850606,-18.597972067925799],[-64.121114813601878,-18.598028723479807],[-64.12117497739294,-18.598085379012161],[-64.121235141223778,-18.59814203452288],[-64.121295305094407,-18.598198690011923],[-64.121355469004811,-18.598255345479306],[-64.121415632955006,-18.598312000925052],[-64.121475796944964,-18.59836865634912],[-64.121535960974725,-18.598425311751534],[-64.121596125044277,-18.598481967132283],[-64.121656289153606,-18.598538622491404],[-64.121658529349617,-18.598880690610507],[-64.121718693626192,-18.598937345938825],[-64.121778857942559,-18.598994001245494],[-64.121839022298715,-18.59905065653049],[-64.121899186694648,-18.599107311793833],[-64.121959351130371,-18.599163967035523],[-64.122019515605871,-18.599220622255537],[-64.122079680121175,-18.599277277453901],[-64.122139844676255,-18.599333932630596],[-64.122200009271111,-18.599390587785653],[-64.122260173905772,-18.59944724291903],[-64.122320338580224,-18.599503898030751],[-64.122380503294451,-18.599560553120806],[-64.122440668048455,-18.599617208189201],[-64.122500832842263,-18.599673863235957],[-64.122560997675862,-18.599730518261026],[-64.122621162549223,-18.599787173264442],[-64.122681327462388,-18.599843828246193],[-64.122741492415344,-18.599900483206302],[-64.122801657408075,-18.599957138144731],[-64.122861822440598,-18.600013793061493],[-64.12292198751291,-18.600070447956615],[-64.122982152625028,-18.600127102830051],[-64.123042317776907,-18.60018375768183],[-64.123102482968591,-18.600240412511944],[-64.123162648200051,-18.600297067320415],[-64.123222813471315,-18.600353722107204],[-64.12328297878237,-18.600410376872329],[-64.123343144133187,-18.600467031615789],[-64.123403309523809,-18.60052368633761],[-64.123463474954235,-18.600580341037741],[-64.123523640424438,-18.600636995716208],[-64.12358380593443,-18.600693650373014],[-64.123643971484199,-18.600750305008177],[-64.124122303428436,-18.600747450980371],[-64.124182469166314,-18.600804105432712],[-64.124242634943982,-18.600860759863384],[-64.124302800761456,-18.600917414272416],[-64.124362966618733,-18.600974068659752],[-64.124423132515773,-18.601030723025431],[-64.124483298452617,-18.601087377369442],[-64.124543464429223,-18.601144031691799],[-64.124603630445662,-18.601200685992474],[-64.124842796978498,-18.601199257878708],[-64.124902963108866,-18.601255912077139],[-64.124963129279024,-18.60131256625391],[-64.125023295488987,-18.601369220409023],[-64.125083461738726,-18.60142587454245],[-64.125143628028255,-18.60148252865422],[-64.125084210871407,-18.601539897080862],[-64.125024793674768,-18.601597265490536],[-64.12496537643834,-18.601654633883232],[-64.124905959162106,-18.601712002258935],[-64.124846541846111,-18.601769370617685],[-64.124726958184482,-18.601770084735954],[-64.124667540786177,-18.601827453042084],[-64.124608123348082,-18.601884821331279],[-64.124548705870168,-18.601942189603474],[-64.124489288352478,-18.601999557858687],[-64.124429870795012,-18.602056926096939],[-64.124430619519813,-18.602170948653388],[-64.124371201885467,-18.602228316876282],[-64.124311784211287,-18.602285685082212],[-64.124313281528856,-18.602513730197469],[-64.124253863740762,-18.602571098389678],[-64.124194445912863,-18.602628466564909],[-64.124135028045174,-18.602685834723175],[-64.12389585937801,-18.602687262048168],[-64.123836441385507,-18.602744630118227],[-64.123777023353213,-18.602801998171309],[-64.123537854494373,-18.602803425050322],[-64.12347843633728,-18.602860793015211],[-64.123419018140353,-18.602918160963142],[-64.123060264556415,-18.602920300498852],[-64.123000846192213,-18.602977668322961],[-64.122941427788192,-18.603035036130088],[-64.122702258535142,-18.603036461965345],[-64.122642840006336,-18.603093829684269],[-64.122583421437739,-18.603151197386239],[-64.121985497785275,-18.603154760290199],[-64.121926078964364,-18.603212127797125],[-64.121866660103663,-18.603269495287055],[-64.121807241203143,-18.603326862760017],[-64.121747822262833,-18.603384230215998],[-64.121688403282747,-18.603441597654975],[-64.12162898426287,-18.603498965076966],[-64.12156956520316,-18.603556332481983],[-64.121510146103674,-18.603613699869999],[-64.118640102529923,-18.603630768560709],[-64.118580682370649,-18.603688135077018],[-64.118521262171569,-18.603745501576352],[-64.118461841932742,-18.60380286805869],[-64.118402421654082,-18.603860234524021],[-64.118282836267682,-18.603860944628313],[-64.118223415906755,-18.603918311041035],[-64.118163995505995,-18.603975677436761],[-64.118044410029228,-18.603976387393917],[-64.117984989546187,-18.604033753737045],[-64.117925569023328,-18.604091120063167],[-64.117805983456179,-18.604091829873191],[-64.117746562851067,-18.604149196146686],[-64.117687142206123,-18.604206562403192],[-64.117089213864517,-18.604210109958647],[-64.116969628180001,-18.604210819242059],[-64.116371699676733,-18.604214364520551],[-64.116311535114747,-18.604157707519501],[-64.116251370592579,-18.604101050496801],[-64.116191206110216,-18.604044393452437],[-64.116131041667614,-18.603987736386408],[-64.116011456099216,-18.603988445053311],[-64.11595129173358,-18.603931787925376],[-64.115891127407693,-18.60387513077578],[-64.115830963121624,-18.603818473604537],[-64.11577079887536,-18.603761816411627],[-64.115710634668886,-18.603705159197073],[-64.115650470502189,-18.60364850196088],[-64.11559030637531,-18.603591844703026],[-64.115530142288236,-18.603535187423514],[-64.115469978240952,-18.603478530122356],[-64.115409814233431,-18.603421872799554],[-64.11534965026577,-18.603365215455085],[-64.115289486337872,-18.603308558088973],[-64.115229322449778,-18.60325190070122],[-64.115169158601461,-18.603195243291818],[-64.115108994792962,-18.603138585860741],[-64.115048831024268,-18.603081928408042],[-64.114988667295336,-18.603025270933689],[-64.114928503606222,-18.602968613437689],[-64.114868339956899,-18.60291195592001],[-64.114808176347381,-18.602855298380714],[-64.114748012777639,-18.602798640819763],[-64.114687849247701,-18.602741983237166],[-64.114627685757569,-18.602685325632898],[-64.11456752230724,-18.602628668007007],[-64.114507358896674,-18.602572010359463],[-64.114447195525912,-18.602515352690247],[-64.114387032194969,-18.602458694999413],[-64.114326868903817,-18.602402037286929],[-64.114207284369016,-18.602402744750332],[-64.114147121154758,-18.602346086975935],[-64.114086957980277,-18.602289429179866],[-64.113369451104063,-18.602293671883405],[-64.113309288192013,-18.602237013824112],[-64.113249125319811,-18.602180355743172],[-64.113188962487385,-18.602123697640589],[-64.113128799694721,-18.602067039516342],[-64.113009215345002,-18.60206774620692],[-64.112949052629276,-18.602011088020785],[-64.112888889953283,-18.601954429813006],[-64.111095125176718,-18.601965019857108],[-64.111034963097225,-18.601908361023725],[-64.110974801057552,-18.601851702168748],[-64.110735632477969,-18.601853112723479],[-64.110675470552309,-18.601796453766305],[-64.110615308666411,-18.601739794787512],[-64.110555146820346,-18.601683135787066],[-64.110494985014071,-18.601626476764981],[-64.110434823247573,-18.60156981772127],[-64.110374661520865,-18.601513158655909],[-64.110255077445743,-18.601513863577892],[-64.110194915795944,-18.601457204450647],[-64.110134754185921,-18.601400545301743],[-64.110074592615732,-18.601343886131218],[-64.110014431085318,-18.601287226939061],[-64.109954269594695,-18.601230567725263],[-64.109894108143848,-18.601173908489816],[-64.10983394673282,-18.601117249232743],[-64.109773785361568,-18.601060589954038],[-64.109713624030093,-18.601003930653693],[-64.109653462738436,-18.600947271331695],[-64.109593301486555,-18.600890611988078],[-64.109533140274493,-18.600833952622825],[-64.109413556639353,-18.600834656985846],[-64.109353395504186,-18.600777997558684],[-64.109293234408796,-18.600721338109906],[-64.109233073353181,-18.600664678639497],[-64.109172912337385,-18.600608019147451],[-64.10911275136138,-18.600551359633752],[-64.109052590425151,-18.600494700098441],[-64.108992429528698,-18.600438040541491],[-64.108932268672064,-18.600381380962911],[-64.108872107855191,-18.600324721362671],[-64.108871369567694,-18.600210698177104],[-64.108811208833103,-18.600154038552244],[-64.108751048138288,-18.600097378905723],[-64.108690887483263,-18.60004071923759],[-64.108630726868029,-18.599984059547829],[-64.108570566292585,-18.599927399836407],[-64.108510405756917,-18.599870740103377],[-64.108450245261039,-18.599814080348718],[-64.108390084804967,-18.599757420572423],[-64.108329924388656,-18.599700760774475],[-64.108269764012121,-18.599644100954919],[-64.108209603675448,-18.599587441113727],[-64.108149443378508,-18.599530781250902],[-64.10808928312133,-18.599474121366445],[-64.108029122904014,-18.599417461460348],[-64.107968962726446,-18.599360801532637],[-64.107908802588668,-18.599304141583282],[-64.107848642490652,-18.599247481612309],[-64.107788482432454,-18.59919082161969],[-64.107728322414047,-18.599134161605448],[-64.107668162435402,-18.599077501569578],[-64.107608002496548,-18.599020841512068],[-64.107488420049123,-18.59902154458706],[-64.107428260187191,-18.598964884467684],[-64.107368100365008,-18.598908224326681],[-64.107307940582629,-18.598851564164054],[-64.107247780840055,-18.598794903979776],[-64.107008616226096,-18.598796309580163],[-64.106948456597507,-18.598739649293776],[-64.106888297008723,-18.598682988985775],[-64.106649132521866,-18.598684394121676],[-64.10658897304711,-18.598627733711552],[-64.10652881361213,-18.598571073279782],[-64.106468654216911,-18.598514412826407],[-64.106408494861512,-18.598457752351404],[-64.106288912758558,-18.598458454644572],[-64.106228753480039,-18.598401794107698],[-64.106168594241296,-18.598345133549177],[-64.106049012207251,-18.598345835685983]]]},"properties":{"FID":13,"Zona":"Palmarito","IDUH":14,"UH":"mc1 - Tacazos","AreaHa":188.38142300000001}},{"type":"Feature","id":14,"geometry":{"type":"Polygon","coordinates":[[[-64.117089213864517,-18.604210109958647],[-64.117687142206123,-18.604206562403192],[-64.117746562851067,-18.604149196146686],[-64.117805983456179,-18.604091829873191],[-64.117925569023328,-18.604091120063167],[-64.117984989546187,-18.604033753737045],[-64.118044410029228,-18.603976387393917],[-64.118163995505995,-18.603975677436761],[-64.118223415906755,-18.603918311041035],[-64.118282836267682,-18.603860944628313],[-64.118402421654082,-18.603860234524021],[-64.118461841932742,-18.60380286805869],[-64.118521262171569,-18.603745501576352],[-64.118580682370649,-18.603688135077018],[-64.118640102529923,-18.603630768560709],[-64.121510146103674,-18.603613699869999],[-64.12156956520316,-18.603556332481983],[-64.12162898426287,-18.603498965076966],[-64.121688403282747,-18.603441597654975],[-64.121747822262833,-18.603384230215998],[-64.121807241203143,-18.603326862760017],[-64.121866660103663,-18.603269495287055],[-64.121926078964364,-18.603212127797125],[-64.121985497785275,-18.603154760290199],[-64.122583421437739,-18.603151197386239],[-64.122642840006336,-18.603093829684269],[-64.122702258535142,-18.603036461965345],[-64.122941427788192,-18.603035036130088],[-64.123000846192213,-18.602977668322961],[-64.123060264556415,-18.602920300498852],[-64.123419018140353,-18.602918160963142],[-64.12347843633728,-18.602860793015211],[-64.123537854494373,-18.602803425050322],[-64.123777023353213,-18.602801998171309],[-64.123836441385507,-18.602744630118227],[-64.12389585937801,-18.602687262048168],[-64.124135028045174,-18.602685834723175],[-64.124194445912863,-18.602628466564909],[-64.124253863740762,-18.602571098389678],[-64.124313281528856,-18.602513730197469],[-64.124311784211287,-18.602285685082212],[-64.124371201885467,-18.602228316876282],[-64.124430619519813,-18.602170948653388],[-64.124429870795012,-18.602056926096939],[-64.124489288352478,-18.601999557858687],[-64.124548705870168,-18.601942189603474],[-64.124608123348082,-18.601884821331279],[-64.124667540786177,-18.601827453042084],[-64.124726958184482,-18.601770084735954],[-64.124846541846111,-18.601769370617685],[-64.124905959162106,-18.601712002258935],[-64.12496537643834,-18.601654633883232],[-64.125024793674768,-18.601597265490536],[-64.125084210871407,-18.601539897080862],[-64.125144377203441,-18.601596551189587],[-64.125146624761584,-18.60193861878723],[-64.125206791260908,-18.601995272865125],[-64.125266957800108,-18.602051926921373],[-64.125267707082031,-18.602165949444995],[-64.12520828974516,-18.60222331791708],[-64.12514887236857,-18.602280686372215],[-64.12514962158177,-18.602394708897712],[-64.125090204128284,-18.602452077337482],[-64.125030786635023,-18.602509445760301],[-64.125033783245385,-18.60296553586139],[-64.125093950090218,-18.603022189952132],[-64.125154116974855,-18.603078844021198],[-64.125214283899254,-18.603135498068625],[-64.125274450863529,-18.603192152094355],[-64.125275200199738,-18.603306174603905],[-64.125335367246251,-18.603362828604933],[-64.125395534332554,-18.603419482584272],[-64.125404527810616,-18.604787752515925],[-64.125464695446894,-18.604844406436992],[-64.125524863123005,-18.604901060336417],[-64.125585030838849,-18.604957714214137],[-64.125645198594512,-18.605014368070179],[-64.125705366389994,-18.605071021904557],[-64.125765534225295,-18.605127675717281],[-64.125825702100357,-18.605184329508308],[-64.125885870015239,-18.605240983277653],[-64.125946037969925,-18.605297637025359],[-64.12600620596443,-18.605354290751364],[-64.126009955603507,-18.605924403010512],[-64.126070123850383,-18.605981056699598],[-64.126130292137049,-18.606037710367001],[-64.126131792200795,-18.606265755248597],[-64.126191960612303,-18.606322408888218],[-64.126252129063644,-18.606379062506154],[-64.126253629319194,-18.606607107369914],[-64.126313797895349,-18.6066637609601],[-64.126373966511323,-18.606720414528581],[-64.126434135167102,-18.606777068075388],[-64.126494303862714,-18.606833721600516],[-64.126497305119358,-18.607289811262334],[-64.126437886538881,-18.607347180164375],[-64.126378467918627,-18.607404549049441],[-64.126379968431209,-18.607632593878463],[-64.12632054969697,-18.607689962749841],[-64.126261130922913,-18.607747331604244],[-64.12626188111318,-18.607861354019931],[-64.126202462262214,-18.607918722858997],[-64.126143043371457,-18.60797609168106],[-64.126144543619901,-18.608204136514779],[-64.126204712754301,-18.608260790102527],[-64.126264881928535,-18.608317443668586],[-64.126325051142544,-18.608374097212984],[-64.126385220396386,-18.608430750735696],[-64.126390472627818,-18.609228907523889],[-64.126450642219154,-18.609285561003574],[-64.126510811850309,-18.609342214461549],[-64.126570981521269,-18.609398867897845],[-64.126631151232047,-18.609455521312466],[-64.126691320982616,-18.609512174705422],[-64.126751490773003,-18.609568828076679],[-64.126752241368692,-18.609682850451041],[-64.126812411241445,-18.609739503797581],[-64.126872581153975,-18.609796157122418],[-64.126932751106338,-18.609852810425576],[-64.126992921098505,-18.609909463707076],[-64.126996675009124,-18.610479575496711],[-64.126937255560208,-18.610536944587263],[-64.126877836071458,-18.610594313660798],[-64.126880088260506,-18.610936380727566],[-64.126940258638186,-18.610993034000192],[-64.127000429055684,-18.611049687251157],[-64.127001930712368,-18.611277731943066],[-64.126942511003747,-18.611335101045118],[-64.126883091255337,-18.611392470130184],[-64.126823671467108,-18.611449839198261],[-64.126764251639031,-18.611507208249382],[-64.126704831771164,-18.611564577283492],[-64.126645411863478,-18.611621946300616],[-64.12664841435172,-18.612078035707018],[-64.12670858508055,-18.612134689029755],[-64.126768755849199,-18.612191342330789],[-64.126771008027674,-18.612533409352494],[-64.126711587825909,-18.612590778401405],[-64.126652167584325,-18.612648147433333],[-64.126655920952828,-18.613218259124412],[-64.126596500485888,-18.613275628147594],[-64.12653707997913,-18.613332997153766],[-64.126537830594941,-18.613447019491058],[-64.126478410011245,-18.613504388481878],[-64.126418989387759,-18.613561757455724],[-64.12647916059538,-18.613618410819385],[-64.126539331842835,-18.613675064161388],[-64.126543085057719,-18.614245175812567],[-64.126483664214291,-18.614302544814926],[-64.126424243331073,-18.614359913800271],[-64.126424993916132,-18.614473936129563],[-64.126365572955976,-18.614531305099579],[-64.126306151955987,-18.614588674052591],[-64.126246730916165,-18.614646042988618],[-64.126187309836538,-18.614703411907648],[-64.126127888717079,-18.614760780809704],[-64.126068467557786,-18.614818149694752],[-64.126069217925647,-18.614932172032514],[-64.126009796689402,-18.614989540902201],[-64.125950375413368,-18.615046909754934],[-64.125951125712447,-18.615160932094568],[-64.125891704359432,-18.615218300931936],[-64.125832282966655,-18.615275669752304],[-64.125833783432654,-18.615503714433913],[-64.125774361925792,-18.615561083240575],[-64.125714940379083,-18.615618452030244],[-64.125655518792584,-18.615675820802949],[-64.125596097166266,-18.61573318955864],[-64.125536675500072,-18.615790558297334],[-64.125477253794088,-18.615847927019029],[-64.125478753836475,-18.616075971714732],[-64.125419332016449,-18.616133340422724],[-64.125359910156575,-18.616190709113724],[-64.125363659986419,-18.616760820844686],[-64.125304237901091,-18.616818189526896],[-64.125244815776014,-18.616875558192127],[-64.125185393611076,-18.616932926840366],[-64.125125971406305,-18.616990295471577],[-64.125066549161687,-18.617047664085838],[-64.125007126877264,-18.617105032683078],[-64.12494770455298,-18.617162401263339],[-64.124888282188877,-18.617219769826594],[-64.124828859784984,-18.617277138372845],[-64.124769437341229,-18.617334506902104],[-64.124710014857627,-18.617391875414359],[-64.124650592334177,-18.61744924390965],[-64.124591169770923,-18.61750661238792],[-64.12453174716785,-18.617563980849184],[-64.124532496630465,-18.617678003214134],[-64.12447307395044,-18.61773537166005],[-64.12441365123054,-18.617792740088966],[-64.124415899428243,-18.618134807185172],[-64.124356476557196,-18.618192175602005],[-64.124236881402254,-18.618192890015795],[-64.124177458448813,-18.618250258379998],[-64.12411803545551,-18.61830762672723],[-64.124058612422402,-18.618364995057437],[-64.123999189349448,-18.618422363370644],[-64.12393976623666,-18.618479731666863],[-64.123880343084039,-18.618537099946092],[-64.123820919891585,-18.6185944682083],[-64.123821668925018,-18.618708490588691],[-64.123762245655612,-18.618765858835541],[-64.121250737329476,-18.618780838089524],[-64.121191313126815,-18.618838205570917],[-64.121131888884321,-18.618895573035314],[-64.121012293105082,-18.618896285426263],[-64.12095212164806,-18.618839630348134],[-64.120891950230856,-18.61878297524834],[-64.120652758804709,-18.618784399641076],[-64.120592587501619,-18.618727744438967],[-64.120532416238319,-18.618671089215152],[-64.120472245014895,-18.618614433969682],[-64.120412073831318,-18.618557778702538],[-64.118498544020483,-18.618569160325833],[-64.118439118913727,-18.618626526984105],[-64.118379693767153,-18.61868389362537],[-64.117064140284882,-18.618691706426908],[-64.11700471463061,-18.618749072659028],[-64.116945288936478,-18.618806438874113],[-64.116825693047943,-18.618807148601721],[-64.116766267271473,-18.61886451476413],[-64.116706841455127,-18.618921880909546],[-64.116587245476154,-18.618922590489888],[-64.116527819577485,-18.618979956582638],[-64.116468393638954,-18.619037322658354],[-64.116408967660576,-18.619094688717063],[-64.116349541642393,-18.61915205475875],[-64.116229945487902,-18.619152764120514],[-64.116170519387325,-18.619210130109543],[-64.116111093246914,-18.619267496081541],[-64.116051667066699,-18.619324862036539],[-64.115992240846609,-18.619382227974494],[-64.115872644516628,-18.619382937117674],[-64.115813218214214,-18.619440303002975],[-64.11575379187191,-18.619497668871276],[-64.115634195451491,-18.619498377867178],[-64.11557476902685,-18.619555743682778],[-64.115515342562304,-18.619613109481378],[-64.115395746051462,-18.619613818330002],[-64.115336319504621,-18.619671184075919],[-64.115276892917905,-18.619728549804808],[-64.115217466291398,-18.619785915516676],[-64.11515803962503,-18.61984328121153],[-64.115098612918814,-18.619900646889388],[-64.11503918617278,-18.619958012550207],[-64.114919589401339,-18.619958721108912],[-64.11486016257291,-18.620016086717044],[-64.114800735704648,-18.620073452308159],[-64.11396355755862,-18.620078409592768],[-64.113903387867566,-18.620021752166586],[-64.11384321821636,-18.61996509471874],[-64.113484427724615,-18.619967217887933],[-64.113424258224683,-18.619910560297502],[-64.113364088764655,-18.619853902685378],[-64.113244491997605,-18.619854610175899],[-64.113185064610974,-18.619911975283184],[-64.113125637184538,-18.619969340373423],[-64.112527652843582,-18.619972876329893],[-64.112468225164648,-18.620030241224782],[-64.112408797445852,-18.620087606102654],[-64.112169603501812,-18.620089019810809],[-64.112109434368065,-18.620032361780062],[-64.112049265274166,-18.619975703727651],[-64.111810071457285,-18.619977116970727],[-64.111749902477541,-18.619920458816047],[-64.111689733537617,-18.619863800639681],[-64.111629564637553,-18.619807142441683],[-64.111569395777337,-18.619750484222021],[-64.111449799009478,-18.619751190568405],[-64.111389630226242,-18.619694532286779],[-64.111388889435688,-18.619580509433046],[-64.111328720734818,-18.61952385112674],[-64.110850334225688,-18.619526675411674],[-64.110790165713283,-18.619470016922488],[-64.110729997240711,-18.619413358411663],[-64.110610400674361,-18.619414064212386],[-64.110550232278783,-18.619357405639615],[-64.110490063923024,-18.619300747045166],[-64.11042989560714,-18.619244088429078],[-64.110369727331104,-18.619187429791307],[-64.110309559094873,-18.619130771131896],[-64.11024939089846,-18.619074112450821],[-64.110189222741923,-18.6190174537481],[-64.110129054625219,-18.618960795023696],[-64.110068886548348,-18.618904136277646],[-64.11000871851131,-18.618847477509956],[-64.109948550514105,-18.618790818720598],[-64.109888382556733,-18.618734159909565],[-64.109828214639208,-18.618677501076895],[-64.109768046761531,-18.618620842222576],[-64.109707878923643,-18.618564183346582],[-64.109647711125632,-18.618507524448937],[-64.109587543367425,-18.618450865529649],[-64.10952737564908,-18.618394206588704],[-64.109467207970567,-18.618337547626076],[-64.109407040331888,-18.61828088864182],[-64.109346872733042,-18.618224229635914],[-64.109286705174028,-18.618167570608346],[-64.109226537654848,-18.6181109115591],[-64.109166370175515,-18.618054252488228],[-64.109106202735987,-18.617997593395696],[-64.109046035336334,-18.617940934281517],[-64.108985867976472,-18.617884275145656],[-64.108925700656499,-18.617827615988165],[-64.108327722946512,-18.617831138211159],[-64.108267555852137,-18.617774478830562],[-64.108207388797553,-18.61771781942829],[-64.108147221782872,-18.617661160004388],[-64.108087054808024,-18.617604500558844],[-64.107967459398594,-18.617605204614414],[-64.107907292500741,-18.617548545106921],[-64.107847125642692,-18.617491885577753],[-64.107727530302242,-18.617492589476786],[-64.107667363521188,-18.617435929885708],[-64.107607196779966,-18.617379270272977],[-64.107547030078578,-18.617322610638599],[-64.107486863417023,-18.61726595098256],[-64.107008482596427,-18.617268765174529],[-64.106948316123351,-18.617212105335682],[-64.106888149690093,-18.617155445475213],[-64.106827983296682,-18.617098785593065],[-64.106767816943105,-18.617042125689313],[-64.106528626798067,-18.617043532007276],[-64.106468460558631,-18.616986872001274],[-64.106408294359056,-18.616930211973628],[-64.106288699352817,-18.616930914938113],[-64.106228533230237,-18.616874254848547],[-64.106168367147475,-18.616817594737324],[-64.106108201104519,-18.616760934604464],[-64.106048035101423,-18.616704274449951],[-64.105987869138175,-18.616647614273798],[-64.105927703214675,-18.616590954075981],[-64.105867537331051,-18.616534293856532],[-64.105807371487302,-18.616477633615446],[-64.105568182053474,-18.616479038672022],[-64.105508016323853,-18.616422378328728],[-64.10544785063405,-18.61636571796376],[-64.105387684984095,-18.61630905757718],[-64.105386948337426,-18.616195034450165],[-64.105326782769765,-18.616138374038897],[-64.105266617241966,-18.616081713606018],[-64.105206451753972,-18.616025053151493],[-64.105146286305825,-18.615968392675295],[-64.105086120897511,-18.615911732177487],[-64.104248960349935,-18.61591664519511],[-64.104188795241598,-18.615859984393708],[-64.104128630173093,-18.615803323570663],[-64.103052281183039,-18.6158096341142],[-64.102992851521051,-18.615866996131754],[-64.102933421819202,-18.615924358132268],[-64.102574638471779,-18.615926460065619],[-64.102515208602654,-18.615983821942056],[-64.102455778693681,-18.616041183801492],[-64.102396348744904,-18.616098545643847],[-64.102336918756293,-18.616155907469167],[-64.10227748872785,-18.61621326927747],[-64.102218058659574,-18.616270631068705],[-64.102158628551464,-18.616327992842901],[-64.102099198403536,-18.616385354600048],[-64.102039033794256,-18.616328693085705],[-64.101978869224794,-18.61627203154972],[-64.10191870469518,-18.616215369992094],[-64.101858540205384,-18.616158708412808],[-64.101798375755422,-18.616102046811914],[-64.101738211345307,-18.616045385189384],[-64.101618616768647,-18.616046085154871],[-64.101558452435498,-18.615989423470399],[-64.10149828814221,-18.615932761764327],[-64.101378693634601,-18.61593346157332],[-64.101318529418279,-18.615876799805331],[-64.10125836524179,-18.61582013801571],[-64.10054079853046,-18.615824334791441],[-64.100480634616858,-18.615767672738535],[-64.100420470743074,-18.615711010664029],[-64.099702904286673,-18.615715204222319],[-64.099642740675762,-18.615658541884564],[-64.099582577104712,-18.61560187952518],[-64.098984605283505,-18.615605371665787],[-64.098924441938166,-18.615548709083416],[-64.098864278632675,-18.615492046479435],[-64.098804115366946,-18.615435383853828],[-64.098743952141092,-18.615378721206589],[-64.098683788955057,-18.615322058537718],[-64.098680860434939,-18.614865964941252],[-64.098620697458657,-18.614809302238783],[-64.09856053452215,-18.614752639514673],[-64.098500371625548,-18.614695976768942],[-64.098440208768736,-18.614639314001565],[-64.098380045951743,-18.614582651212576],[-64.098319883174568,-18.614525988401958],[-64.098319151312651,-18.614411964981354],[-64.098258988617815,-18.614355302146119],[-64.098198825962783,-18.61429863928926],[-64.098138663347541,-18.614241976410753],[-64.098078500772175,-18.614185313510625],[-64.098077769085464,-18.614071290076669],[-64.098017606592379,-18.614014627151906],[-64.097957444139098,-18.613957964205547],[-64.09789728172565,-18.613901301237558],[-64.09783711935205,-18.61384463824794],[-64.097830535938996,-18.612818427171138],[-64.097770373987458,-18.612761764132962],[-64.097710212075739,-18.612705101073168],[-64.097704361192726,-18.61179291330577],[-64.097644199660564,-18.611736250200416],[-64.097584038168222,-18.611679587073439],[-64.097581844429257,-18.611337516619493],[-64.097521683104148,-18.611280853461921],[-64.097461521818857,-18.61122419028273],[-64.097401360573372,-18.611167527081882],[-64.09734119936769,-18.611110863859441],[-64.097281038201857,-18.611054200615381],[-64.097220877075813,-18.610997537349697],[-64.097160715989602,-18.610940874062365],[-64.097100554943211,-18.610884210753436],[-64.097040393936624,-18.61082754742289],[-64.096980232969869,-18.610770884070696],[-64.096979502158788,-18.610656860553341],[-64.096919341274287,-18.610600197176566],[-64.096859180429632,-18.610543533778156],[-64.096799019624783,-18.61048687035812],[-64.096738858859737,-18.610430206916472],[-64.096678698134511,-18.61037354345321],[-64.096618537449089,-18.610316879968327],[-64.09660831021624,-18.608720550326293],[-64.096667739787833,-18.608663190299623],[-64.096727169319578,-18.6086058302559],[-64.096725708222309,-18.608377783147997],[-64.096665548261342,-18.608321119630926],[-64.09660538834018,-18.608264456092218],[-64.096664817763099,-18.608207096071865],[-64.096784407062074,-18.608206399535913],[-64.097023585644124,-18.608205006236251],[-64.097083014899852,-18.608147646091844],[-64.097142444115761,-18.608090285930398],[-64.097201873291866,-18.608032925751889],[-64.09726130242818,-18.607975565556341],[-64.098576782382793,-18.607967895410628],[-64.098636211012234,-18.607910534805683],[-64.098695639601871,-18.607853174183681],[-64.098755068151718,-18.607795813544652],[-64.098814496661774,-18.607738452888587],[-64.0997712075945,-18.607732867689815],[-64.099830635725041,-18.607675506731383],[-64.099890063815764,-18.607618145755886],[-64.102281837962877,-18.607604160076217],[-64.102341999415444,-18.607660821719531],[-64.102402160907843,-18.607717483341187],[-64.103000104483925,-18.607713981774054],[-64.103059531467892,-18.607656619852762],[-64.103118958412026,-18.607599257914416],[-64.104195255749246,-18.607592949669119],[-64.104255417796182,-18.607649610668314],[-64.104315579882922,-18.607706271645856],[-64.104435168523622,-18.607705570269623],[-64.104495330687328,-18.607762231185273],[-64.104555492890839,-18.607818892079294],[-64.105033847697442,-18.60781608549313],[-64.105094010089317,-18.607872746204485],[-64.105154172521011,-18.607929406894193],[-64.105632527539427,-18.607926598771293],[-64.105691953663339,-18.607869236062385],[-64.105751379747375,-18.607811873336431],[-64.106708088848563,-18.607806252876262],[-64.106768251760414,-18.607862913023936],[-64.106828414712083,-18.607919573149957],[-64.107067592082586,-18.607918167114708],[-64.10712775514834,-18.60797482713857],[-64.107187918253928,-18.608031487140799],[-64.107785861958021,-18.608027970321487],[-64.107846025289092,-18.608084630100727],[-64.107906188659925,-18.608141289858331],[-64.110178374927415,-18.608127907105921],[-64.110238539043664,-18.608184566076758],[-64.110298703199717,-18.60824122502596],[-64.110358867395547,-18.608297883953497],[-64.11041903163121,-18.608354542859399],[-64.110538620477158,-18.60835383758376],[-64.11059878478973,-18.608410496427734],[-64.110658949142149,-18.608467155250079],[-64.110719113534387,-18.608523814050766],[-64.110779277966415,-18.608580472829804],[-64.111257633890588,-18.608577650323674],[-64.111317058240544,-18.608520285929686],[-64.11137648255071,-18.608462921518679],[-64.111435906821015,-18.608405557090645],[-64.111495331051557,-18.608348192645614],[-64.111554755242281,-18.608290828183563],[-64.111614179393186,-18.608233463704508],[-64.111673603504286,-18.608176099208418],[-64.111733027575582,-18.608118734695324],[-64.111792451607073,-18.608061370165224],[-64.111851875598731,-18.608004005618113],[-64.111911299550599,-18.607946641053971],[-64.111970723462647,-18.607889276472825],[-64.112030147334877,-18.607831911874673],[-64.112089571167331,-18.607774547259496],[-64.112148994959952,-18.607717182627312],[-64.112148254175125,-18.607603159658222],[-64.112207677890808,-18.607545795010623],[-64.112267101566701,-18.607488430346038],[-64.112266360712979,-18.607374407378774],[-64.112325784311949,-18.607317042698767],[-64.112385207871114,-18.607259678001775],[-64.112444631390446,-18.607202313287775],[-64.112504054869987,-18.607144948556734],[-64.112563478309724,-18.60708758380871],[-64.112622901709628,-18.607030219043676],[-64.112682325069741,-18.606972854261631],[-64.11274174839005,-18.606915489462555],[-64.112801171670554,-18.606858124646486],[-64.11286059491124,-18.606800759813414],[-64.112920018112121,-18.606743394963328],[-64.113039605730833,-18.606742688158395],[-64.113099028849405,-18.606685323255643],[-64.1131584519282,-18.606627958335903],[-64.113278039456532,-18.606627251383792],[-64.113337462453003,-18.606569886411418],[-64.113396885409713,-18.606512521422029],[-64.113456308326604,-18.606455156415606],[-64.113515731203648,-18.606397791392208],[-64.115070366373374,-18.606388592254209],[-64.115129788658251,-18.606331226750594],[-64.115189210903296,-18.606273861229948],[-64.115248633108578,-18.60621649569234],[-64.115308055274028,-18.606159130137698],[-64.115367477399673,-18.606101764566066],[-64.115426899485499,-18.606044398977424],[-64.11548632153162,-18.605987033371768],[-64.115545743537851,-18.605929667749127],[-64.115605165504263,-18.605872302109471],[-64.115664587430899,-18.60581493645283],[-64.115724009317788,-18.605757570779161],[-64.115722523159562,-18.605529525070342],[-64.115781944932351,-18.605472159382924],[-64.115841366665364,-18.60541479367852],[-64.1158406235201,-18.605300770825224],[-64.11590004517619,-18.605243405105437],[-64.115959466792503,-18.605186039368647],[-64.11601888836897,-18.605128673614828],[-64.116078309905674,-18.605071307844035],[-64.11613773140256,-18.605013942056242],[-64.116197152859669,-18.604956576251446],[-64.11625657427696,-18.604899210429625],[-64.116315995654446,-18.60484184459083],[-64.116375416992142,-18.604784478735038],[-64.116434838290019,-18.604727112862239],[-64.116494259548105,-18.604669746972419],[-64.116553680766387,-18.604612381065628],[-64.116613101944864,-18.60455501514183],[-64.116672523083565,-18.604497649201015],[-64.116731944182447,-18.604440283243221],[-64.116791365241554,-18.604382917268428],[-64.116850786260827,-18.604325551276641],[-64.116970372030309,-18.604324842064482],[-64.117029792967315,-18.604267476020052],[-64.117089213864517,-18.604210109958647]]]},"properties":{"FID":14,"Zona":"Palmarito","IDUH":16,"UH":"mc3 - Palmarito2","AreaHa":393.09088127000001}},{"type":"Feature","id":15,"geometry":{"type":"Polygon","coordinates":[[[-64.110610400674361,-18.619414064212386],[-64.110729997240711,-18.619413358411663],[-64.110790165713283,-18.619470016922488],[-64.110850334225688,-18.619526675411674],[-64.111328720734818,-18.61952385112674],[-64.111388889435688,-18.619580509433046],[-64.111389630226242,-18.619694532286779],[-64.111449799009478,-18.619751190568405],[-64.111569395777337,-18.619750484222021],[-64.111629564637553,-18.619807142441683],[-64.111689733537617,-18.619863800639681],[-64.111749902477541,-18.619920458816047],[-64.111810071457285,-18.619977116970727],[-64.112049265274166,-18.619975703727651],[-64.112109434368065,-18.620032361780062],[-64.112169603501812,-18.620089019810809],[-64.112408797445852,-18.620087606102654],[-64.112468225164648,-18.620030241224782],[-64.112527652843582,-18.619972876329893],[-64.113125637184538,-18.619969340373423],[-64.113185064610974,-18.619911975283184],[-64.113244491997605,-18.619854610175899],[-64.113364088764655,-18.619853902685378],[-64.113424258224683,-18.619910560297502],[-64.113484427724615,-18.619967217887933],[-64.11384321821636,-18.61996509471874],[-64.113903387867566,-18.620021752166586],[-64.11396355755862,-18.620078409592768],[-64.114800735704648,-18.620073452308159],[-64.11486016257291,-18.620016086717044],[-64.114919589401339,-18.619958721108912],[-64.11503918617278,-18.619958012550207],[-64.115098612918814,-18.619900646889388],[-64.11515803962503,-18.61984328121153],[-64.115217466291398,-18.619785915516676],[-64.115276892917905,-18.619728549804808],[-64.115336319504621,-18.619671184075919],[-64.115395746051462,-18.619613818330002],[-64.115515342562304,-18.619613109481378],[-64.11557476902685,-18.619555743682778],[-64.115634195451491,-18.619498377867178],[-64.11575379187191,-18.619497668871276],[-64.115813218214214,-18.619440303002975],[-64.115872644516628,-18.619382937117674],[-64.115992240846609,-18.619382227974494],[-64.116051667066699,-18.619324862036539],[-64.116111093246914,-18.619267496081541],[-64.116170519387325,-18.619210130109543],[-64.116229945487902,-18.619152764120514],[-64.116349541642393,-18.61915205475875],[-64.116408967660576,-18.619094688717063],[-64.116468393638954,-18.619037322658354],[-64.116527819577485,-18.618979956582638],[-64.116587245476154,-18.618922590489888],[-64.116706841455127,-18.618921880909546],[-64.116766267271473,-18.61886451476413],[-64.116825693047943,-18.618807148601721],[-64.116945288936478,-18.618806438874113],[-64.11700471463061,-18.618749072659028],[-64.117064140284882,-18.618691706426908],[-64.118379693767153,-18.61868389362537],[-64.118439118913727,-18.618626526984105],[-64.118498544020483,-18.618569160325833],[-64.120412073831318,-18.618557778702538],[-64.120472245014895,-18.618614433969682],[-64.120532416238319,-18.618671089215152],[-64.120592587501619,-18.618727744438967],[-64.120652758804709,-18.618784399641076],[-64.120891950230856,-18.61878297524834],[-64.12095212164806,-18.618839630348134],[-64.121012293105082,-18.618896285426263],[-64.121131888884321,-18.618895573035314],[-64.121191313126815,-18.618838205570917],[-64.121250737329476,-18.618780838089524],[-64.123762245655612,-18.618765858835541],[-64.123822417963865,-18.618822512967647],[-64.123762994657341,-18.618879881216145],[-64.123703571310969,-18.618937249447651],[-64.123763743664497,-18.618993903595346],[-64.123823916057859,-18.619050557721366],[-64.123884088491067,-18.619107211825693],[-64.123944260964109,-18.619163865908352],[-64.124004433476969,-18.619220519969303],[-64.124124029359791,-18.619219805665253],[-64.124184201949632,-18.619276459664206],[-64.124244374579305,-18.61933311364146],[-64.124304547248812,-18.619389767597031],[-64.124364719958166,-18.619446421530942],[-64.12442489270731,-18.619503075443134],[-64.124426391663135,-18.619731120133068],[-64.124486564537264,-18.619787774017482],[-64.124546737451226,-18.619844427880231],[-64.124606910405006,-18.619901081721267],[-64.124667083398634,-18.619957735540609],[-64.124671581417545,-18.62064186950343],[-64.124612157814852,-18.620699238027647],[-64.12455273417234,-18.620756606534833],[-64.124554233406869,-18.620984651184397],[-64.124494809650258,-18.621042019677866],[-64.124435385853772,-18.621099388154342],[-64.124375962017496,-18.621156756613821],[-64.124316538141329,-18.621214125056291],[-64.124257114225344,-18.621271493481764],[-64.124197690269511,-18.621328861890241],[-64.124138266273818,-18.621386230281704],[-64.124078842238305,-18.621443598656175],[-64.124019418162931,-18.621500967013628],[-64.123959994047738,-18.621558335354099],[-64.123960743301851,-18.621672357693154],[-64.123901319109677,-18.621729726018241],[-64.123841894877643,-18.621787094326333],[-64.123844142449769,-18.622129161344905],[-64.123904316031883,-18.622185815366951],[-64.123964489653815,-18.622242469367333],[-64.12396748683301,-18.6226985586813],[-64.12390806230664,-18.622755927021135],[-64.123848637740423,-18.62281329534397],[-64.123851634709339,-18.623269384648513],[-64.123792209954743,-18.62332675296091],[-64.123732785160314,-18.62338412125629],[-64.123734283528762,-18.623612165906653],[-64.123674858620205,-18.623669534188309],[-64.123615433671816,-18.623726902452958],[-64.123556008683536,-18.623784270700597],[-64.123496583655438,-18.623841638931253],[-64.123437158587492,-18.623899007144882],[-64.1233777334797,-18.623956375341518],[-64.123318308332031,-18.624013743521118],[-64.123258883144516,-18.624071111683747],[-64.123259632039776,-18.62418513401991],[-64.123200206775309,-18.624242502167174],[-64.123140781470994,-18.624299870297403],[-64.123141530297389,-18.624413892635424],[-64.123082104916051,-18.624471260750312],[-64.123022679494881,-18.624528628848164],[-64.122963254033877,-18.62458599692901],[-64.122604454970698,-18.624588137994444],[-64.122545029342149,-18.624645505951325],[-64.122485603673752,-18.62470287389122],[-64.122366003890079,-18.624703587356418],[-64.122306578139259,-18.624760955243627],[-64.122247152348606,-18.624818323113828],[-64.122187726518092,-18.624875690967041],[-64.122188474733989,-18.624989713335466],[-64.122248648860079,-18.625046367846021],[-64.122308823026032,-18.625103022334908],[-64.12236899723186,-18.625159676802088],[-64.122429171477492,-18.625216331247572],[-64.122430668265991,-18.625444375955865],[-64.12237124229506,-18.625501743871538],[-64.122311816284224,-18.625559111770208],[-64.122252390233569,-18.625616479651857],[-64.122192964143053,-18.625673847516499],[-64.12219371239685,-18.625787869875072],[-64.122134286229326,-18.625845237724338],[-64.122074860021954,-18.625902605556586],[-64.122015433774735,-18.625959973371842],[-64.121956007487626,-18.626017341170069],[-64.121896581160712,-18.62607470895129],[-64.121837154793923,-18.626132076715493],[-64.121837902830265,-18.626246099082472],[-64.121778476386467,-18.626303466831299],[-64.121719049902836,-18.626360834563112],[-64.121719797870298,-18.626474856931949],[-64.12166037130963,-18.626532224648386],[-64.121301568002778,-18.626534363444733],[-64.121242141274593,-18.626591731037173],[-64.12118271450656,-18.626649098612599],[-64.12106311330831,-18.626649811321407],[-64.121003686457854,-18.626707178844185],[-64.120944259567565,-18.626764546349925],[-64.120346253069656,-18.626768108397393],[-64.120286078899554,-18.626711453287129],[-64.120225904769285,-18.626654798155151],[-64.120106303527763,-18.626655510255986],[-64.120046876336829,-18.626712877493471],[-64.119987449106048,-18.626770244713914],[-64.119867847774046,-18.626770956667428],[-64.119808047105977,-18.626771312615688],[-64.119807673752518,-18.626714301395829],[-64.119747499770853,-18.626657646102522],[-64.114604640584531,-18.626688184742587],[-64.114544468240609,-18.626631527693554],[-64.114484295936549,-18.626574870622843],[-64.114364694515913,-18.626575579071208],[-64.114304522288876,-18.626518921938501],[-64.114244350101657,-18.626462264784102],[-64.114184177954328,-18.626405607608046],[-64.114124005846847,-18.626348950410318],[-64.114063833779213,-18.626292293190915],[-64.11400366175144,-18.626235635949815],[-64.113943489763514,-18.626178978687069],[-64.113883317815436,-18.626122321402647],[-64.113763716686819,-18.626123029452454],[-64.113703544815735,-18.626066372106038],[-64.113643372984541,-18.626009714737947],[-64.113583201193208,-18.625953057348173],[-64.113523029441723,-18.625896399936742],[-64.11346285773007,-18.625839742503633],[-64.113402686058322,-18.625783085048859],[-64.113342514426435,-18.625726427572395],[-64.113282342834324,-18.625669770074271],[-64.112803939455304,-18.6256726002234],[-64.112743768051772,-18.625615942542343],[-64.1126835966881,-18.6255592848396],[-64.112563995904253,-18.625559992106268],[-64.112503824617576,-18.625503334341552],[-64.112443653370747,-18.625446676555175],[-64.112383482163764,-18.625390018747126],[-64.112323310996672,-18.625333360917388],[-64.112203710356141,-18.625334067946806],[-64.112143539266029,-18.625277410055098],[-64.112083368215806,-18.625220752141733],[-64.110050157769663,-18.6252327586446],[-64.109989987391188,-18.625176100024269],[-64.10992981705256,-18.625119441382246],[-64.109869646753793,-18.625062782718587],[-64.109809476494888,-18.625006124033263],[-64.109749306275816,-18.624949465326278],[-64.109689136096605,-18.624892806597604],[-64.109330334761495,-18.624894922386954],[-64.109270904336285,-18.624952286387995],[-64.109211473871198,-18.625009650371979],[-64.109152043366251,-18.625067014338928],[-64.109092612821485,-18.625124378288834],[-64.109033182236828,-18.625181742221731],[-64.108973751612368,-18.62523910613756],[-64.108913581568459,-18.625182447154454],[-64.108909884750972,-18.624612332723736],[-64.108849714959561,-18.624555673703885],[-64.108789545208026,-18.624499014662351],[-64.108729375496338,-18.624442355599179],[-64.108669205824455,-18.624385696514349],[-64.108609036192462,-18.624329037407861],[-64.108548866600344,-18.624272378279681],[-64.108488697048003,-18.624215719129868],[-64.108428527535537,-18.624159059958398],[-64.108368358062961,-18.624102400765238],[-64.108308188630204,-18.624045741550468],[-64.10824801923728,-18.623989082314001],[-64.108187849884246,-18.623932423055894],[-64.108127680571073,-18.623875763776105],[-64.108067511297691,-18.623819104474681],[-64.108007342064184,-18.623762445151591],[-64.107947172870553,-18.623705785806845],[-64.107887003716755,-18.623649126440444],[-64.107826834602776,-18.623592467052372],[-64.107766665528658,-18.623535807642657],[-64.107706496494387,-18.623479148211278],[-64.107646327499978,-18.623422488758244],[-64.107586158545431,-18.623365829283543],[-64.107525989630716,-18.623309169787191],[-64.107465820755849,-18.623252510269193],[-64.107405651920814,-18.623195850729537],[-64.107345483125641,-18.6231391911682],[-64.107285314370316,-18.623082531585229],[-64.107225145654823,-18.623025871980605],[-64.107284576170997,-18.622968508613475],[-64.107344006647295,-18.62291114522931],[-64.107343268416145,-18.622797122257769],[-64.10740269881542,-18.622739758858156],[-64.107462129174877,-18.622682395441529],[-64.107521559494472,-18.622625032007861],[-64.107580989774206,-18.62256766855716],[-64.107580251399696,-18.6224536455906],[-64.107639681602421,-18.622396282124463],[-64.107699111765299,-18.622338918641294],[-64.107698373321782,-18.622224895676535],[-64.107757803407651,-18.622167532177933],[-64.107817233453687,-18.622110168662264],[-64.107876663459862,-18.622052805129581],[-64.107936093426204,-18.621995441579863],[-64.107995523352656,-18.621938078013116],[-64.108054953239304,-18.621880714429299],[-64.108114383086118,-18.621823350828475],[-64.108173812893057,-18.621765987210615],[-64.108233242660134,-18.621708623575717],[-64.108352840927253,-18.621707919201885],[-64.108412270611979,-18.621650555514265],[-64.108471700256885,-18.621593191809602],[-64.108531129861987,-18.621535828087925],[-64.108590559427185,-18.621478464349199],[-64.10864998895255,-18.621421100593455],[-64.10870941843811,-18.621363736820655],[-64.108768847883795,-18.621306373030826],[-64.108828277289632,-18.621249009223973],[-64.108887706655622,-18.621191645400071],[-64.108947135981808,-18.621134281559147],[-64.109006565268089,-18.621076917701192],[-64.109065994514594,-18.621019553826208],[-64.109125423721224,-18.620962189934172],[-64.109184852888021,-18.620904826025111],[-64.109244282014984,-18.620847462099025],[-64.109303711102072,-18.620790098155911],[-64.109363140149341,-18.620732734195737],[-64.10936240066512,-18.620618711275998],[-64.109421829635409,-18.620561347300423],[-64.109481258565822,-18.620503983307795],[-64.109480519012621,-18.620389960389868],[-64.10953994786604,-18.620332596381811],[-64.109599376679611,-18.620275232356754],[-64.109658805453364,-18.620217868314665],[-64.10971823418727,-18.620160504255544],[-64.109777662881342,-18.620103140179367],[-64.109837091535553,-18.620045776086187],[-64.109896520149931,-18.619988411975974],[-64.10995594872449,-18.619931047848731],[-64.110015377259188,-18.619873683704434],[-64.110074805754039,-18.61981631954313],[-64.11013423420907,-18.619758955364802],[-64.110193662624255,-18.619701591169438],[-64.110253090999592,-18.619644226957043],[-64.110312519335125,-18.619586862727605],[-64.11037194763081,-18.619529498481157],[-64.110431375886606,-18.619472134217652],[-64.110490804102596,-18.619414769937141],[-64.110610400674361,-18.619414064212386]]]},"properties":{"FID":15,"Zona":"Palmarito","IDUH":17,"UH":"mc4 - Huertamayu","AreaHa":121.17655136}},{"type":"Feature","id":16,"geometry":{"type":"Polygon","coordinates":[[[-64.096664817763099,-18.608207096071865],[-64.096783676489494,-18.608092375980046],[-64.096843105792971,-18.608035015908548],[-64.096902535056628,-18.607977655820015],[-64.096961964280524,-18.607920295714447],[-64.097021393464559,-18.607862935591822],[-64.097080822608788,-18.607805575452161],[-64.097140251713213,-18.607748215295462],[-64.097199680777834,-18.607690855121717],[-64.097259109802664,-18.607633494930909],[-64.097318538787661,-18.607576134723079],[-64.097377967732868,-18.607518774498207],[-64.097437396638256,-18.607461414256296],[-64.097496825503839,-18.607404053997314],[-64.097556254329604,-18.607346693721315],[-64.097615683115578,-18.607289333428273],[-64.097675111861733,-18.607231973118164],[-64.097734540568069,-18.607174612791038],[-64.097793969234601,-18.607117252446873],[-64.097853397861343,-18.607059892085665],[-64.09791282644828,-18.607002531707391],[-64.097972254995412,-18.606945171312098],[-64.098031683502725,-18.606887810899767],[-64.098091111970191,-18.606830450470397],[-64.098150540397938,-18.60677309002396],[-64.098209968785824,-18.606715729560509],[-64.09826939713389,-18.606658369080012],[-64.098328825442181,-18.60660100858248],[-64.098388253710652,-18.606543648067881],[-64.098447681939319,-18.606486287536274],[-64.098567269964619,-18.606485589930255],[-64.098626698111019,-18.606428229345934],[-64.098686126217615,-18.606370868744552],[-64.098745554284406,-18.606313508126181],[-64.098804982311435,-18.606256147490729],[-64.098864410298589,-18.606198786838256],[-64.098863678425445,-18.606084763337847],[-64.098923106335675,-18.60602740266992],[-64.098982534206087,-18.60597004198495],[-64.099041962036722,-18.605912681282959],[-64.09910138982751,-18.605855320563904],[-64.09910065781105,-18.605741297068452],[-64.099160085524915,-18.605683936333968],[-64.099279672961131,-18.605683238304568],[-64.099339100592744,-18.605625877517369],[-64.099398528184537,-18.605568516713138],[-64.09945795573654,-18.605511155891886],[-64.099517383248724,-18.605453795053592],[-64.099576810721103,-18.605396434198237],[-64.099636238153707,-18.605339073325876],[-64.099695665546463,-18.605281712436472],[-64.099755092899457,-18.605224351530012],[-64.099814520212618,-18.605166990606545],[-64.099873947485975,-18.605109629666035],[-64.099993534492356,-18.605108931204132],[-64.100052961683488,-18.605051570210932],[-64.100112388834802,-18.604994209200672],[-64.100172548642092,-18.605050871637463],[-64.100232708489173,-18.605107534052607],[-64.100591469444566,-18.605105437756045],[-64.10065089642346,-18.605048076584552],[-64.100710323362478,-18.604990715395999],[-64.100769750261691,-18.604933354190443],[-64.100829177121142,-18.604875992967855],[-64.100888603940774,-18.604818631728236],[-64.100948030720573,-18.604761270471556],[-64.101187204154797,-18.604759872133116],[-64.101246630809925,-18.604702510788119],[-64.101306057425276,-18.604645149426091],[-64.101365484000766,-18.604587788047006],[-64.101424910536466,-18.604530426650911],[-64.101484337032375,-18.604473065237791],[-64.101543763488493,-18.604415703807636],[-64.101663349942882,-18.604415004310635],[-64.101722776316734,-18.604357642827772],[-64.101782202650782,-18.604300281327905],[-64.101901789014974,-18.604299581683694],[-64.101961215266783,-18.604242220131145],[-64.102020641478759,-18.604184858561563],[-64.102140227752727,-18.604184158770149],[-64.102199653882465,-18.604126797147881],[-64.102259079972384,-18.604069435508567],[-64.102318506022527,-18.604012073852246],[-64.102377932032852,-18.603954712178894],[-64.102437358003399,-18.603897350488516],[-64.102496783934143,-18.603839988781093],[-64.102556209825096,-18.603782627056649],[-64.102615635676216,-18.603725265315191],[-64.10267506148756,-18.603667903556698],[-64.102734487259099,-18.603610541781169],[-64.102793912990862,-18.603553179988616],[-64.102853338682777,-18.603495818179049],[-64.10291276433496,-18.603438456352432],[-64.102972189947295,-18.603381094508798],[-64.103031615519853,-18.60332373264815],[-64.103091041052579,-18.603266370770474],[-64.1031504665456,-18.603209008875744],[-64.103209891998759,-18.603151646964019],[-64.103269317412099,-18.603094285035262],[-64.103328742785664,-18.603036923089483],[-64.103388168119466,-18.602979561126649],[-64.103447593413406,-18.602922199146821],[-64.10356717874798,-18.60292149849522],[-64.103626603959697,-18.602864136462717],[-64.103686029131595,-18.602806774413189],[-64.103745454263745,-18.602749412346618],[-64.103804879356105,-18.602692050263041],[-64.103864304408617,-18.602634688162443],[-64.103923729421354,-18.602577326044791],[-64.1039831543943,-18.602519963910147],[-64.104042579327455,-18.602462601758475],[-64.10410200422082,-18.602405239589782],[-64.104101269020617,-18.602291216245],[-64.104160693837045,-18.602233854060881],[-64.104220118613668,-18.602176491859741],[-64.10421276616205,-18.601036258366634],[-64.104272190527595,-18.600978896164431],[-64.104331614853365,-18.600921533945229],[-64.104391039139315,-18.600864171709006],[-64.104450463385504,-18.60080680945574],[-64.104509887591874,-18.600749447185482],[-64.104569311758453,-18.600692084898196],[-64.104568576319821,-18.600578061550731],[-64.104628000409505,-18.600520699248026],[-64.104687424459371,-18.6004633369283],[-64.104686688951816,-18.60034931358263],[-64.104746112924786,-18.600291951247481],[-64.104805536857953,-18.600234588895319],[-64.104864960751328,-18.600177226526139],[-64.104924384604928,-18.600119864139909],[-64.104983808418737,-18.600062501736691],[-64.105043232192742,-18.600005139316451],[-64.10510265592697,-18.599947776879169],[-64.105162079621422,-18.599890414424891],[-64.105161343822203,-18.599776391090636],[-64.105220767439732,-18.599719028620921],[-64.105280191017485,-18.599661666134207],[-64.105275775888629,-18.598977526118244],[-64.105335199203836,-18.598920163624122],[-64.105394622479281,-18.598862801112979],[-64.105454045714922,-18.598805438584805],[-64.105513468910772,-18.598748076039623],[-64.105572892066846,-18.598690713477431],[-64.105632315183158,-18.598633350898226],[-64.105631579124292,-18.598519327566905],[-64.105691002163681,-18.59846196497228],[-64.105810584293323,-18.598461263058489],[-64.105870007250488,-18.59840390041122],[-64.105929430167834,-18.598346537746913],[-64.106049012207251,-18.598345835685983],[-64.106168594241296,-18.598345133549177],[-64.106228753480039,-18.598401794107698],[-64.106288912758558,-18.598458454644572],[-64.106408494861512,-18.598457752351404],[-64.106468654216911,-18.598514412826407],[-64.10652881361213,-18.598571073279782],[-64.10658897304711,-18.598627733711552],[-64.106649132521866,-18.598684394121676],[-64.106888297008723,-18.598682988985775],[-64.106948456597507,-18.598739649293776],[-64.107008616226096,-18.598796309580163],[-64.107247780840055,-18.598794903979776],[-64.107307940582629,-18.598851564164054],[-64.107368100365008,-18.598908224326681],[-64.107428260187191,-18.598964884467684],[-64.107488420049123,-18.59902154458706],[-64.107608002496548,-18.599020841512068],[-64.107668162435402,-18.599077501569578],[-64.107728322414047,-18.599134161605448],[-64.107788482432454,-18.59919082161969],[-64.107848642490652,-18.599247481612309],[-64.107908802588668,-18.599304141583282],[-64.107968962726446,-18.599360801532637],[-64.108029122904014,-18.599417461460348],[-64.10808928312133,-18.599474121366445],[-64.108149443378508,-18.599530781250902],[-64.108209603675448,-18.599587441113727],[-64.108269764012121,-18.599644100954919],[-64.108329924388656,-18.599700760774475],[-64.108390084804967,-18.599757420572423],[-64.108450245261039,-18.599814080348718],[-64.108510405756917,-18.599870740103377],[-64.108570566292585,-18.599927399836407],[-64.108630726868029,-18.599984059547829],[-64.108690887483263,-18.60004071923759],[-64.108751048138288,-18.600097378905723],[-64.108811208833103,-18.600154038552244],[-64.108871369567694,-18.600210698177104],[-64.108872107855191,-18.600324721362671],[-64.108932268672064,-18.600381380962911],[-64.108992429528698,-18.600438040541491],[-64.109052590425151,-18.600494700098441],[-64.10911275136138,-18.600551359633752],[-64.109172912337385,-18.600608019147451],[-64.109233073353181,-18.600664678639497],[-64.109293234408796,-18.600721338109906],[-64.109353395504186,-18.600777997558684],[-64.109413556639353,-18.600834656985846],[-64.109533140274493,-18.600833952622825],[-64.109593301486555,-18.600890611988078],[-64.109653462738436,-18.600947271331695],[-64.109713624030093,-18.601003930653693],[-64.109773785361568,-18.601060589954038],[-64.10983394673282,-18.601117249232743],[-64.109894108143848,-18.601173908489816],[-64.109954269594695,-18.601230567725263],[-64.110014431085318,-18.601287226939061],[-64.110074592615732,-18.601343886131218],[-64.110134754185921,-18.601400545301743],[-64.110194915795944,-18.601457204450647],[-64.110255077445743,-18.601513863577892],[-64.110374661520865,-18.601513158655909],[-64.110434823247573,-18.60156981772127],[-64.110494985014071,-18.601626476764981],[-64.110555146820346,-18.601683135787066],[-64.110615308666411,-18.601739794787512],[-64.110675470552309,-18.601796453766305],[-64.110735632477969,-18.601853112723479],[-64.110974801057552,-18.601851702168748],[-64.111034963097225,-18.601908361023725],[-64.111095125176718,-18.601965019857108],[-64.112888889953283,-18.601954429813006],[-64.112949052629276,-18.602011088020785],[-64.113009215345002,-18.60206774620692],[-64.113128799694721,-18.602067039516342],[-64.113188962487385,-18.602123697640589],[-64.113249125319811,-18.602180355743172],[-64.113309288192013,-18.602237013824112],[-64.113369451104063,-18.602293671883405],[-64.114086957980277,-18.602289429179866],[-64.114147121154758,-18.602346086975935],[-64.114207284369016,-18.602402744750332],[-64.114326868903817,-18.602402037286929],[-64.114387032194969,-18.602458694999413],[-64.114447195525912,-18.602515352690247],[-64.114507358896674,-18.602572010359463],[-64.11456752230724,-18.602628668007007],[-64.114627685757569,-18.602685325632898],[-64.114687849247701,-18.602741983237166],[-64.114748012777639,-18.602798640819763],[-64.114808176347381,-18.602855298380714],[-64.114868339956899,-18.60291195592001],[-64.114928503606222,-18.602968613437689],[-64.114988667295336,-18.603025270933689],[-64.115048831024268,-18.603081928408042],[-64.115108994792962,-18.603138585860741],[-64.115169158601461,-18.603195243291818],[-64.115229322449778,-18.60325190070122],[-64.115289486337872,-18.603308558088973],[-64.11534965026577,-18.603365215455085],[-64.115409814233431,-18.603421872799554],[-64.115469978240952,-18.603478530122356],[-64.115530142288236,-18.603535187423514],[-64.11559030637531,-18.603591844703026],[-64.115650470502189,-18.60364850196088],[-64.115710634668886,-18.603705159197073],[-64.11577079887536,-18.603761816411627],[-64.115830963121624,-18.603818473604537],[-64.115891127407693,-18.60387513077578],[-64.11595129173358,-18.603931787925376],[-64.116011456099216,-18.603988445053311],[-64.116131041667614,-18.603987736386408],[-64.116191206110216,-18.604044393452437],[-64.116251370592579,-18.604101050496801],[-64.116311535114747,-18.604157707519501],[-64.116371699676733,-18.604214364520551],[-64.116969628180001,-18.604210819242059],[-64.117089213864517,-18.604210109958647],[-64.117029792967315,-18.604267476020052],[-64.116970372030309,-18.604324842064482],[-64.116850786260827,-18.604325551276641],[-64.116791365241554,-18.604382917268428],[-64.116731944182447,-18.604440283243221],[-64.116672523083565,-18.604497649201015],[-64.116613101944864,-18.60455501514183],[-64.116553680766387,-18.604612381065628],[-64.116494259548105,-18.604669746972419],[-64.116434838290019,-18.604727112862239],[-64.116375416992142,-18.604784478735038],[-64.116315995654446,-18.60484184459083],[-64.11625657427696,-18.604899210429625],[-64.116197152859669,-18.604956576251446],[-64.11613773140256,-18.605013942056242],[-64.116078309905674,-18.605071307844035],[-64.11601888836897,-18.605128673614828],[-64.115959466792503,-18.605186039368647],[-64.11590004517619,-18.605243405105437],[-64.1158406235201,-18.605300770825224],[-64.115841366665364,-18.60541479367852],[-64.115781944932351,-18.605472159382924],[-64.115722523159562,-18.605529525070342],[-64.115724009317788,-18.605757570779161],[-64.115664587430899,-18.60581493645283],[-64.115605165504263,-18.605872302109471],[-64.115545743537851,-18.605929667749127],[-64.11548632153162,-18.605987033371768],[-64.115426899485499,-18.606044398977424],[-64.115367477399673,-18.606101764566066],[-64.115308055274028,-18.606159130137698],[-64.115248633108578,-18.60621649569234],[-64.115189210903296,-18.606273861229948],[-64.115129788658251,-18.606331226750594],[-64.115070366373374,-18.606388592254209],[-64.113515731203648,-18.606397791392208],[-64.113456308326604,-18.606455156415606],[-64.113396885409713,-18.606512521422029],[-64.113337462453003,-18.606569886411418],[-64.113278039456532,-18.606627251383792],[-64.1131584519282,-18.606627958335903],[-64.113099028849405,-18.606685323255643],[-64.113039605730833,-18.606742688158395],[-64.112920018112121,-18.606743394963328],[-64.11286059491124,-18.606800759813414],[-64.112801171670554,-18.606858124646486],[-64.11274174839005,-18.606915489462555],[-64.112682325069741,-18.606972854261631],[-64.112622901709628,-18.607030219043676],[-64.112563478309724,-18.60708758380871],[-64.112504054869987,-18.607144948556734],[-64.112444631390446,-18.607202313287775],[-64.112385207871114,-18.607259678001775],[-64.112325784311949,-18.607317042698767],[-64.112266360712979,-18.607374407378774],[-64.112267101566701,-18.607488430346038],[-64.112207677890808,-18.607545795010623],[-64.112148254175125,-18.607603159658222],[-64.112148994959952,-18.607717182627312],[-64.112089571167331,-18.607774547259496],[-64.112030147334877,-18.607831911874673],[-64.111970723462647,-18.607889276472825],[-64.111911299550599,-18.607946641053971],[-64.111851875598731,-18.608004005618113],[-64.111792451607073,-18.608061370165224],[-64.111733027575582,-18.608118734695324],[-64.111673603504286,-18.608176099208418],[-64.111614179393186,-18.608233463704508],[-64.111554755242281,-18.608290828183563],[-64.111495331051557,-18.608348192645614],[-64.111435906821015,-18.608405557090645],[-64.11137648255071,-18.608462921518679],[-64.111317058240544,-18.608520285929686],[-64.111257633890588,-18.608577650323674],[-64.110779277966415,-18.608580472829804],[-64.110719113534387,-18.608523814050766],[-64.110658949142149,-18.608467155250079],[-64.11059878478973,-18.608410496427734],[-64.110538620477158,-18.60835383758376],[-64.11041903163121,-18.608354542859399],[-64.110358867395547,-18.608297883953497],[-64.110298703199717,-18.60824122502596],[-64.110238539043664,-18.608184566076758],[-64.110178374927415,-18.608127907105921],[-64.107906188659925,-18.608141289858331],[-64.107846025289092,-18.608084630100727],[-64.107785861958021,-18.608027970321487],[-64.107187918253928,-18.608031487140799],[-64.10712775514834,-18.60797482713857],[-64.107067592082586,-18.607918167114708],[-64.106828414712083,-18.607919573149957],[-64.106768251760414,-18.607862913023936],[-64.106708088848563,-18.607806252876262],[-64.105751379747375,-18.607811873336431],[-64.105691953663339,-18.607869236062385],[-64.105632527539427,-18.607926598771293],[-64.105154172521011,-18.607929406894193],[-64.105094010089317,-18.607872746204485],[-64.105033847697442,-18.60781608549313],[-64.104555492890839,-18.607818892079294],[-64.104495330687328,-18.607762231185273],[-64.104435168523622,-18.607705570269623],[-64.104315579882922,-18.607706271645856],[-64.104255417796182,-18.607649610668314],[-64.104195255749246,-18.607592949669119],[-64.103118958412026,-18.607599257914416],[-64.103059531467892,-18.607656619852762],[-64.103000104483925,-18.607713981774054],[-64.102402160907843,-18.607717483341187],[-64.102341999415444,-18.607660821719531],[-64.102281837962877,-18.607604160076217],[-64.099890063815764,-18.607618145755886],[-64.099830635725041,-18.607675506731383],[-64.0997712075945,-18.607732867689815],[-64.098814496661774,-18.607738452888587],[-64.098755068151718,-18.607795813544652],[-64.098695639601871,-18.607853174183681],[-64.098636211012234,-18.607910534805683],[-64.098576782382793,-18.607967895410628],[-64.09726130242818,-18.607975565556341],[-64.097201873291866,-18.608032925751889],[-64.097142444115761,-18.608090285930398],[-64.097083014899852,-18.608147646091844],[-64.097023585644124,-18.608205006236251],[-64.096784407062074,-18.608206399535913],[-64.096664817763099,-18.608207096071865]]]},"properties":{"FID":16,"Zona":"Palmarito","IDUH":15,"UH":"mc2 - Palmarito1","AreaHa":113.74693706799999}}]
}